#
# There is insufficient memory for the Java Runtime Environment to continue.
# Native memory allocation (malloc) failed to allocate 22536 bytes for AllocateHeap
# Possible reasons:
#   The system is out of physical RAM or swap space
#   The process is running with CompressedOops enabled, and the Java Heap may be blocking the growth of the native heap
# Possible solutions:
#   Reduce memory load on the system
#   Increase physical memory or swap space
#   Check if swap backing store is full
#   Decrease Java heap size (-Xmx/-Xms)
#   Decrease number of Java threads
#   Decrease Java thread stack sizes (-Xss)
#   Set larger code cache with -XX:ReservedCodeCacheSize=
#   JVM is running with Zero Based Compressed Oops mode in which the Java heap is
#     placed in the first 32GB address space. The Java Heap base address is the
#     maximum limit for the native heap growth. Please use -XX:HeapBaseMinAddress
#     to set the Java Heap base and to place the Java Heap above 32GB virtual address.
# This output file may be truncated or incomplete.
#
#  Out of Memory Error (memory/allocation.inline.hpp:61), pid=14908, tid=0x000000000018c7c0
#
# JRE version: Java(TM) SE Runtime Environment (8.0_441) (build 1.8.0_441-b07)
# Java VM: Java HotSpot(TM) 64-Bit Server VM (25.441-b07 mixed mode windows-amd64 compressed oops)
# Failed to write core dump. Minidumps are not enabled by default on client versions of Windows
#

---------------  T H R E A D  ---------------

Current thread (0x000002eefb71c000):  JavaThread "Timer-120380" [_thread_in_vm, id=1624000, stack(0x0000010f94600000,0x0000010f94700000)]

Stack: [0x0000010f94600000,0x0000010f94700000]
Native frames: (J=compiled Java code, j=interpreted, Vv=VM code, C=native code)
V  [jvm.dll+0x34ba99]
V  [jvm.dll+0x288e12]
V  [jvm.dll+0x2899e0]
V  [jvm.dll+0x27dc65]
V  [jvm.dll+0x245749]
V  [jvm.dll+0x244d20]
V  [jvm.dll+0x2460f9]
V  [jvm.dll+0x1a3583]
C  0x000002ee88b69794

Java frames: (J=compiled Java code, j=interpreted, Vv=VM code)
J 344  java.lang.Object.wait(J)V (0 bytes) @ 0x000002ee88b696fb [0x000002ee88b696c0+0x3b]
J 534 C2 java.util.TimerThread.run()V (74 bytes) @ 0x000002ee88c069b4 [0x000002ee88c065c0+0x3f4]
v  ~StubRoutines::call_stub

---------------  P R O C E S S  ---------------

Java Threads: ( => current thread )
  0x000002eefca5c000 JavaThread "Timer-120489" [_thread_new, id=1624560, stack(0x0000000000000000,0x0000000000000000)]
  0x000002eefca58800 JavaThread "Timer-120488" [_thread_new, id=1624556, stack(0x0000000000000000,0x0000000000000000)]
  0x000002eefca5a000 JavaThread "Timer-120487" [_thread_new, id=1624552, stack(0x0000000000000000,0x0000000000000000)]
  0x000002eefc426000 JavaThread "Timer-120486" [_thread_blocked, id=1624548, stack(0x0000010f9b000000,0x0000010f9b100000)]
  0x000002eefc42a000 JavaThread "Timer-120485" [_thread_blocked, id=1624544, stack(0x0000010f9af00000,0x0000010f9b000000)]
  0x000002eefc428000 JavaThread "Timer-120484" [_thread_blocked, id=1624540, stack(0x0000010f9ae00000,0x0000010f9af00000)]
  0x000002eefc425800 JavaThread "Timer-120483" [_thread_blocked, id=1624536, stack(0x0000010f9ad00000,0x0000010f9ae00000)]
  0x000002eefc42b000 JavaThread "Timer-120482" [_thread_blocked, id=1624532, stack(0x0000010f9ac00000,0x0000010f9ad00000)]
  0x000002eefc41e000 JavaThread "Timer-120481" [_thread_blocked, id=1624528, stack(0x0000010f9ab00000,0x0000010f9ac00000)]
  0x000002eefc424800 JavaThread "Timer-120480" [_thread_blocked, id=1624524, stack(0x0000010f9aa00000,0x0000010f9ab00000)]
  0x000002eefc424000 JavaThread "Timer-120479" [_thread_blocked, id=1624520, stack(0x0000010f9a900000,0x0000010f9aa00000)]
  0x000002eefc423000 JavaThread "Timer-120478" [_thread_blocked, id=1624516, stack(0x0000010f9a800000,0x0000010f9a900000)]
  0x000002eefc421800 JavaThread "Timer-120477" [_thread_new, id=1624512, stack(0x0000000000000000,0x0000000000000000)]
  0x000002eefc41f800 JavaThread "Timer-120476" [_thread_blocked, id=1624508, stack(0x0000010f9a600000,0x0000010f9a700000)]
  0x000002eefc41b800 JavaThread "Timer-120475" [_thread_blocked, id=1624504, stack(0x0000010f9a500000,0x0000010f9a600000)]
  0x000002eefc422800 JavaThread "Timer-120474" [_thread_blocked, id=1624500, stack(0x0000010f9a400000,0x0000010f9a500000)]
  0x000002eefc421000 JavaThread "Timer-120473" [_thread_blocked, id=1624488, stack(0x0000010f9a300000,0x0000010f9a400000)]
  0x000002eefc41c800 JavaThread "Timer-120472" [_thread_blocked, id=1624484, stack(0x0000010f9a200000,0x0000010f9a300000)]
  0x000002eefc41b000 JavaThread "Timer-120471" [_thread_blocked, id=1624480, stack(0x0000010f9a100000,0x0000010f9a200000)]
  0x000002eefc420000 JavaThread "Timer-120470" [_thread_blocked, id=1624476, stack(0x0000010f9a000000,0x0000010f9a100000)]
  0x000002eefc41d000 JavaThread "Timer-120469" [_thread_blocked, id=1624472, stack(0x0000010f99f00000,0x0000010f9a000000)]
  0x000002eefc41e800 JavaThread "Timer-120468" [_thread_blocked, id=1624468, stack(0x0000010f99e00000,0x0000010f99f00000)]
  0x000002eefc413800 JavaThread "Timer-120467" [_thread_blocked, id=1624464, stack(0x0000010f99d00000,0x0000010f99e00000)]
  0x000002eefc41a000 JavaThread "Timer-120466" [_thread_blocked, id=1624460, stack(0x0000010f99c00000,0x0000010f99d00000)]
  0x000002eefc418800 JavaThread "Timer-120465" [_thread_blocked, id=1624456, stack(0x0000010f99b00000,0x0000010f99c00000)]
  0x000002eefc419800 JavaThread "Timer-120464" [_thread_blocked, id=1624452, stack(0x0000010f99a00000,0x0000010f99b00000)]
  0x000002eefc9ac000 JavaThread "Timer-120463" [_thread_blocked, id=1624448, stack(0x0000010f99900000,0x0000010f99a00000)]
  0x000002eefc9a9800 JavaThread "Timer-120462" [_thread_blocked, id=1624444, stack(0x0000010f99800000,0x0000010f99900000)]
  0x000002eefc418000 JavaThread "Timer-120461" [_thread_blocked, id=1624416, stack(0x0000010f99700000,0x0000010f99800000)]
  0x000002eefc416800 JavaThread "Timer-120460" [_thread_blocked, id=1624412, stack(0x0000010f99600000,0x0000010f99700000)]
  0x000002eefc417000 JavaThread "Timer-120459" [_thread_blocked, id=1624408, stack(0x0000010f99500000,0x0000010f99600000)]
  0x000002eefc40f000 JavaThread "Timer-120458" [_thread_blocked, id=1624404, stack(0x0000010f99400000,0x0000010f99500000)]
  0x000002eefc412000 JavaThread "Timer-120457" [_thread_blocked, id=1624400, stack(0x0000010f99300000,0x0000010f99400000)]
  0x000002eefc415800 JavaThread "Timer-120456" [_thread_blocked, id=1624396, stack(0x0000010f99200000,0x0000010f99300000)]
  0x000002eefc412800 JavaThread "Timer-120455" [_thread_blocked, id=1624392, stack(0x0000010f99100000,0x0000010f99200000)]
  0x000002eefc415000 JavaThread "Timer-120454" [_thread_blocked, id=1624388, stack(0x0000010f99000000,0x0000010f99100000)]
  0x000002eefc411000 JavaThread "Timer-120453" [_thread_blocked, id=1624384, stack(0x0000010f98f00000,0x0000010f99000000)]
  0x000002eefc40d800 JavaThread "Timer-120452" [_thread_blocked, id=1624380, stack(0x0000010f98e00000,0x0000010f98f00000)]
  0x000002eefc40e000 JavaThread "Timer-120451" [_thread_blocked, id=1624376, stack(0x0000010f98d00000,0x0000010f98e00000)]
  0x000002eefc414000 JavaThread "Timer-120450" [_thread_blocked, id=1624360, stack(0x0000010f98c00000,0x0000010f98d00000)]
  0x000002eefc410800 JavaThread "Timer-120449" [_thread_blocked, id=1624356, stack(0x0000010f98b00000,0x0000010f98c00000)]
  0x000002eefc40f800 JavaThread "Timer-120448" [_thread_blocked, id=1624352, stack(0x0000010f98a00000,0x0000010f98b00000)]
  0x000002eefc406000 JavaThread "Timer-120447" [_thread_blocked, id=1624348, stack(0x0000010f98900000,0x0000010f98a00000)]
  0x000002eefc407800 JavaThread "Timer-120446" [_thread_blocked, id=1624344, stack(0x0000010f98800000,0x0000010f98900000)]
  0x000002eefc409800 JavaThread "Timer-120445" [_thread_blocked, id=1624340, stack(0x0000010f98700000,0x0000010f98800000)]
  0x000002eefc406800 JavaThread "Timer-120444" [_thread_blocked, id=1624336, stack(0x0000010f98600000,0x0000010f98700000)]
  0x000002eefc40c800 JavaThread "Timer-120443" [_thread_blocked, id=1624332, stack(0x0000010f98500000,0x0000010f98600000)]
  0x000002eefc408000 JavaThread "Timer-120442" [_thread_blocked, id=1624328, stack(0x0000010f98400000,0x0000010f98500000)]
  0x000002eefcca3800 JavaThread "Timer-120441" [_thread_blocked, id=1624324, stack(0x0000010f98300000,0x0000010f98400000)]
  0x000002eefcca1000 JavaThread "Timer-120440" [_thread_blocked, id=1624320, stack(0x0000010f98200000,0x0000010f98300000)]
  0x000002eefcca5800 JavaThread "Timer-120439" [_thread_blocked, id=1624316, stack(0x0000010f98100000,0x0000010f98200000)]
  0x000002eefcca7000 JavaThread "Timer-120438" [_thread_blocked, id=1624312, stack(0x0000010f98000000,0x0000010f98100000)]
  0x000002eefcca5000 JavaThread "Timer-120437" [_thread_blocked, id=1624308, stack(0x0000010f97f00000,0x0000010f98000000)]
  0x000002eefcc99800 JavaThread "Timer-120436" [_thread_blocked, id=1624304, stack(0x0000010f97e00000,0x0000010f97f00000)]
  0x000002eefcca0800 JavaThread "Timer-120435" [_thread_blocked, id=1624300, stack(0x0000010f97d00000,0x0000010f97e00000)]
  0x000002eefcc9f800 JavaThread "Timer-120434" [_thread_blocked, id=1624292, stack(0x0000010f97c00000,0x0000010f97d00000)]
  0x000002eefcc98000 JavaThread "Timer-120433" [_thread_blocked, id=1624288, stack(0x0000010f97b00000,0x0000010f97c00000)]
  0x000002eefcc9c000 JavaThread "Timer-120432" [_thread_blocked, id=1624284, stack(0x0000010f97a00000,0x0000010f97b00000)]
  0x000002eefcc9a800 JavaThread "Timer-120431" [_thread_blocked, id=1624280, stack(0x0000010f97900000,0x0000010f97a00000)]
  0x000002eefcc9e000 JavaThread "Timer-120430" [_thread_blocked, id=1624276, stack(0x0000010f97800000,0x0000010f97900000)]
  0x000002eefcc9b000 JavaThread "Timer-120429" [_thread_blocked, id=1624272, stack(0x0000010f97700000,0x0000010f97800000)]
  0x000002eefcc9f000 JavaThread "Timer-120428" [_thread_blocked, id=1624268, stack(0x0000010f97600000,0x0000010f97700000)]
  0x000002eefcc9d800 JavaThread "Timer-120427" [_thread_blocked, id=1624264, stack(0x0000010f97500000,0x0000010f97600000)]
  0x000002eefcc99000 JavaThread "Timer-120426" [_thread_blocked, id=1624260, stack(0x0000010f97400000,0x0000010f97500000)]
  0x000002eefcc97800 JavaThread "Timer-120425" [_thread_blocked, id=1624256, stack(0x0000010f97300000,0x0000010f97400000)]
  0x000002eefcc9c800 JavaThread "Timer-120424" [_thread_blocked, id=1624252, stack(0x0000010f97200000,0x0000010f97300000)]
  0x000002eefb730800 JavaThread "Timer-120423" [_thread_blocked, id=1624248, stack(0x0000010f97100000,0x0000010f97200000)]
  0x000002eefb72c800 JavaThread "Timer-120422" [_thread_blocked, id=1624244, stack(0x0000010f97000000,0x0000010f97100000)]
  0x000002eefb72c000 JavaThread "Timer-120421" [_thread_blocked, id=1624240, stack(0x0000010f96f00000,0x0000010f97000000)]
  0x000002eefb72b000 JavaThread "Timer-120420" [_thread_blocked, id=1624236, stack(0x0000010f96e00000,0x0000010f96f00000)]
  0x000002eefb72f800 JavaThread "Timer-120419" [_thread_blocked, id=1624232, stack(0x0000010f96d00000,0x0000010f96e00000)]
  0x000002eefb72f000 JavaThread "Timer-120418" [_thread_blocked, id=1624228, stack(0x0000010f96c00000,0x0000010f96d00000)]
  0x000002eefb72e000 JavaThread "Timer-120417" [_thread_blocked, id=1624224, stack(0x0000010f96b00000,0x0000010f96c00000)]
  0x000002eefb72d800 JavaThread "Timer-120416" [_thread_blocked, id=1624216, stack(0x0000010f96a00000,0x0000010f96b00000)]
  0x000002eefb72a800 JavaThread "Timer-120415" [_thread_blocked, id=1624212, stack(0x0000010f96900000,0x0000010f96a00000)]
  0x000002eefb723000 JavaThread "Timer-120414" [_thread_blocked, id=1624208, stack(0x0000010f96800000,0x0000010f96900000)]
  0x000002eefb729800 JavaThread "Timer-120413" [_thread_blocked, id=1624204, stack(0x0000010f96700000,0x0000010f96800000)]
  0x000002eefb729000 JavaThread "Timer-120412" [_thread_blocked, id=1624200, stack(0x0000010f96600000,0x0000010f96700000)]
  0x000002eefb721800 JavaThread "Timer-120411" [_thread_blocked, id=1624196, stack(0x0000010f96500000,0x0000010f96600000)]
  0x000002eefb725000 JavaThread "Timer-120410" [_thread_blocked, id=1624192, stack(0x0000010f96400000,0x0000010f96500000)]
  0x000002eefb723800 JavaThread "Timer-120409" [_thread_blocked, id=1624188, stack(0x0000010f96300000,0x0000010f96400000)]
  0x000002eefb728000 JavaThread "Timer-120408" [_thread_blocked, id=1624168, stack(0x0000010f96200000,0x0000010f96300000)]
  0x000002eefb720800 JavaThread "Timer-120407" [_thread_blocked, id=1624160, stack(0x0000010f96100000,0x0000010f96200000)]
  0x000002eefc9a4800 JavaThread "Timer-120406" [_thread_blocked, id=1624152, stack(0x0000010f96000000,0x0000010f96100000)]
  0x000002eefc9ab000 JavaThread "Timer-120405" [_thread_blocked, id=1624148, stack(0x0000010f95f00000,0x0000010f96000000)]
  0x000002eefc9a3800 JavaThread "Timer-120404" [_thread_blocked, id=1624132, stack(0x0000010f95e00000,0x0000010f95f00000)]
  0x000002eefc9a8000 JavaThread "Timer-120403" [_thread_blocked, id=1624120, stack(0x0000010f95d00000,0x0000010f95e00000)]
  0x000002eefc9aa800 JavaThread "Timer-120402" [_thread_blocked, id=1624116, stack(0x0000010f95c00000,0x0000010f95d00000)]
  0x000002eefc9a9000 JavaThread "Timer-120401" [_thread_blocked, id=1624112, stack(0x0000010f95b00000,0x0000010f95c00000)]
  0x000002eefc9a6800 JavaThread "Timer-120400" [_thread_blocked, id=1624104, stack(0x0000010f95a00000,0x0000010f95b00000)]
  0x000002eefc99c000 JavaThread "Timer-120399" [_thread_blocked, id=1624100, stack(0x0000010f95900000,0x0000010f95a00000)]
  0x000002eefc9a2000 JavaThread "Timer-120398" [_thread_blocked, id=1624096, stack(0x0000010f95800000,0x0000010f95900000)]
  0x000002eefc9a3000 JavaThread "Timer-120397" [_thread_blocked, id=1624092, stack(0x0000010f95700000,0x0000010f95800000)]
  0x000002eefc99a800 JavaThread "Timer-120396" [_thread_blocked, id=1624088, stack(0x0000010f95600000,0x0000010f95700000)]
  0x000002eefc9a1800 JavaThread "Timer-120395" [_thread_blocked, id=1624080, stack(0x0000010f95500000,0x0000010f95600000)]
  0x000002eefc99a000 JavaThread "Timer-120394" [_thread_blocked, id=1624076, stack(0x0000010f95400000,0x0000010f95500000)]
  0x000002eefc9a0800 JavaThread "Timer-120393" [_thread_blocked, id=1624072, stack(0x0000010f95300000,0x0000010f95400000)]
  0x000002eefb727800 JavaThread "Timer-120392" [_thread_blocked, id=1624068, stack(0x0000010f95200000,0x0000010f95300000)]
  0x000002eefb724800 JavaThread "Timer-120391" [_thread_blocked, id=1554636, stack(0x0000010f95100000,0x0000010f95200000)]
  0x000002eefb726800 JavaThread "Timer-120390" [_thread_blocked, id=1623548, stack(0x0000010f95000000,0x0000010f95100000)]
  0x000002eefb722000 JavaThread "Timer-120389" [_thread_blocked, id=1624056, stack(0x0000010f94f00000,0x0000010f95000000)]
  0x000002eefb726000 JavaThread "Timer-120388" [_thread_blocked, id=1624052, stack(0x0000010f94e00000,0x0000010f94f00000)]
  0x000002eefb71b000 JavaThread "Timer-120387" [_thread_blocked, id=1624044, stack(0x0000010f94d00000,0x0000010f94e00000)]
  0x000002eefb71f000 JavaThread "Timer-120386" [_thread_blocked, id=1624040, stack(0x0000010f94c00000,0x0000010f94d00000)]
  0x000002eefb719800 JavaThread "Timer-120385" [_thread_blocked, id=1624036, stack(0x0000010f94b00000,0x0000010f94c00000)]
  0x000002eefb71e800 JavaThread "Timer-120384" [_thread_blocked, id=1624024, stack(0x0000010f94a00000,0x0000010f94b00000)]
  0x000002eefb720000 JavaThread "Timer-120383" [_thread_blocked, id=1624020, stack(0x0000010f94900000,0x0000010f94a00000)]
  0x000002eefb71d800 JavaThread "Timer-120382" [_thread_blocked, id=1624016, stack(0x0000010f94800000,0x0000010f94900000)]
  0x000002eefb71d000 JavaThread "Timer-120381" [_thread_blocked, id=1624004, stack(0x0000010f94700000,0x0000010f94800000)]
=>0x000002eefb71c000 JavaThread "Timer-120380" [_thread_in_vm, id=1624000, stack(0x0000010f94600000,0x0000010f94700000)]
  0x000002eefb717800 JavaThread "Timer-120379" [_thread_blocked, id=1623996, stack(0x0000010f94500000,0x0000010f94600000)]
  0x000002eefb719000 JavaThread "Timer-120378" [_thread_in_vm, id=1623992, stack(0x0000010f94400000,0x0000010f94500000)]
  0x000002eefc853000 JavaThread "Timer-120377" [_thread_blocked, id=1623964, stack(0x0000010f94300000,0x0000010f94400000)]
  0x000002eefc852800 JavaThread "Timer-120376" [_thread_blocked, id=1623960, stack(0x0000010f94200000,0x0000010f94300000)]
  0x000002eefc855800 JavaThread "Timer-120375" [_thread_blocked, id=1623948, stack(0x0000010f94100000,0x0000010f94200000)]
  0x000002eefc84d000 JavaThread "Timer-120374" [_thread_blocked, id=1623944, stack(0x0000010f94000000,0x0000010f94100000)]
  0x000002eefc851000 JavaThread "Timer-120373" [_thread_blocked, id=1623940, stack(0x0000010f93f00000,0x0000010f94000000)]
  0x000002eefc854000 JavaThread "Timer-120372" [_thread_blocked, id=1623936, stack(0x0000010f93e00000,0x0000010f93f00000)]
  0x000002eefc84e800 JavaThread "Timer-120371" [_thread_blocked, id=1623932, stack(0x0000010f93d00000,0x0000010f93e00000)]
  0x000002eefc850000 JavaThread "Timer-120370" [_thread_blocked, id=1623928, stack(0x0000010f93c00000,0x0000010f93d00000)]
  0x000002eefc851800 JavaThread "Timer-120369" [_thread_blocked, id=1623924, stack(0x0000010f93b00000,0x0000010f93c00000)]
  0x000002eefc84e000 JavaThread "Timer-120368" [_thread_blocked, id=1623920, stack(0x0000010f93a00000,0x0000010f93b00000)]
  0x000002eefc84c800 JavaThread "Timer-120367" [_thread_blocked, id=1623916, stack(0x0000010f93900000,0x0000010f93a00000)]
  0x000002eefc845000 JavaThread "Timer-120366" [_thread_blocked, id=1623912, stack(0x0000010f93800000,0x0000010f93900000)]
  0x000002eefc84b800 JavaThread "Timer-120365" [_thread_blocked, id=1623908, stack(0x0000010f93700000,0x0000010f93800000)]
  0x000002eefc84b000 JavaThread "Timer-120364" [_thread_blocked, id=1623904, stack(0x0000010f93600000,0x0000010f93700000)]
  0x000002eefc844000 JavaThread "Timer-120363" [_thread_blocked, id=1623900, stack(0x0000010f93500000,0x0000010f93600000)]
  0x000002eefc849800 JavaThread "Timer-120362" [_thread_blocked, id=1623892, stack(0x0000010f93400000,0x0000010f93500000)]
  0x000002eefc848800 JavaThread "Timer-120361" [_thread_blocked, id=1623872, stack(0x0000010f93300000,0x0000010f93400000)]
  0x000002eefc846800 JavaThread "Timer-120360" [_thread_blocked, id=1623868, stack(0x0000010f93200000,0x0000010f93300000)]
  0x000002eefc84a000 JavaThread "Timer-120359" [_thread_blocked, id=1623864, stack(0x0000010f93100000,0x0000010f93200000)]
  0x000002eefc842000 JavaThread "Timer-120358" [_thread_blocked, id=1623856, stack(0x0000010f93000000,0x0000010f93100000)]
  0x000002eefc845800 JavaThread "Timer-120357" [_thread_blocked, id=1623828, stack(0x0000010f92f00000,0x0000010f93000000)]
  0x000002eefc843800 JavaThread "Timer-120356" [_thread_blocked, id=1623820, stack(0x0000010f92e00000,0x0000010f92f00000)]
  0x000002eefc848000 JavaThread "Timer-120355" [_thread_blocked, id=1623816, stack(0x0000010f92d00000,0x0000010f92e00000)]
  0x000002eefc842800 JavaThread "Timer-120354" [_thread_blocked, id=1623812, stack(0x0000010f92c00000,0x0000010f92d00000)]
  0x000002eefc847000 JavaThread "Timer-120353" [_thread_blocked, id=1623780, stack(0x0000010f92b00000,0x0000010f92c00000)]
  0x000002eefc841000 JavaThread "Timer-120352" [_thread_blocked, id=1623776, stack(0x0000010f92a00000,0x0000010f92b00000)]
  0x000002eefc839800 JavaThread "Timer-120351" [_thread_blocked, id=1623772, stack(0x0000010f92900000,0x0000010f92a00000)]
  0x000002eefc83f800 JavaThread "Timer-120350" [_thread_blocked, id=1623768, stack(0x0000010f92800000,0x0000010f92900000)]
  0x000002eefc83e000 JavaThread "Timer-120349" [_thread_blocked, id=1623764, stack(0x0000010f92700000,0x0000010f92800000)]
  0x000002eefc840800 JavaThread "Timer-120348" [_thread_blocked, id=1623760, stack(0x0000010f92600000,0x0000010f92700000)]
  0x000002eefc83f000 JavaThread "Timer-120347" [_thread_blocked, id=1623756, stack(0x0000010f92500000,0x0000010f92600000)]
  0x000002eefc83d800 JavaThread "Timer-120346" [_thread_blocked, id=1623752, stack(0x0000010f92400000,0x0000010f92500000)]
  0x000002eefc836000 JavaThread "Timer-120345" [_thread_blocked, id=1623748, stack(0x0000010f92300000,0x0000010f92400000)]
  0x000002eefca5d000 JavaThread "Timer-120344" [_thread_blocked, id=1623736, stack(0x0000010f92200000,0x0000010f92300000)]
  0x000002eefca5b800 JavaThread "Timer-120343" [_thread_blocked, id=1623728, stack(0x0000010f92100000,0x0000010f92200000)]
  0x000002eefca4e800 JavaThread "Timer-120342" [_thread_blocked, id=1623724, stack(0x0000010f92000000,0x0000010f92100000)]
  0x000002eefca51800 JavaThread "Timer-120341" [_thread_blocked, id=1623712, stack(0x0000010f91f00000,0x0000010f92000000)]
  0x000002eefca52800 JavaThread "Timer-120340" [_thread_blocked, id=1623708, stack(0x0000010f91e00000,0x0000010f91f00000)]
  0x000002eefca55800 JavaThread "Timer-120339" [_thread_blocked, id=1623692, stack(0x0000010f91d00000,0x0000010f91e00000)]
  0x000002eefca4e000 JavaThread "Timer-120338" [_thread_blocked, id=1623680, stack(0x0000010f91c00000,0x0000010f91d00000)]
  0x000002eefca54800 JavaThread "Timer-120337" [_thread_blocked, id=1623668, stack(0x0000010f91b00000,0x0000010f91c00000)]
  0x000002eefca54000 JavaThread "Timer-120336" [_thread_blocked, id=1623656, stack(0x0000010f91a00000,0x0000010f91b00000)]
  0x000002eefca51000 JavaThread "Timer-120335" [_thread_blocked, id=1623652, stack(0x0000010f91900000,0x0000010f91a00000)]
  0x000002eefca53000 JavaThread "Timer-120334" [_thread_blocked, id=1623648, stack(0x0000010f91800000,0x0000010f91900000)]
  0x000002eefca50000 JavaThread "Timer-120333" [_thread_blocked, id=1623640, stack(0x0000010f91700000,0x0000010f91800000)]
  0x000002eefca49800 JavaThread "Timer-120332" [_thread_blocked, id=1623636, stack(0x0000010f91600000,0x0000010f91700000)]
  0x000002eefca4f800 JavaThread "Timer-120331" [_thread_blocked, id=1623632, stack(0x0000010f91500000,0x0000010f91600000)]
  0x000002eefca4d000 JavaThread "Timer-120330" [_thread_blocked, id=1623608, stack(0x0000010f91400000,0x0000010f91500000)]
  0x000002eefca4b800 JavaThread "Timer-120329" [_thread_blocked, id=1623544, stack(0x0000010f91300000,0x0000010f91400000)]
  0x000002eefca4c800 JavaThread "Timer-120328" [_thread_blocked, id=1623536, stack(0x0000010f91200000,0x0000010f91300000)]
  0x000002eefca4a000 JavaThread "Timer-120327" [_thread_blocked, id=1623524, stack(0x0000010f91100000,0x0000010f91200000)]
  0x000002eefca4b000 JavaThread "Timer-120326" [_thread_blocked, id=1623520, stack(0x0000010f91000000,0x0000010f91100000)]
  0x000002eefc564000 JavaThread "Timer-120325" [_thread_blocked, id=1623512, stack(0x0000010f90f00000,0x0000010f91000000)]
  0x000002eefc56a000 JavaThread "Timer-120324" [_thread_blocked, id=1623508, stack(0x0000010f90e00000,0x0000010f90f00000)]
  0x000002eefc562800 JavaThread "Timer-120323" [_thread_blocked, id=1623504, stack(0x0000010f90d00000,0x0000010f90e00000)]
  0x000002eefc563000 JavaThread "Timer-120322" [_thread_blocked, id=1623500, stack(0x0000010f90c00000,0x0000010f90d00000)]
  0x000002eefc40c000 JavaThread "Timer-120321" [_thread_blocked, id=1623496, stack(0x0000010f90b00000,0x0000010f90c00000)]
  0x000002eefc405000 JavaThread "Timer-120320" [_thread_blocked, id=1623492, stack(0x0000010f90a00000,0x0000010f90b00000)]
  0x000002eefc404800 JavaThread "Timer-120319" [_thread_blocked, id=1623488, stack(0x0000010f90900000,0x0000010f90a00000)]
  0x000002eefc409000 JavaThread "Timer-120318" [_thread_blocked, id=1623484, stack(0x0000010f90800000,0x0000010f90900000)]
  0x000002eefc40a800 JavaThread "Timer-120317" [_thread_blocked, id=1623472, stack(0x0000010f90700000,0x0000010f90800000)]
  0x000002eefc40b000 JavaThread "Timer-120316" [_thread_blocked, id=1623464, stack(0x0000010f90600000,0x0000010f90700000)]
  0x000002eefc3fd000 JavaThread "Timer-120315" [_thread_blocked, id=1623460, stack(0x0000010f90500000,0x0000010f90600000)]
  0x000002eefc403800 JavaThread "Timer-120314" [_thread_blocked, id=1623456, stack(0x0000010f90400000,0x0000010f90500000)]
  0x000002eefc3fc000 JavaThread "Timer-120313" [_thread_blocked, id=1623444, stack(0x0000010f90300000,0x0000010f90400000)]
  0x000002eefc403000 JavaThread "Timer-120312" [_thread_blocked, id=1623412, stack(0x0000010f90200000,0x0000010f90300000)]
  0x000002eefc3fd800 JavaThread "Timer-120311" [_thread_blocked, id=1623400, stack(0x0000010f90100000,0x0000010f90200000)]
  0x000002eefc3fb800 JavaThread "Timer-120310" [_thread_blocked, id=1623396, stack(0x0000010f90000000,0x0000010f90100000)]
  0x000002eefc400800 JavaThread "Timer-120309" [_thread_blocked, id=1623392, stack(0x0000010f8ff00000,0x0000010f90000000)]
  0x000002eefc401800 JavaThread "Timer-120308" [_thread_blocked, id=1623388, stack(0x0000010f8fe00000,0x0000010f8ff00000)]
  0x000002eefc400000 JavaThread "Timer-120307" [_thread_blocked, id=1623384, stack(0x0000010f8fd00000,0x0000010f8fe00000)]
  0x000002eefc3ff000 JavaThread "Timer-120306" [_thread_blocked, id=1623372, stack(0x0000010f8fc00000,0x0000010f8fd00000)]
  0x000002eefc3fe800 JavaThread "Timer-120305" [_thread_blocked, id=1623356, stack(0x0000010f8f900000,0x0000010f8fa00000)]
  0x000002eefc402000 JavaThread "Timer-120304" [_thread_blocked, id=1623352, stack(0x0000010f8f800000,0x0000010f8f900000)]
  0x000002eefc43b800 JavaThread "Timer-120303" [_thread_blocked, id=1623348, stack(0x0000010f8f700000,0x0000010f8f800000)]
  0x000002eefc434000 JavaThread "Timer-120302" [_thread_blocked, id=1623336, stack(0x0000010f8f600000,0x0000010f8f700000)]
  0x000002eefc43a800 JavaThread "Timer-120301" [_thread_blocked, id=1623332, stack(0x0000010f8f500000,0x0000010f8f600000)]
  0x000002eefc43a000 JavaThread "Timer-120300" [_thread_blocked, id=1623328, stack(0x0000010f8f400000,0x0000010f8f500000)]
  0x000002eefc438800 JavaThread "Timer-120299" [_thread_blocked, id=1623324, stack(0x0000010f8f300000,0x0000010f8f400000)]
  0x000002eefc437000 JavaThread "Timer-120298" [_thread_blocked, id=1623316, stack(0x0000010f8f200000,0x0000010f8f300000)]
  0x000002eefc433000 JavaThread "Timer-120297" [_thread_blocked, id=1623296, stack(0x0000010f8f100000,0x0000010f8f200000)]
  0x000002eefc436000 JavaThread "Timer-120296" [_thread_blocked, id=1623288, stack(0x0000010f8f000000,0x0000010f8f100000)]
  0x000002eefc437800 JavaThread "Timer-120295" [_thread_blocked, id=1623248, stack(0x0000010f8ef00000,0x0000010f8f000000)]
  0x000002eefc439000 JavaThread "Timer-120294" [_thread_blocked, id=1623224, stack(0x0000010f8ee00000,0x0000010f8ef00000)]
  0x000002eefc839000 JavaThread "Timer-120293" [_thread_blocked, id=1623108, stack(0x0000010f8ed00000,0x0000010f8ee00000)]
  0x000002eefc83c800 JavaThread "Timer-120292" [_thread_blocked, id=1623096, stack(0x0000010f8ec00000,0x0000010f8ed00000)]
  0x000002eefc83c000 JavaThread "Timer-120291" [_thread_blocked, id=1623092, stack(0x0000010f8eb00000,0x0000010f8ec00000)]
  0x000002eefc836800 JavaThread "Timer-120290" [_thread_blocked, id=1623080, stack(0x0000010f8ea00000,0x0000010f8eb00000)]
  0x000002eefc83b000 JavaThread "Timer-120289" [_thread_blocked, id=1623072, stack(0x0000010f8e900000,0x0000010f8ea00000)]
  0x000002eefc838000 JavaThread "Timer-120288" [_thread_blocked, id=1623068, stack(0x0000010f8e800000,0x0000010f8e900000)]
  0x000002eefc83a800 JavaThread "Timer-120287" [_thread_blocked, id=1623056, stack(0x0000010f8e700000,0x0000010f8e800000)]
  0x000002eefc837800 JavaThread "Timer-120286" [_thread_blocked, id=1623052, stack(0x0000010f8e600000,0x0000010f8e700000)]
  0x000002eefc82e800 JavaThread "Timer-120285" [_thread_blocked, id=1623048, stack(0x0000010f8e500000,0x0000010f8e600000)]
  0x000002eefc835000 JavaThread "Timer-120284" [_thread_blocked, id=1621448, stack(0x0000010f8e400000,0x0000010f8e500000)]
  0x000002eefc82d800 JavaThread "Timer-120283" [_thread_blocked, id=1623036, stack(0x0000010f8e300000,0x0000010f8e400000)]
  0x000002eefc834800 JavaThread "Timer-120282" [_thread_blocked, id=1623032, stack(0x0000010f8e200000,0x0000010f8e300000)]
  0x000002eefc833800 JavaThread "Timer-120281" [_thread_blocked, id=1623028, stack(0x0000010f8e100000,0x0000010f8e200000)]
  0x000002eefc82c000 JavaThread "Timer-120280" [_thread_blocked, id=1623020, stack(0x0000010f8e000000,0x0000010f8e100000)]
  0x000002eefc833000 JavaThread "Timer-120279" [_thread_blocked, id=1623016, stack(0x0000010f8df00000,0x0000010f8e000000)]
  0x000002eefc82b800 JavaThread "Timer-120278" [_thread_blocked, id=1623012, stack(0x0000010f8de00000,0x0000010f8df00000)]
  0x000002eefc82d000 JavaThread "Timer-120277" [_thread_blocked, id=1623008, stack(0x0000010f8dd00000,0x0000010f8de00000)]
  0x000002eefc832000 JavaThread "Timer-120276" [_thread_blocked, id=1623004, stack(0x0000010f8dc00000,0x0000010f8dd00000)]
  0x000002eefc831800 JavaThread "Timer-120275" [_thread_blocked, id=1622992, stack(0x0000010f8db00000,0x0000010f8dc00000)]
  0x000002eefc99f000 JavaThread "Timer-120274" [_thread_blocked, id=1622980, stack(0x0000010f8da00000,0x0000010f8db00000)]
  0x000002eefc99b800 JavaThread "Timer-120273" [_thread_blocked, id=1622976, stack(0x0000010f8d900000,0x0000010f8da00000)]
  0x000002eefc99d800 JavaThread "Timer-120272" [_thread_blocked, id=1622972, stack(0x0000010f8d800000,0x0000010f8d900000)]
  0x000002eefc9a0000 JavaThread "Timer-120271" [_thread_blocked, id=1622952, stack(0x0000010f8d700000,0x0000010f8d800000)]
  0x000002eefc99d000 JavaThread "Timer-120270" [_thread_blocked, id=1622948, stack(0x0000010f8d600000,0x0000010f8d700000)]
  0x000002eefc99e800 JavaThread "Timer-120269" [_thread_blocked, id=1622944, stack(0x0000010f8d500000,0x0000010f8d600000)]
  0x000002eefc8d3000 JavaThread "Timer-120268" [_thread_blocked, id=1622924, stack(0x0000010f8d400000,0x0000010f8d500000)]
  0x000002eefc8d7800 JavaThread "Timer-120267" [_thread_blocked, id=1622920, stack(0x0000010f8d300000,0x0000010f8d400000)]
  0x000002eefc8d0000 JavaThread "Timer-120266" [_thread_blocked, id=1622908, stack(0x0000010f8d200000,0x0000010f8d300000)]
  0x000002eefc8d6000 JavaThread "Timer-120265" [_thread_blocked, id=1622904, stack(0x0000010f8d100000,0x0000010f8d200000)]
  0x000002eefc8d1800 JavaThread "Timer-120264" [_thread_blocked, id=1622900, stack(0x0000010f8d000000,0x0000010f8d100000)]
  0x000002eefc8d6800 JavaThread "Timer-120263" [_thread_blocked, id=1622896, stack(0x0000010f8cf00000,0x0000010f8d000000)]
  0x000002eefc8d4800 JavaThread "Timer-120262" [_thread_blocked, id=1622892, stack(0x0000010f8ce00000,0x0000010f8cf00000)]
  0x000002eefc8d2000 JavaThread "Timer-120261" [_thread_blocked, id=1622840, stack(0x0000010f8cd00000,0x0000010f8ce00000)]
  0x000002eefc8d0800 JavaThread "Timer-120260" [_thread_blocked, id=1622836, stack(0x0000010f8cc00000,0x0000010f8cd00000)]
  0x000002eefc8d3800 JavaThread "Timer-120259" [_thread_blocked, id=1622832, stack(0x0000010f8cb00000,0x0000010f8cc00000)]
  0x000002eefc8d5000 JavaThread "Timer-120258" [_thread_blocked, id=1622828, stack(0x0000010f8ca00000,0x0000010f8cb00000)]
  0x000002eefc8c8800 JavaThread "Timer-120257" [_thread_blocked, id=1622824, stack(0x0000010f8c900000,0x0000010f8ca00000)]
  0x000002eefc8cf000 JavaThread "Timer-120256" [_thread_blocked, id=1622820, stack(0x0000010f8c800000,0x0000010f8c900000)]
  0x000002eefc8c7800 JavaThread "Timer-120255" [_thread_blocked, id=1622816, stack(0x0000010f8c700000,0x0000010f8c800000)]
  0x000002eefc8cd000 JavaThread "Timer-120254" [_thread_blocked, id=1622812, stack(0x0000010f8c600000,0x0000010f8c700000)]
  0x000002eefc8ce800 JavaThread "Timer-120253" [_thread_blocked, id=1622808, stack(0x0000010f8c500000,0x0000010f8c600000)]
  0x000002eefc718000 JavaThread "Timer-120252" [_thread_blocked, id=1622796, stack(0x0000010f8c400000,0x0000010f8c500000)]
  0x000002eefc8cc000 JavaThread "Timer-120251" [_thread_blocked, id=1622792, stack(0x0000010f8c300000,0x0000010f8c400000)]
  0x000002eefc8ca000 JavaThread "Timer-120250" [_thread_blocked, id=1622788, stack(0x0000010f8c200000,0x0000010f8c300000)]
  0x000002eefc8cb800 JavaThread "Timer-120249" [_thread_blocked, id=1622784, stack(0x0000010f8c100000,0x0000010f8c200000)]
  0x000002eefc8c9000 JavaThread "Timer-120248" [_thread_blocked, id=1622780, stack(0x0000010f8c000000,0x0000010f8c100000)]
  0x000002eefc8ca800 JavaThread "Timer-120247" [_thread_blocked, id=1622776, stack(0x0000010f8bf00000,0x0000010f8c000000)]
  0x000002eefc8cd800 JavaThread "Timer-120246" [_thread_blocked, id=1622772, stack(0x0000010f8be00000,0x0000010f8bf00000)]
  0x000002eefc8c6000 JavaThread "Timer-120245" [_thread_blocked, id=1622768, stack(0x0000010f8bd00000,0x0000010f8be00000)]
  0x000002eefc8c5800 JavaThread "Timer-120244" [_thread_blocked, id=1622764, stack(0x0000010f8bc00000,0x0000010f8bd00000)]
  0x000002eefc8c7000 JavaThread "Timer-120243" [_thread_blocked, id=1622760, stack(0x0000010f8bb00000,0x0000010f8bc00000)]
  0x000002eefc8c4800 JavaThread "Timer-120242" [_thread_blocked, id=1622756, stack(0x0000010f8ba00000,0x0000010f8bb00000)]
  0x000002eefc8bd000 JavaThread "Timer-120241" [_thread_blocked, id=1622752, stack(0x0000010f8b900000,0x0000010f8ba00000)]
  0x000002eefc8c4000 JavaThread "Timer-120240" [_thread_blocked, id=1622748, stack(0x0000010f8b800000,0x0000010f8b900000)]
  0x000002eefc8c1800 JavaThread "Timer-120239" [_thread_blocked, id=1622744, stack(0x0000010f8b700000,0x0000010f8b800000)]
  0x000002eefc8c3000 JavaThread "Timer-120238" [_thread_blocked, id=1622740, stack(0x0000010f8b600000,0x0000010f8b700000)]
  0x000002eefc8bb800 JavaThread "Timer-120237" [_thread_blocked, id=1622736, stack(0x0000010f8b500000,0x0000010f8b600000)]
  0x000002eefc8c0000 JavaThread "Timer-120236" [_thread_blocked, id=1622732, stack(0x0000010f8b400000,0x0000010f8b500000)]
  0x000002eefc8bf800 JavaThread "Timer-120235" [_thread_blocked, id=1622728, stack(0x0000010f8b300000,0x0000010f8b400000)]
  0x000002eefc8c1000 JavaThread "Timer-120234" [_thread_blocked, id=1622724, stack(0x0000010f8b200000,0x0000010f8b300000)]
  0x000002eefc8be800 JavaThread "Timer-120233" [_thread_blocked, id=1622720, stack(0x0000010f8b100000,0x0000010f8b200000)]
  0x000002eefc8bc000 JavaThread "Timer-120232" [_thread_blocked, id=1622716, stack(0x0000010f8b000000,0x0000010f8b100000)]
  0x000002eefc8be000 JavaThread "Timer-120231" [_thread_blocked, id=1622712, stack(0x0000010f8af00000,0x0000010f8b000000)]
  0x000002eefc8c2800 JavaThread "Timer-120230" [_thread_blocked, id=1622708, stack(0x0000010f8ae00000,0x0000010f8af00000)]
  0x000002eefc8b4000 JavaThread "Timer-120229" [_thread_blocked, id=1622704, stack(0x0000010f8ad00000,0x0000010f8ae00000)]
  0x000002eefc8ba800 JavaThread "Timer-120228" [_thread_blocked, id=1622700, stack(0x0000010f8ac00000,0x0000010f8ad00000)]
  0x000002eefc8b3000 JavaThread "Timer-120227" [_thread_blocked, id=1622696, stack(0x0000010f8ab00000,0x0000010f8ac00000)]
  0x000002eefc8ba000 JavaThread "Timer-120226" [_thread_blocked, id=1622692, stack(0x0000010f8aa00000,0x0000010f8ab00000)]
  0x000002eefc8b9000 JavaThread "Timer-120225" [_thread_blocked, id=1622688, stack(0x0000010f8a900000,0x0000010f8aa00000)]
  0x000002eefc8b1800 JavaThread "Timer-120224" [_thread_blocked, id=1622684, stack(0x0000010f8a800000,0x0000010f8a900000)]
  0x000002eefc8b7800 JavaThread "Timer-120223" [_thread_blocked, id=1622676, stack(0x0000010f8a700000,0x0000010f8a800000)]
  0x000002eefb718000 JavaThread "Timer-120222" [_thread_blocked, id=1622660, stack(0x0000010f8a600000,0x0000010f8a700000)]
  0x000002eefc8b7000 JavaThread "Timer-120221" [_thread_blocked, id=1622632, stack(0x0000010f8a500000,0x0000010f8a600000)]
  0x000002eefc8b5800 JavaThread "Timer-120220" [_thread_blocked, id=1622628, stack(0x0000010f8a400000,0x0000010f8a500000)]
  0x000002eefc8b4800 JavaThread "Timer-120219" [_thread_blocked, id=1622624, stack(0x0000010f8a300000,0x0000010f8a400000)]
  0x000002eefc8b8800 JavaThread "Timer-120218" [_thread_blocked, id=1622616, stack(0x0000010f8a200000,0x0000010f8a300000)]
  0x000002eefc8b6000 JavaThread "Timer-120217" [_thread_blocked, id=1622612, stack(0x0000010f8a100000,0x0000010f8a200000)]
  0x000002eefc8b2800 JavaThread "Timer-120216" [_thread_blocked, id=1622608, stack(0x0000010f8a000000,0x0000010f8a100000)]
  0x000002eefc8ab000 JavaThread "Timer-120215" [_thread_blocked, id=1622596, stack(0x0000010f89f00000,0x0000010f8a000000)]
  0x000002eefc8ac800 JavaThread "Timer-120214" [_thread_blocked, id=1622592, stack(0x0000010f89e00000,0x0000010f89f00000)]
  0x000002eefc8aa000 JavaThread "Timer-120213" [_thread_blocked, id=1622588, stack(0x0000010f89d00000,0x0000010f89e00000)]
  0x000002eefc8b0000 JavaThread "Timer-120212" [_thread_blocked, id=1622568, stack(0x0000010f89c00000,0x0000010f89d00000)]
  0x000002eefc8af800 JavaThread "Timer-120211" [_thread_blocked, id=1622560, stack(0x0000010f89b00000,0x0000010f89c00000)]
  0x000002eefc8b1000 JavaThread "Timer-120210" [_thread_blocked, id=1622552, stack(0x0000010f89a00000,0x0000010f89b00000)]
  0x000002eefc8ae800 JavaThread "Timer-120209" [_thread_blocked, id=1622548, stack(0x0000010f89900000,0x0000010f89a00000)]
  0x000002eefc8ad000 JavaThread "Timer-120208" [_thread_blocked, id=1622544, stack(0x0000010f89800000,0x0000010f89900000)]
  0x000002eefc8ab800 JavaThread "Timer-120207" [_thread_blocked, id=1622540, stack(0x0000010f89700000,0x0000010f89800000)]
  0x000002eefc8ae000 JavaThread "Timer-120206" [_thread_blocked, id=1622536, stack(0x0000010f89600000,0x0000010f89700000)]
  0x000002eefc8a2800 JavaThread "Timer-120205" [_thread_blocked, id=1622532, stack(0x0000010f89500000,0x0000010f89600000)]
  0x000002eefc8a9800 JavaThread "Timer-120204" [_thread_blocked, id=1622528, stack(0x0000010f89400000,0x0000010f89500000)]
  0x000002eefc8a8800 JavaThread "Timer-120203" [_thread_blocked, id=1622520, stack(0x0000010f89300000,0x0000010f89400000)]
  0x000002eefc8a1000 JavaThread "Timer-120202" [_thread_blocked, id=1622512, stack(0x0000010f89200000,0x0000010f89300000)]
  0x000002eefc8a8000 JavaThread "Timer-120201" [_thread_blocked, id=1622508, stack(0x0000010f89100000,0x0000010f89200000)]
  0x000002eefc8a0800 JavaThread "Timer-120200" [_thread_blocked, id=1622480, stack(0x0000010f89000000,0x0000010f89100000)]
  0x000002eefc8a7000 JavaThread "Timer-120199" [_thread_blocked, id=1622420, stack(0x0000010f88f00000,0x0000010f89000000)]
  0x000002eefc8a5800 JavaThread "Timer-120198" [_thread_blocked, id=1622416, stack(0x0000010f88e00000,0x0000010f88f00000)]
  0x000002eefc8a5000 JavaThread "Timer-120197" [_thread_blocked, id=1622404, stack(0x0000010f88d00000,0x0000010f88e00000)]
  0x000002eefc8a2000 JavaThread "Timer-120196" [_thread_blocked, id=1622384, stack(0x0000010f88c00000,0x0000010f88d00000)]
  0x000002eefc8a4000 JavaThread "Timer-120195" [_thread_blocked, id=1622372, stack(0x0000010f88b00000,0x0000010f88c00000)]
  0x000002eefc8a6800 JavaThread "Timer-120194" [_thread_blocked, id=1622368, stack(0x0000010f88a00000,0x0000010f88b00000)]
  0x000002eefc8a3800 JavaThread "Timer-120193" [_thread_blocked, id=1622364, stack(0x0000010f88900000,0x0000010f88a00000)]
  0x000002eefc899000 JavaThread "Timer-120192" [_thread_blocked, id=1622360, stack(0x0000010f88800000,0x0000010f88900000)]
  0x000002eefc89f800 JavaThread "Timer-120191" [_thread_blocked, id=1622356, stack(0x0000010f88700000,0x0000010f88800000)]
  0x000002eefc898000 JavaThread "Timer-120190" [_thread_blocked, id=1622352, stack(0x0000010f88600000,0x0000010f88700000)]
  0x000002eefc89f000 JavaThread "Timer-120189" [_thread_blocked, id=1622348, stack(0x0000010f88500000,0x0000010f88600000)]
  0x000002eefc89b000 JavaThread "Timer-120188" [_thread_blocked, id=1622344, stack(0x0000010f88400000,0x0000010f88500000)]
  0x000002eefc89d800 JavaThread "Timer-120187" [_thread_blocked, id=1622340, stack(0x0000010f88300000,0x0000010f88400000)]
  0x000002eefc89c800 JavaThread "Timer-120186" [_thread_blocked, id=1622328, stack(0x0000010f88200000,0x0000010f88300000)]
  0x000002eefc897800 JavaThread "Timer-120185" [_thread_blocked, id=1622324, stack(0x0000010f88100000,0x0000010f88200000)]
  0x000002eefc89a800 JavaThread "Timer-120184" [_thread_blocked, id=1622292, stack(0x0000010f88000000,0x0000010f88100000)]
  0x000002eefc89c000 JavaThread "Timer-120183" [_thread_blocked, id=1622288, stack(0x0000010f87f00000,0x0000010f88000000)]
  0x000002eefc899800 JavaThread "Timer-120182" [_thread_blocked, id=1622284, stack(0x0000010f87e00000,0x0000010f87f00000)]
  0x000002eefc89e000 JavaThread "Timer-120181" [_thread_blocked, id=1622280, stack(0x0000010f87d00000,0x0000010f87e00000)]
  0x000002eefc098000 JavaThread "Timer-120180" [_thread_blocked, id=1622276, stack(0x0000010f87c00000,0x0000010f87d00000)]
  0x000002eefc09c000 JavaThread "Timer-120179" [_thread_blocked, id=1622272, stack(0x0000010f87b00000,0x0000010f87c00000)]
  0x000002eefc09a800 JavaThread "Timer-120178" [_thread_blocked, id=1622268, stack(0x0000010f87a00000,0x0000010f87b00000)]
  0x000002eefc099000 JavaThread "Timer-120177" [_thread_blocked, id=1622264, stack(0x0000010f87900000,0x0000010f87a00000)]
  0x000002eefc09b000 JavaThread "Timer-120176" [_thread_blocked, id=1622256, stack(0x0000010f87800000,0x0000010f87900000)]
  0x000002eefc82a800 JavaThread "Timer-120175" [_thread_blocked, id=1622252, stack(0x0000010f87700000,0x0000010f87800000)]
  0x000002eefc82f000 JavaThread "Timer-120174" [_thread_blocked, id=1622248, stack(0x0000010f87600000,0x0000010f87700000)]
  0x000002eefc82a000 JavaThread "Timer-120173" [_thread_blocked, id=1622244, stack(0x0000010f87500000,0x0000010f87600000)]
  0x000002eefc830800 JavaThread "Timer-120172" [_thread_blocked, id=1622240, stack(0x0000010f87400000,0x0000010f87500000)]
  0x000002eefc830000 JavaThread "Timer-120171" [_thread_blocked, id=1622224, stack(0x0000010f87300000,0x0000010f87400000)]
  0x000002eefc3e7800 JavaThread "Timer-120170" [_thread_blocked, id=1622220, stack(0x0000010f87200000,0x0000010f87300000)]
  0x000002eefc3e6000 JavaThread "Timer-120169" [_thread_blocked, id=1622216, stack(0x0000010f87100000,0x0000010f87200000)]
  0x000002eefc3e6800 JavaThread "Timer-120168" [_thread_blocked, id=1622212, stack(0x0000010f87000000,0x0000010f87100000)]
  0x000002eefc3e5000 JavaThread "Timer-120167" [_thread_blocked, id=1622208, stack(0x0000010f86f00000,0x0000010f87000000)]
  0x000002eefc3e4800 JavaThread "Timer-120166" [_thread_blocked, id=1622204, stack(0x0000010f86e00000,0x0000010f86f00000)]
  0x000002eefc3dd000 JavaThread "Timer-120165" [_thread_blocked, id=1622200, stack(0x0000010f86d00000,0x0000010f86e00000)]
  0x000002eefc3e3000 JavaThread "Timer-120164" [_thread_blocked, id=1622196, stack(0x0000010f86c00000,0x0000010f86d00000)]
  0x000002eefc3e2000 JavaThread "Timer-120163" [_thread_blocked, id=1622192, stack(0x0000010f86b00000,0x0000010f86c00000)]
  0x000002eefc3e3800 JavaThread "Timer-120162" [_thread_blocked, id=1622188, stack(0x0000010f86a00000,0x0000010f86b00000)]
  0x000002eefc3da800 JavaThread "Timer-120161" [_thread_blocked, id=1622184, stack(0x0000010f86900000,0x0000010f86a00000)]
  0x000002eefc3e1800 JavaThread "Timer-120160" [_thread_blocked, id=1622180, stack(0x0000010f86800000,0x0000010f86900000)]
  0x000002eefc3e0800 JavaThread "Timer-120159" [_thread_blocked, id=1622176, stack(0x0000010f86700000,0x0000010f86800000)]
  0x000002eefc3d9000 JavaThread "Timer-120158" [_thread_blocked, id=1622172, stack(0x0000010f86600000,0x0000010f86700000)]
  0x000002eefc3db800 JavaThread "Timer-120157" [_thread_blocked, id=1622168, stack(0x0000010f86500000,0x0000010f86600000)]
  0x000002eefc3df000 JavaThread "Timer-120156" [_thread_blocked, id=1622164, stack(0x0000010f86400000,0x0000010f86500000)]
  0x000002eefc3e0000 JavaThread "Timer-120155" [_thread_blocked, id=1622160, stack(0x0000010f86300000,0x0000010f86400000)]
  0x000002eefc3dc000 JavaThread "Timer-120154" [_thread_blocked, id=1622156, stack(0x0000010f86200000,0x0000010f86300000)]
  0x000002eefc3d7800 JavaThread "Timer-120153" [_thread_blocked, id=1622152, stack(0x0000010f86100000,0x0000010f86200000)]
  0x000002eefc3d8800 JavaThread "Timer-120152" [_thread_blocked, id=1622140, stack(0x0000010f86000000,0x0000010f86100000)]
  0x000002eefc3dd800 JavaThread "Timer-120151" [_thread_blocked, id=1622132, stack(0x0000010f85f00000,0x0000010f86000000)]
  0x000002eefc3de800 JavaThread "Timer-120150" [_thread_blocked, id=1622120, stack(0x0000010f85e00000,0x0000010f85f00000)]
  0x000002eefc3da000 JavaThread "Timer-120149" [_thread_blocked, id=1622112, stack(0x0000010f85d00000,0x0000010f85e00000)]
  0x000002eefc3d7000 JavaThread "Timer-120148" [_thread_blocked, id=1622108, stack(0x0000010f85c00000,0x0000010f85d00000)]
  0x000002eefc3cf800 JavaThread "Timer-120147" [_thread_blocked, id=1622104, stack(0x0000010f85b00000,0x0000010f85c00000)]
  0x000002eefc3d6000 JavaThread "Timer-120146" [_thread_blocked, id=1622100, stack(0x0000010f85a00000,0x0000010f85b00000)]
  0x000002eefc3d4000 JavaThread "Timer-120145" [_thread_blocked, id=1622092, stack(0x0000010f85900000,0x0000010f85a00000)]
  0x000002eef1b40000 JavaThread "Timer-120144" [_thread_blocked, id=1622088, stack(0x0000010f85800000,0x0000010f85900000)]
  0x000002eef1b3a000 JavaThread "Timer-120143" [_thread_blocked, id=1622084, stack(0x0000010f85700000,0x0000010f85800000)]
  0x000002eef1b32000 JavaThread "Timer-120142" [_thread_blocked, id=1622080, stack(0x0000010f85600000,0x0000010f85700000)]
  0x000002eef1b39000 JavaThread "Timer-120141" [_thread_blocked, id=1622076, stack(0x0000010f85500000,0x0000010f85600000)]
  0x000002eefc567800 JavaThread "Timer-120140" [_thread_blocked, id=1622056, stack(0x0000010f85400000,0x0000010f85500000)]
  0x000002eefc569000 JavaThread "Timer-120139" [_thread_blocked, id=1622052, stack(0x0000010f85300000,0x0000010f85400000)]
  0x000002eefc567000 JavaThread "Timer-120138" [_thread_blocked, id=1622048, stack(0x0000010f85200000,0x0000010f85300000)]
  0x000002eefc561800 JavaThread "Timer-120137" [_thread_blocked, id=1622040, stack(0x0000010f85100000,0x0000010f85200000)]
  0x000002eefc568800 JavaThread "Timer-120136" [_thread_blocked, id=1622032, stack(0x0000010f85000000,0x0000010f85100000)]
  0x000002eefc55f800 JavaThread "Timer-120135" [_thread_blocked, id=1622028, stack(0x0000010f84f00000,0x0000010f85000000)]
  0x000002eefc565800 JavaThread "Timer-120134" [_thread_blocked, id=1622024, stack(0x0000010f84e00000,0x0000010f84f00000)]
  0x000002eefc566000 JavaThread "Timer-120133" [_thread_blocked, id=1622020, stack(0x0000010f84d00000,0x0000010f84e00000)]
  0x000002eefc564800 JavaThread "Timer-120132" [_thread_blocked, id=1613488, stack(0x0000010f84c00000,0x0000010f84d00000)]
  0x000002eefc561000 JavaThread "Timer-120131" [_thread_blocked, id=1604912, stack(0x0000010f84b00000,0x0000010f84c00000)]
  0x000002eefc55e000 JavaThread "Timer-120130" [_thread_blocked, id=1605696, stack(0x0000010f84a00000,0x0000010f84b00000)]
  0x000002eefc3d5800 JavaThread "Timer-120129" [_thread_blocked, id=1622012, stack(0x0000010f84900000,0x0000010f84a00000)]
  0x000002eefc3d0000 JavaThread "Timer-120128" [_thread_blocked, id=1622008, stack(0x0000010f84800000,0x0000010f84900000)]
  0x000002eefc3d3000 JavaThread "Timer-120127" [_thread_blocked, id=1622004, stack(0x0000010f84700000,0x0000010f84800000)]
  0x000002eefc3d2800 JavaThread "Timer-120126" [_thread_blocked, id=1622000, stack(0x0000010f84600000,0x0000010f84700000)]
  0x000002eefc3d1800 JavaThread "Timer-120125" [_thread_blocked, id=1621996, stack(0x0000010f84500000,0x0000010f84600000)]
  0x000002eefc3d4800 JavaThread "Timer-120124" [_thread_blocked, id=1621992, stack(0x0000010f84400000,0x0000010f84500000)]
  0x000002eefc3ca000 JavaThread "Timer-120123" [_thread_blocked, id=1621984, stack(0x0000010f84300000,0x0000010f84400000)]
  0x000002eefc3cc800 JavaThread "Timer-120122" [_thread_blocked, id=1621980, stack(0x0000010f84200000,0x0000010f84300000)]
  0x000002eefc3cd000 JavaThread "Timer-120121" [_thread_blocked, id=1621976, stack(0x0000010f84100000,0x0000010f84200000)]
  0x000002eefc3d1000 JavaThread "Timer-120120" [_thread_blocked, id=1621972, stack(0x0000010f84000000,0x0000010f84100000)]
  0x000002eefc3cb000 JavaThread "Timer-120119" [_thread_blocked, id=1621968, stack(0x0000010f83f00000,0x0000010f84000000)]
  0x000002eefc3ce800 JavaThread "Timer-120118" [_thread_blocked, id=1621964, stack(0x0000010f83e00000,0x0000010f83f00000)]
  0x000002eefc3cb800 JavaThread "Timer-120117" [_thread_blocked, id=1621960, stack(0x0000010f83d00000,0x0000010f83e00000)]
  0x000002eefc099800 JavaThread "Timer-120116" [_thread_blocked, id=1621952, stack(0x0000010f83c00000,0x0000010f83d00000)]
  0x000002eefc3ce000 JavaThread "Timer-120115" [_thread_blocked, id=1621948, stack(0x0000010f83b00000,0x0000010f83c00000)]
  0x000002eefc3c2800 JavaThread "Timer-120114" [_thread_blocked, id=1621944, stack(0x0000010f83a00000,0x0000010f83b00000)]
  0x000002eefc3c3800 JavaThread "Timer-120113" [_thread_blocked, id=1621940, stack(0x0000010f83900000,0x0000010f83a00000)]
  0x000002eefc3c6800 JavaThread "Timer-120112" [_thread_blocked, id=1621936, stack(0x0000010f83800000,0x0000010f83900000)]
  0x000002eefc3c8800 JavaThread "Timer-120111" [_thread_blocked, id=1621932, stack(0x0000010f83700000,0x0000010f83800000)]
  0x000002eefc3c4000 JavaThread "Timer-120110" [_thread_blocked, id=1621928, stack(0x0000010f83600000,0x0000010f83700000)]
  0x000002eefc3c7000 JavaThread "Timer-120109" [_thread_blocked, id=1621924, stack(0x0000010f83500000,0x0000010f83600000)]
  0x000002eefc3c5000 JavaThread "Timer-120108" [_thread_blocked, id=1621920, stack(0x0000010f83400000,0x0000010f83500000)]
  0x000002eefb71a800 JavaThread "Timer-120107" [_thread_blocked, id=1621916, stack(0x0000010f83300000,0x0000010f83400000)]
  0x000002eefb710800 JavaThread "Timer-120106" [_thread_blocked, id=1621908, stack(0x0000010f83200000,0x0000010f83300000)]
  0x000002eefb716800 JavaThread "Timer-120105" [_thread_blocked, id=1621904, stack(0x0000010f83100000,0x0000010f83200000)]
  0x000002eefb70f000 JavaThread "Timer-120104" [_thread_blocked, id=1621900, stack(0x0000010f83000000,0x0000010f83100000)]
  0x000002eefb716000 JavaThread "Timer-120103" [_thread_blocked, id=1621896, stack(0x0000010f82f00000,0x0000010f83000000)]
  0x000002eefb712000 JavaThread "Timer-120102" [_thread_blocked, id=1621892, stack(0x0000010f82e00000,0x0000010f82f00000)]
  0x000002eefc3c8000 JavaThread "Timer-120101" [_thread_blocked, id=1621884, stack(0x0000010f82d00000,0x0000010f82e00000)]
  0x000002eefc3c9800 JavaThread "Timer-120100" [_thread_blocked, id=1621880, stack(0x0000010f82c00000,0x0000010f82d00000)]
  0x000002eefc3c5800 JavaThread "Timer-120099" [_thread_blocked, id=1621876, stack(0x0000010f82b00000,0x0000010f82c00000)]
  0x000002eefc3c2000 JavaThread "Timer-120098" [_thread_blocked, id=1621872, stack(0x0000010f82a00000,0x0000010f82b00000)]
  0x000002eefc3bd000 JavaThread "Timer-120097" [_thread_blocked, id=1621868, stack(0x0000010f82900000,0x0000010f82a00000)]
  0x000002eefc3c1000 JavaThread "Timer-120096" [_thread_blocked, id=1621864, stack(0x0000010f82800000,0x0000010f82900000)]
  0x000002eefc3be000 JavaThread "Timer-120095" [_thread_blocked, id=1621860, stack(0x0000010f82700000,0x0000010f82800000)]
  0x000002eefc3c0800 JavaThread "Timer-120094" [_thread_blocked, id=1621856, stack(0x0000010f82600000,0x0000010f82700000)]
  0x000002eefc3bc800 JavaThread "Timer-120093" [_thread_blocked, id=1621852, stack(0x0000010f82500000,0x0000010f82600000)]
  0x000002eefc3bf800 JavaThread "Timer-120092" [_thread_blocked, id=1621848, stack(0x0000010f82400000,0x0000010f82500000)]
  0x000002eefc3bf000 JavaThread "Timer-120091" [_thread_blocked, id=1621844, stack(0x0000010f82300000,0x0000010f82400000)]
  0x000002eefc3b5800 JavaThread "Timer-120090" [_thread_blocked, id=1621840, stack(0x0000010f82200000,0x0000010f82300000)]
  0x000002eefc3b5000 JavaThread "Timer-120089" [_thread_blocked, id=1621836, stack(0x0000010f82100000,0x0000010f82200000)]
  0x000002eefc3bb800 JavaThread "Timer-120088" [_thread_blocked, id=1621832, stack(0x0000010f82000000,0x0000010f82100000)]
  0x000002eefc3b9800 JavaThread "Timer-120087" [_thread_blocked, id=1621828, stack(0x0000010f81f00000,0x0000010f82000000)]
  0x000002eefc3bb000 JavaThread "Timer-120086" [_thread_blocked, id=1621824, stack(0x0000010f81e00000,0x0000010f81f00000)]
  0x000002eefc3ba000 JavaThread "Timer-120085" [_thread_blocked, id=1621820, stack(0x0000010f81d00000,0x0000010f81e00000)]
  0x000002eefc710800 JavaThread "Timer-120084" [_thread_blocked, id=1621816, stack(0x0000010f81c00000,0x0000010f81d00000)]
  0x000002eefc717000 JavaThread "Timer-120083" [_thread_blocked, id=1621812, stack(0x0000010f81b00000,0x0000010f81c00000)]
  0x000002eefc715800 JavaThread "Timer-120082" [_thread_blocked, id=1621808, stack(0x0000010f81a00000,0x0000010f81b00000)]
  0x000002eefc715000 JavaThread "Timer-120081" [_thread_blocked, id=1621804, stack(0x0000010f81900000,0x0000010f81a00000)]
  0x000002eefc712000 JavaThread "Timer-120080" [_thread_blocked, id=1621800, stack(0x0000010f81800000,0x0000010f81900000)]
  0x000002eefc714000 JavaThread "Timer-120079" [_thread_blocked, id=1621796, stack(0x0000010f81700000,0x0000010f81800000)]
  0x000002eefc716800 JavaThread "Timer-120078" [_thread_blocked, id=1621792, stack(0x0000010f81600000,0x0000010f81700000)]
  0x000002eefc713800 JavaThread "Timer-120077" [_thread_blocked, id=1621788, stack(0x0000010f81500000,0x0000010f81600000)]
  0x000002eefc711000 JavaThread "Timer-120076" [_thread_blocked, id=1621784, stack(0x0000010f81400000,0x0000010f81500000)]
  0x000002eefc709000 JavaThread "Timer-120075" [_thread_blocked, id=1621780, stack(0x0000010f81300000,0x0000010f81400000)]
  0x000002eefc70f800 JavaThread "Timer-120074" [_thread_blocked, id=1621776, stack(0x0000010f81200000,0x0000010f81300000)]
  0x000002eefc70f000 JavaThread "Timer-120073" [_thread_blocked, id=1621772, stack(0x0000010f81100000,0x0000010f81200000)]
  0x000002eefc70c000 JavaThread "Timer-120072" [_thread_blocked, id=1621768, stack(0x0000010f81000000,0x0000010f81100000)]
  0x000002eefc70e000 JavaThread "Timer-120071" [_thread_blocked, id=1621764, stack(0x0000010f80f00000,0x0000010f81000000)]
  0x000002eefc70d800 JavaThread "Timer-120070" [_thread_blocked, id=1621760, stack(0x0000010f80e00000,0x0000010f80f00000)]
  0x000002eefc708000 JavaThread "Timer-120069" [_thread_blocked, id=1621756, stack(0x0000010f80d00000,0x0000010f80e00000)]
  0x000002eefc70b000 JavaThread "Timer-120068" [_thread_blocked, id=1621752, stack(0x0000010f80c00000,0x0000010f80d00000)]
  0x000002eefc70c800 JavaThread "Timer-120067" [_thread_blocked, id=1621748, stack(0x0000010f80b00000,0x0000010f80c00000)]
  0x000002eefc70a800 JavaThread "Timer-120066" [_thread_blocked, id=1621744, stack(0x0000010f80a00000,0x0000010f80b00000)]
  0x000002eefc707800 JavaThread "Timer-120065" [_thread_blocked, id=1621740, stack(0x0000010f80900000,0x0000010f80a00000)]
  0x000002eefc709800 JavaThread "Timer-120064" [_thread_blocked, id=1621736, stack(0x0000010f80800000,0x0000010f80900000)]
  0x000002eefb640800 JavaThread "Timer-120063" [_thread_blocked, id=1621732, stack(0x0000010f80700000,0x0000010f80800000)]
  0x000002eefb641000 JavaThread "Timer-120062" [_thread_blocked, id=1621728, stack(0x0000010f80600000,0x0000010f80700000)]
  0x000002eefb63f800 JavaThread "Timer-120061" [_thread_blocked, id=1621724, stack(0x0000010f80500000,0x0000010f80600000)]
  0x000002eefb63f000 JavaThread "Timer-120060" [_thread_blocked, id=1621720, stack(0x0000010f80400000,0x0000010f80500000)]
  0x000002eefb63e000 JavaThread "Timer-120059" [_thread_blocked, id=1621716, stack(0x0000010f80300000,0x0000010f80400000)]
  0x000002eefb643800 JavaThread "Timer-120058" [_thread_blocked, id=1621708, stack(0x0000010f80200000,0x0000010f80300000)]
  0x000002eefb642000 JavaThread "Timer-120057" [_thread_blocked, id=1621704, stack(0x0000010f80100000,0x0000010f80200000)]
  0x000002eefb642800 JavaThread "Timer-120056" [_thread_blocked, id=1621700, stack(0x0000010f80000000,0x0000010f80100000)]
  0x000002eefc097800 JavaThread "Timer-120055" [_thread_blocked, id=1621696, stack(0x0000010f7ff00000,0x0000010f80000000)]
  0x000002eefc093800 JavaThread "Timer-120054" [_thread_blocked, id=1621692, stack(0x0000010f7fe00000,0x0000010f7ff00000)]
  0x000002eefc094800 JavaThread "Timer-120053" [_thread_blocked, id=1621688, stack(0x0000010f7fd00000,0x0000010f7fe00000)]
  0x000002eefc560000 JavaThread "Timer-120052" [_thread_blocked, id=1621684, stack(0x0000010f7fc00000,0x0000010f7fd00000)]
  0x000002eefc55d000 JavaThread "Timer-120051" [_thread_blocked, id=1621680, stack(0x0000010f7fb00000,0x0000010f7fc00000)]
  0x000002eefc55c800 JavaThread "Timer-120050" [_thread_blocked, id=1621676, stack(0x0000010f7fa00000,0x0000010f7fb00000)]
  0x000002eefc55b800 JavaThread "Timer-120049" [_thread_blocked, id=1621672, stack(0x0000010f7f700000,0x0000010f7f800000)]
  0x000002eefc55e800 JavaThread "Timer-120048" [_thread_blocked, id=1621668, stack(0x0000010f7f600000,0x0000010f7f700000)]
  0x000002eefc554000 JavaThread "Timer-120047" [_thread_blocked, id=1621664, stack(0x0000010f7f500000,0x0000010f7f600000)]
  0x000002eefc55b000 JavaThread "Timer-120046" [_thread_blocked, id=1621660, stack(0x0000010f7f400000,0x0000010f7f500000)]
  0x000002eefc558800 JavaThread "Timer-120045" [_thread_blocked, id=1621656, stack(0x0000010f7f300000,0x0000010f7f400000)]
  0x000002eefc555800 JavaThread "Timer-120044" [_thread_blocked, id=1621652, stack(0x0000010f7f200000,0x0000010f7f300000)]
  0x000002eefc553000 JavaThread "Timer-120043" [_thread_blocked, id=1621648, stack(0x0000010f7f100000,0x0000010f7f200000)]
  0x000002eefc557800 JavaThread "Timer-120042" [_thread_blocked, id=1621644, stack(0x0000010f7f000000,0x0000010f7f100000)]
  0x000002eefc55a000 JavaThread "Timer-120041" [_thread_blocked, id=1621640, stack(0x0000010f7ef00000,0x0000010f7f000000)]
  0x000002eefc557000 JavaThread "Timer-120040" [_thread_blocked, id=1621636, stack(0x0000010f7ee00000,0x0000010f7ef00000)]
  0x000002eefc556000 JavaThread "Timer-120039" [_thread_blocked, id=1621632, stack(0x0000010f7ed00000,0x0000010f7ee00000)]
  0x000002eefc559800 JavaThread "Timer-120038" [_thread_blocked, id=1621628, stack(0x0000010f7ec00000,0x0000010f7ed00000)]
  0x000002eefc551000 JavaThread "Timer-120037" [_thread_blocked, id=1621624, stack(0x0000010f7eb00000,0x0000010f7ec00000)]
  0x000002eefc552800 JavaThread "Timer-120036" [_thread_blocked, id=1621620, stack(0x0000010f7ea00000,0x0000010f7eb00000)]
  0x000002eefc551800 JavaThread "Timer-120035" [_thread_blocked, id=1621616, stack(0x0000010f7e900000,0x0000010f7ea00000)]
  0x000002eefc554800 JavaThread "Timer-120034" [_thread_blocked, id=1621612, stack(0x0000010f7e800000,0x0000010f7e900000)]
  0x000002eefc549800 JavaThread "Timer-120033" [_thread_blocked, id=1621608, stack(0x0000010f7e700000,0x0000010f7e800000)]
  0x000002eefc550000 JavaThread "Timer-120032" [_thread_blocked, id=1621604, stack(0x0000010f7e600000,0x0000010f7e700000)]
  0x000002eefc54f800 JavaThread "Timer-120031" [_thread_blocked, id=1621600, stack(0x0000010f7e500000,0x0000010f7e600000)]
  0x000002eefc548000 JavaThread "Timer-120030" [_thread_blocked, id=1621596, stack(0x0000010f7e400000,0x0000010f7e500000)]
  0x000002eefc54e800 JavaThread "Timer-120029" [_thread_blocked, id=1621592, stack(0x0000010f7e300000,0x0000010f7e400000)]
  0x000002eefc547000 JavaThread "Timer-120028" [_thread_blocked, id=1621588, stack(0x0000010f7e200000,0x0000010f7e300000)]
  0x000002eefc54b800 JavaThread "Timer-120027" [_thread_blocked, id=1621584, stack(0x0000010f7e100000,0x0000010f7e200000)]
  0x000002eefc54a000 JavaThread "Timer-120026" [_thread_blocked, id=1621580, stack(0x0000010f7e000000,0x0000010f7e100000)]
  0x000002eefc548800 JavaThread "Timer-120025" [_thread_blocked, id=1621576, stack(0x0000010f7df00000,0x0000010f7e000000)]
  0x000002eefc54c800 JavaThread "Timer-120024" [_thread_blocked, id=1621572, stack(0x0000010f7de00000,0x0000010f7df00000)]
  0x000002eefc096800 JavaThread "Timer-120023" [_thread_blocked, id=1621568, stack(0x0000010f7dd00000,0x0000010f7de00000)]
  0x000002eefc096000 JavaThread "Timer-120022" [_thread_blocked, id=1621564, stack(0x0000010f7dc00000,0x0000010f7dd00000)]
  0x000002eefc095000 JavaThread "Timer-120021" [_thread_blocked, id=1621560, stack(0x0000010f7db00000,0x0000010f7dc00000)]
  0x000002eefc08c000 JavaThread "Timer-120020" [_thread_blocked, id=1621556, stack(0x0000010f7da00000,0x0000010f7db00000)]
  0x000002eefc093000 JavaThread "Timer-120019" [_thread_blocked, id=1621552, stack(0x0000010f7d900000,0x0000010f7da00000)]
  0x000002eefc08b000 JavaThread "Timer-120018" [_thread_blocked, id=1621548, stack(0x0000010f7d800000,0x0000010f7d900000)]
  0x000002eefc08f000 JavaThread "Timer-120017" [_thread_blocked, id=1621540, stack(0x0000010f7d700000,0x0000010f7d800000)]
  0x000002eefc08c800 JavaThread "Timer-120016" [_thread_blocked, id=1621536, stack(0x0000010f7d600000,0x0000010f7d700000)]
  0x000002eefc08e000 JavaThread "Timer-120015" [_thread_blocked, id=1621532, stack(0x0000010f7d500000,0x0000010f7d600000)]
  0x000002eefc092000 JavaThread "Timer-120014" [_thread_blocked, id=1621528, stack(0x0000010f7d400000,0x0000010f7d500000)]
  0x000002eefc08f800 JavaThread "Timer-120013" [_thread_blocked, id=1621524, stack(0x0000010f7d300000,0x0000010f7d400000)]
  0x000002eefc08d800 JavaThread "Timer-120012" [_thread_blocked, id=1621520, stack(0x0000010f7d200000,0x0000010f7d300000)]
  0x000002eefc08a800 JavaThread "Timer-120011" [_thread_blocked, id=1621516, stack(0x0000010f7d100000,0x0000010f7d200000)]
  0x000002eefc091800 JavaThread "Timer-120010" [_thread_blocked, id=1621512, stack(0x0000010f7d000000,0x0000010f7d100000)]
  0x000002eefc089800 JavaThread "Timer-120009" [_thread_blocked, id=1621508, stack(0x0000010f7cf00000,0x0000010f7d000000)]
  0x000002eefc090800 JavaThread "Timer-120008" [_thread_blocked, id=1621504, stack(0x0000010f7ce00000,0x0000010f7cf00000)]
  0x000002eefc54e000 JavaThread "Timer-120007" [_thread_blocked, id=1621500, stack(0x0000010f7cd00000,0x0000010f7ce00000)]
  0x000002eefc54b000 JavaThread "Timer-120006" [_thread_blocked, id=1621496, stack(0x0000010f7cc00000,0x0000010f7cd00000)]
  0x000002eefc546800 JavaThread "Timer-120005" [_thread_blocked, id=1621492, stack(0x0000010f7cb00000,0x0000010f7cc00000)]
  0x000002eefc54d000 JavaThread "Timer-120004" [_thread_blocked, id=1621488, stack(0x0000010f7ca00000,0x0000010f7cb00000)]
  0x000002eefc540800 JavaThread "Timer-120003" [_thread_blocked, id=1621484, stack(0x0000010f7c900000,0x0000010f7ca00000)]
  0x000002eefc545800 JavaThread "Timer-120002" [_thread_blocked, id=1621476, stack(0x0000010f7c800000,0x0000010f7c900000)]
  0x000002eefc545000 JavaThread "Timer-120001" [_thread_blocked, id=1621472, stack(0x0000010f7c700000,0x0000010f7c800000)]
  0x000002eefc544000 JavaThread "Timer-120000" [_thread_blocked, id=1621468, stack(0x0000010f7c600000,0x0000010f7c700000)]
  0x000002eefc53c800 JavaThread "Timer-119999" [_thread_blocked, id=1621464, stack(0x0000010f7c500000,0x0000010f7c600000)]
  0x000002eefc53f800 JavaThread "Timer-119998" [_thread_blocked, id=1621460, stack(0x0000010f7c400000,0x0000010f7c500000)]
  0x000002eefc543800 JavaThread "Timer-119997" [_thread_blocked, id=1621452, stack(0x0000010f7c300000,0x0000010f7c400000)]
  0x000002eefc542800 JavaThread "Timer-119996" [_thread_blocked, id=1621436, stack(0x0000010f7c200000,0x0000010f7c300000)]
  0x000002eefc53d800 JavaThread "Timer-119995" [_thread_blocked, id=1621432, stack(0x0000010f7c100000,0x0000010f7c200000)]
  0x000002eefc541000 JavaThread "Timer-119994" [_thread_blocked, id=1621428, stack(0x0000010f7c000000,0x0000010f7c100000)]
  0x000002eefb63d800 JavaThread "Timer-119993" [_thread_blocked, id=1621424, stack(0x0000010f7bf00000,0x0000010f7c000000)]
  0x000002eefb636000 JavaThread "Timer-119992" [_thread_blocked, id=1621416, stack(0x0000010f7be00000,0x0000010f7bf00000)]
  0x000002eefb63c800 JavaThread "Timer-119991" [_thread_blocked, id=1621412, stack(0x0000010f7bd00000,0x0000010f7be00000)]
  0x000002eefb63c000 JavaThread "Timer-119990" [_thread_blocked, id=1621408, stack(0x0000010f7bc00000,0x0000010f7bd00000)]
  0x000002eefb634800 JavaThread "Timer-119989" [_thread_blocked, id=1621404, stack(0x0000010f7bb00000,0x0000010f7bc00000)]
  0x000002eefb63b000 JavaThread "Timer-119988" [_thread_blocked, id=1621400, stack(0x0000010f7ba00000,0x0000010f7bb00000)]
  0x000002eefb635000 JavaThread "Timer-119987" [_thread_blocked, id=1621396, stack(0x0000010f7b900000,0x0000010f7ba00000)]
  0x000002eefb633800 JavaThread "Timer-119986" [_thread_blocked, id=1621392, stack(0x0000010f7b800000,0x0000010f7b900000)]
  0x000002eefb639800 JavaThread "Timer-119985" [_thread_blocked, id=1621388, stack(0x0000010f7b700000,0x0000010f7b800000)]
  0x000002eefb638000 JavaThread "Timer-119984" [_thread_blocked, id=1621384, stack(0x0000010f7b600000,0x0000010f7b700000)]
  0x000002eefb637800 JavaThread "Timer-119983" [_thread_blocked, id=1621380, stack(0x0000010f7b500000,0x0000010f7b600000)]
  0x000002eefb63a800 JavaThread "Timer-119982" [_thread_blocked, id=1621376, stack(0x0000010f7b400000,0x0000010f7b500000)]
  0x000002eefc542000 JavaThread "Timer-119981" [_thread_blocked, id=1621372, stack(0x0000010f7b300000,0x0000010f7b400000)]
  0x000002eefc53f000 JavaThread "Timer-119980" [_thread_blocked, id=1621368, stack(0x0000010f7b200000,0x0000010f7b300000)]
  0x000002eefc53a800 JavaThread "Timer-119979" [_thread_blocked, id=1621364, stack(0x0000010f7b100000,0x0000010f7b200000)]
  0x000002eefc53c000 JavaThread "Timer-119978" [_thread_blocked, id=1621360, stack(0x0000010f7b000000,0x0000010f7b100000)]
  0x000002eefc53e000 JavaThread "Timer-119977" [_thread_blocked, id=1621356, stack(0x0000010f7af00000,0x0000010f7b000000)]
  0x000002eefc53b000 JavaThread "Timer-119976" [_thread_blocked, id=1621352, stack(0x0000010f7ae00000,0x0000010f7af00000)]
  0x000002eefc57a800 JavaThread "Timer-119975" [_thread_blocked, id=1621348, stack(0x0000010f7ad00000,0x0000010f7ae00000)]
  0x000002eefc579800 JavaThread "Timer-119974" [_thread_blocked, id=1621340, stack(0x0000010f7ac00000,0x0000010f7ad00000)]
  0x000002eefc3b8800 JavaThread "Timer-119973" [_thread_blocked, id=1621336, stack(0x0000010f7ab00000,0x0000010f7ac00000)]
  0x000002eefc3b1000 JavaThread "Timer-119972" [_thread_blocked, id=1621332, stack(0x0000010f7aa00000,0x0000010f7ab00000)]
  0x000002eefc3b2000 JavaThread "Timer-119971" [_thread_blocked, id=1621328, stack(0x0000010f7a900000,0x0000010f7aa00000)]
  0x000002eefc3b6800 JavaThread "Timer-119970" [_thread_blocked, id=1621324, stack(0x0000010f7a800000,0x0000010f7a900000)]
  0x000002eefc3b4000 JavaThread "Timer-119969" [_thread_blocked, id=1621320, stack(0x0000010f7a700000,0x0000010f7a800000)]
  0x000002eefc579000 JavaThread "Timer-119968" [_thread_blocked, id=1621316, stack(0x0000010f7a600000,0x0000010f7a700000)]
  0x000002eefc578000 JavaThread "Timer-119967" [_thread_blocked, id=1621312, stack(0x0000010f7a500000,0x0000010f7a600000)]
  0x000002eefc570800 JavaThread "Timer-119966" [_thread_blocked, id=1621308, stack(0x0000010f7a400000,0x0000010f7a500000)]
  0x000002eefc577800 JavaThread "Timer-119965" [_thread_blocked, id=1621304, stack(0x0000010f7a300000,0x0000010f7a400000)]
  0x000002eefc576800 JavaThread "Timer-119964" [_thread_blocked, id=1621300, stack(0x0000010f7a200000,0x0000010f7a300000)]
  0x000002eefc570000 JavaThread "Timer-119963" [_thread_blocked, id=1621296, stack(0x0000010f7a100000,0x0000010f7a200000)]
  0x000002eefc56f000 JavaThread "Timer-119962" [_thread_blocked, id=1621292, stack(0x0000010f7a000000,0x0000010f7a100000)]
  0x000002eefc576000 JavaThread "Timer-119961" [_thread_blocked, id=1621288, stack(0x0000010f79f00000,0x0000010f7a000000)]
  0x000002eefc575000 JavaThread "Timer-119960" [_thread_blocked, id=1621284, stack(0x0000010f79e00000,0x0000010f79f00000)]
  0x000002eefb636800 JavaThread "Timer-119959" [_thread_blocked, id=1621280, stack(0x0000010f79d00000,0x0000010f79e00000)]
  0x000002eefb639000 JavaThread "Timer-119958" [_thread_blocked, id=1621276, stack(0x0000010f79c00000,0x0000010f79d00000)]
  0x000002eefb633000 JavaThread "Timer-119957" [_thread_blocked, id=1621272, stack(0x0000010f79b00000,0x0000010f79c00000)]
  0x000002eefb632000 JavaThread "Timer-119956" [_thread_blocked, id=1621268, stack(0x0000010f79a00000,0x0000010f79b00000)]
  0x000002eefb631800 JavaThread "Timer-119955" [_thread_blocked, id=1621264, stack(0x0000010f79900000,0x0000010f79a00000)]
  0x000002eefb62f000 JavaThread "Timer-119954" [_thread_blocked, id=1621260, stack(0x0000010f79800000,0x0000010f79900000)]
  0x000002eefb630800 JavaThread "Timer-119953" [_thread_blocked, id=1621256, stack(0x0000010f79700000,0x0000010f79800000)]
  0x000002eefb630000 JavaThread "Timer-119952" [_thread_blocked, id=1621252, stack(0x0000010f79600000,0x0000010f79700000)]
  0x000002eefc3b8000 JavaThread "Timer-119951" [_thread_blocked, id=1621248, stack(0x0000010f79500000,0x0000010f79600000)]
  0x000002eefc3b0800 JavaThread "Timer-119950" [_thread_blocked, id=1621244, stack(0x0000010f79400000,0x0000010f79500000)]
  0x000002eefc082000 JavaThread "Timer-119949" [_thread_blocked, id=1621240, stack(0x0000010f79300000,0x0000010f79400000)]
  0x000002eefc088000 JavaThread "Timer-119948" [_thread_blocked, id=1621236, stack(0x0000010f79200000,0x0000010f79300000)]
  0x000002eefc086800 JavaThread "Timer-119947" [_thread_blocked, id=1621232, stack(0x0000010f79100000,0x0000010f79200000)]
  0x000002eefc086000 JavaThread "Timer-119946" [_thread_blocked, id=1621228, stack(0x0000010f79000000,0x0000010f79100000)]
  0x000002eefc085000 JavaThread "Timer-119945" [_thread_blocked, id=1621224, stack(0x0000010f78f00000,0x0000010f79000000)]
  0x000002eefc089000 JavaThread "Timer-119944" [_thread_blocked, id=1621220, stack(0x0000010f78e00000,0x0000010f78f00000)]
  0x000002eefc080800 JavaThread "Timer-119943" [_thread_blocked, id=1621216, stack(0x0000010f78d00000,0x0000010f78e00000)]
  0x000002eefc084800 JavaThread "Timer-119942" [_thread_blocked, id=1621212, stack(0x0000010f78c00000,0x0000010f78d00000)]
  0x000002eefc081800 JavaThread "Timer-119941" [_thread_blocked, id=1621208, stack(0x0000010f78b00000,0x0000010f78c00000)]
  0x000002eefc083000 JavaThread "Timer-119940" [_thread_blocked, id=1621204, stack(0x0000010f78a00000,0x0000010f78b00000)]
  0x000002eefc087800 JavaThread "Timer-119939" [_thread_blocked, id=1621200, stack(0x0000010f78900000,0x0000010f78a00000)]
  0x000002eefc083800 JavaThread "Timer-119938" [_thread_blocked, id=1621196, stack(0x0000010f78800000,0x0000010f78900000)]
  0x000002eefc079000 JavaThread "Timer-119937" [_thread_blocked, id=1621192, stack(0x0000010f78700000,0x0000010f78800000)]
  0x000002eefc07d800 JavaThread "Timer-119936" [_thread_blocked, id=1621188, stack(0x0000010f78600000,0x0000010f78700000)]
  0x000002eefc07a000 JavaThread "Timer-119935" [_thread_blocked, id=1621184, stack(0x0000010f78500000,0x0000010f78600000)]
  0x000002eefc07f000 JavaThread "Timer-119934" [_thread_blocked, id=1621180, stack(0x0000010f78400000,0x0000010f78500000)]
  0x000002eefc56d800 JavaThread "Timer-119933" [_thread_blocked, id=1621176, stack(0x0000010f78300000,0x0000010f78400000)]
  0x000002eefc574800 JavaThread "Timer-119932" [_thread_blocked, id=1621172, stack(0x0000010f78200000,0x0000010f78300000)]
  0x000002eefc573000 JavaThread "Timer-119931" [_thread_blocked, id=1621168, stack(0x0000010f78100000,0x0000010f78200000)]
  0x000002eefc571800 JavaThread "Timer-119930" [_thread_blocked, id=1621164, stack(0x0000010f78000000,0x0000010f78100000)]
  0x000002eefc572000 JavaThread "Timer-119929" [_thread_blocked, id=1621160, stack(0x0000010f77f00000,0x0000010f78000000)]
  0x000002eefc573800 JavaThread "Timer-119928" [_thread_blocked, id=1621156, stack(0x0000010f77e00000,0x0000010f77f00000)]
  0x000002eefc56c000 JavaThread "Timer-119927" [_thread_blocked, id=1621152, stack(0x0000010f77d00000,0x0000010f77e00000)]
  0x000002eefc56d000 JavaThread "Timer-119926" [_thread_blocked, id=1621148, stack(0x0000010f77c00000,0x0000010f77d00000)]
  0x000002eefc56e800 JavaThread "Timer-119925" [_thread_blocked, id=1621144, stack(0x0000010f77b00000,0x0000010f77c00000)]
  0x000002eefc56b800 JavaThread "Timer-119924" [_thread_blocked, id=1621140, stack(0x0000010f77a00000,0x0000010f77b00000)]
  0x000002eefc56a800 JavaThread "Timer-119923" [_thread_blocked, id=1621136, stack(0x0000010f77900000,0x0000010f77a00000)]
  0x000002eefc20f800 JavaThread "Timer-119922" [_thread_blocked, id=1621132, stack(0x0000010f77800000,0x0000010f77900000)]
  0x000002eefc211000 JavaThread "Timer-119921" [_thread_blocked, id=1621128, stack(0x0000010f77700000,0x0000010f77800000)]
  0x000002eefc20e000 JavaThread "Timer-119920" [_thread_blocked, id=1621124, stack(0x0000010f77600000,0x0000010f77700000)]
  0x000002eefc213800 JavaThread "Timer-119919" [_thread_blocked, id=1621120, stack(0x0000010f77500000,0x0000010f77600000)]
  0x000002eefc210800 JavaThread "Timer-119918" [_thread_blocked, id=1621116, stack(0x0000010f77400000,0x0000010f77500000)]
  0x000002eefc20f000 JavaThread "Timer-119917" [_thread_blocked, id=1621112, stack(0x0000010f77300000,0x0000010f77400000)]
  0x000002eefc20d800 JavaThread "Timer-119916" [_thread_blocked, id=1621108, stack(0x0000010f77200000,0x0000010f77300000)]
  0x000002eefc212800 JavaThread "Timer-119915" [_thread_blocked, id=1621104, stack(0x0000010f77100000,0x0000010f77200000)]
  0x000002eefc212000 JavaThread "Timer-119914" [_thread_blocked, id=1621100, stack(0x0000010f77000000,0x0000010f77100000)]
  0x000002eefc07d000 JavaThread "Timer-119913" [_thread_blocked, id=1621096, stack(0x0000010f76f00000,0x0000010f77000000)]
  0x000002eefc080000 JavaThread "Timer-119912" [_thread_blocked, id=1621092, stack(0x0000010f76e00000,0x0000010f76f00000)]
  0x000002eefc07e800 JavaThread "Timer-119911" [_thread_blocked, id=1621088, stack(0x0000010f76d00000,0x0000010f76e00000)]
  0x000002eefc07a800 JavaThread "Timer-119910" [_thread_blocked, id=1621084, stack(0x0000010f76c00000,0x0000010f76d00000)]
  0x000002eefc078800 JavaThread "Timer-119909" [_thread_blocked, id=1621080, stack(0x0000010f76b00000,0x0000010f76c00000)]
  0x000002eefb627800 JavaThread "Timer-119908" [_thread_blocked, id=1621076, stack(0x0000010f76a00000,0x0000010f76b00000)]
  0x000002eefb62e800 JavaThread "Timer-119907" [_thread_blocked, id=1621072, stack(0x0000010f76900000,0x0000010f76a00000)]
  0x000002eefb627000 JavaThread "Timer-119906" [_thread_blocked, id=1621068, stack(0x0000010f76800000,0x0000010f76900000)]
  0x000002eefb62c000 JavaThread "Timer-119905" [_thread_blocked, id=1621064, stack(0x0000010f76700000,0x0000010f76800000)]
  0x000002eefb62b800 JavaThread "Timer-119904" [_thread_blocked, id=1621060, stack(0x0000010f76600000,0x0000010f76700000)]
  0x000002eefb62a000 JavaThread "Timer-119903" [_thread_blocked, id=1621056, stack(0x0000010f76500000,0x0000010f76600000)]
  0x000002eefb62a800 JavaThread "Timer-119902" [_thread_blocked, id=1621052, stack(0x0000010f76400000,0x0000010f76500000)]
  0x000002eefb629000 JavaThread "Timer-119901" [_thread_blocked, id=1621048, stack(0x0000010f76300000,0x0000010f76400000)]
  0x000002eefb62d800 JavaThread "Timer-119900" [_thread_blocked, id=1621044, stack(0x0000010f76200000,0x0000010f76300000)]
  0x000002eefb626000 JavaThread "Timer-119899" [_thread_blocked, id=1621040, stack(0x0000010f76100000,0x0000010f76200000)]
  0x000002eefb628800 JavaThread "Timer-119898" [_thread_blocked, id=1621036, stack(0x0000010f76000000,0x0000010f76100000)]
  0x000002eef14cd800 JavaThread "Timer-119897" [_thread_blocked, id=1621032, stack(0x0000010f75f00000,0x0000010f76000000)]
  0x000002eefc206000 JavaThread "Timer-119896" [_thread_blocked, id=1621028, stack(0x0000010f75e00000,0x0000010f75f00000)]
  0x000002eefc20c800 JavaThread "Timer-119895" [_thread_blocked, id=1621020, stack(0x0000010f75d00000,0x0000010f75e00000)]
  0x000002eefc205000 JavaThread "Timer-119894" [_thread_blocked, id=1621016, stack(0x0000010f75c00000,0x0000010f75d00000)]
  0x000002eefc20c000 JavaThread "Timer-119893" [_thread_blocked, id=1621012, stack(0x0000010f75b00000,0x0000010f75c00000)]
  0x000002eefc206800 JavaThread "Timer-119892" [_thread_blocked, id=1621008, stack(0x0000010f75a00000,0x0000010f75b00000)]
  0x000002eefc20b000 JavaThread "Timer-119891" [_thread_blocked, id=1621004, stack(0x0000010f75900000,0x0000010f75a00000)]
  0x000002eefc20a800 JavaThread "Timer-119890" [_thread_blocked, id=1621000, stack(0x0000010f75800000,0x0000010f75900000)]
  0x000002eefc203800 JavaThread "Timer-119889" [_thread_blocked, id=1620996, stack(0x0000010f75700000,0x0000010f75800000)]
  0x000002eefc209800 JavaThread "Timer-119888" [_thread_blocked, id=1618356, stack(0x0000010f75600000,0x0000010f75700000)]
  0x000002eefc207800 JavaThread "Timer-119887" [_thread_blocked, id=1456152, stack(0x0000010f75500000,0x0000010f75600000)]
  0x000002eefc209000 JavaThread "Timer-119886" [_thread_blocked, id=1620288, stack(0x0000010f75400000,0x0000010f75500000)]
  0x000002eefc07c000 JavaThread "Timer-119885" [_thread_blocked, id=1619164, stack(0x0000010f75300000,0x0000010f75400000)]
  0x000002eefc07b800 JavaThread "Timer-119884" [_thread_blocked, id=1608772, stack(0x0000010f75200000,0x0000010f75300000)]
  0x000002eefc073000 JavaThread "Timer-119883" [_thread_blocked, id=1608776, stack(0x0000010f75100000,0x0000010f75200000)]
  0x000002eefc077800 JavaThread "Timer-119882" [_thread_blocked, id=1609036, stack(0x0000010f75000000,0x0000010f75100000)]
  0x000002eefc077000 JavaThread "Timer-119881" [_thread_blocked, id=1615688, stack(0x0000010f74f00000,0x0000010f75000000)]
  0x000002eefc076000 JavaThread "Timer-119880" [_thread_blocked, id=1608964, stack(0x0000010f74e00000,0x0000010f74f00000)]
  0x000002eefc435800 JavaThread "Timer-119879" [_thread_blocked, id=1613952, stack(0x0000010f74d00000,0x0000010f74e00000)]
  0x000002eefc434800 JavaThread "Timer-119878" [_thread_blocked, id=1620988, stack(0x0000010f74c00000,0x0000010f74d00000)]
  0x000002eefc42b800 JavaThread "Timer-119877" [_thread_blocked, id=1620984, stack(0x0000010f74b00000,0x0000010f74c00000)]
  0x000002eefc432800 JavaThread "Timer-119876" [_thread_blocked, id=1620980, stack(0x0000010f74a00000,0x0000010f74b00000)]
  0x000002eefc431800 JavaThread "Timer-119875" [_thread_blocked, id=1620976, stack(0x0000010f74900000,0x0000010f74a00000)]
  0x000002eefc42c800 JavaThread "Timer-119874" [_thread_blocked, id=1620972, stack(0x0000010f74800000,0x0000010f74900000)]
  0x000002eefc42e800 JavaThread "Timer-119873" [_thread_blocked, id=1620968, stack(0x0000010f74700000,0x0000010f74800000)]
  0x000002eefc431000 JavaThread "Timer-119872" [_thread_blocked, id=1620964, stack(0x0000010f74600000,0x0000010f74700000)]
  0x000002eefc42d000 JavaThread "Timer-119871" [_thread_blocked, id=1620960, stack(0x0000010f74500000,0x0000010f74600000)]
  0x000002eefc430000 JavaThread "Timer-119870" [_thread_blocked, id=1620956, stack(0x0000010f74400000,0x0000010f74500000)]
  0x000002eefc42e000 JavaThread "Timer-119869" [_thread_blocked, id=1620952, stack(0x0000010f74300000,0x0000010f74400000)]
  0x000002eefc42f800 JavaThread "Timer-119868" [_thread_blocked, id=1620948, stack(0x0000010f74200000,0x0000010f74300000)]
  0x000002eefacb5000 JavaThread "Timer-119867" [_thread_blocked, id=1620944, stack(0x0000010f74100000,0x0000010f74200000)]
  0x000002eefacb4800 JavaThread "Timer-119866" [_thread_blocked, id=1620940, stack(0x0000010f74000000,0x0000010f74100000)]
  0x000002eefacb6000 JavaThread "Timer-119865" [_thread_blocked, id=1620936, stack(0x0000010f73f00000,0x0000010f74000000)]
  0x000002eefacb3800 JavaThread "Timer-119864" [_thread_blocked, id=1620932, stack(0x0000010f73e00000,0x0000010f73f00000)]
  0x000002eefacb3000 JavaThread "Timer-119863" [_thread_blocked, id=1620928, stack(0x0000010f73d00000,0x0000010f73e00000)]
  0x000002eefacab000 JavaThread "Timer-119862" [_thread_blocked, id=1620924, stack(0x0000010f73c00000,0x0000010f73d00000)]
  0x000002eefacb2000 JavaThread "Timer-119861" [_thread_blocked, id=1620920, stack(0x0000010f73b00000,0x0000010f73c00000)]
  0x000002eefacaa800 JavaThread "Timer-119860" [_thread_blocked, id=1620916, stack(0x0000010f73a00000,0x0000010f73b00000)]
  0x000002eefacac000 JavaThread "Timer-119859" [_thread_blocked, id=1620912, stack(0x0000010f73900000,0x0000010f73a00000)]
  0x000002eefacb1000 JavaThread "Timer-119858" [_thread_blocked, id=1620908, stack(0x0000010f73800000,0x0000010f73900000)]
  0x000002eefacb0800 JavaThread "Timer-119857" [_thread_blocked, id=1620904, stack(0x0000010f73700000,0x0000010f73800000)]
  0x000002eefaca9800 JavaThread "Timer-119856" [_thread_blocked, id=1620900, stack(0x0000010f73600000,0x0000010f73700000)]
  0x000002eefaca9000 JavaThread "Timer-119855" [_thread_blocked, id=1620896, stack(0x0000010f73500000,0x0000010f73600000)]
  0x000002eefacaf800 JavaThread "Timer-119854" [_thread_blocked, id=1620892, stack(0x0000010f73400000,0x0000010f73500000)]
  0x000002eefacaf000 JavaThread "Timer-119853" [_thread_blocked, id=1620888, stack(0x0000010f73300000,0x0000010f73400000)]
  0x000002eefacad800 JavaThread "Timer-119852" [_thread_blocked, id=1620884, stack(0x0000010f73200000,0x0000010f73300000)]
  0x000002eefc3b3800 JavaThread "Timer-119851" [_thread_blocked, id=1620880, stack(0x0000010f73100000,0x0000010f73200000)]
  0x000002eefc3b7000 JavaThread "Timer-119850" [_thread_blocked, id=1620876, stack(0x0000010f73000000,0x0000010f73100000)]
  0x000002eefc3b2800 JavaThread "Timer-119849" [_thread_blocked, id=1620872, stack(0x0000010f72f00000,0x0000010f73000000)]
  0x000002eefc3a9000 JavaThread "Timer-119848" [_thread_blocked, id=1620868, stack(0x0000010f72e00000,0x0000010f72f00000)]
  0x000002eefc3af800 JavaThread "Timer-119847" [_thread_blocked, id=1620860, stack(0x0000010f72d00000,0x0000010f72e00000)]
  0x000002eefc3a8000 JavaThread "Timer-119846" [_thread_blocked, id=1620856, stack(0x0000010f72c00000,0x0000010f72d00000)]
  0x000002eefc3af000 JavaThread "Timer-119845" [_thread_blocked, id=1620852, stack(0x0000010f72b00000,0x0000010f72c00000)]
  0x000002eefc3ae000 JavaThread "Timer-119844" [_thread_blocked, id=1620848, stack(0x0000010f72a00000,0x0000010f72b00000)]
  0x000002eefc3ac800 JavaThread "Timer-119843" [_thread_blocked, id=1620840, stack(0x0000010f72900000,0x0000010f72a00000)]
  0x000002eefc3ac000 JavaThread "Timer-119842" [_thread_blocked, id=1620836, stack(0x0000010f72800000,0x0000010f72900000)]
  0x000002eefc3ab000 JavaThread "Timer-119841" [_thread_blocked, id=1620832, stack(0x0000010f72700000,0x0000010f72800000)]
  0x000002eefc3a7800 JavaThread "Timer-119840" [_thread_blocked, id=1620828, stack(0x0000010f72600000,0x0000010f72700000)]
  0x000002eefc3a9800 JavaThread "Timer-119839" [_thread_blocked, id=1620824, stack(0x0000010f72500000,0x0000010f72600000)]
  0x000002eefc3aa800 JavaThread "Timer-119838" [_thread_blocked, id=1620820, stack(0x0000010f72400000,0x0000010f72500000)]
  0x000002eefc3ad800 JavaThread "Timer-119837" [_thread_blocked, id=1620816, stack(0x0000010f72300000,0x0000010f72400000)]
  0x000002eefc01c800 JavaThread "Timer-119836" [_thread_blocked, id=1620812, stack(0x0000010f72200000,0x0000010f72300000)]
  0x000002eefc023000 JavaThread "Timer-119835" [_thread_blocked, id=1620808, stack(0x0000010f72100000,0x0000010f72200000)]
  0x000002eefc01c000 JavaThread "Timer-119834" [_thread_blocked, id=1620804, stack(0x0000010f72000000,0x0000010f72100000)]
  0x000002eefc022000 JavaThread "Timer-119833" [_thread_blocked, id=1620800, stack(0x0000010f71f00000,0x0000010f72000000)]
  0x000002eefc01d800 JavaThread "Timer-119832" [_thread_blocked, id=1620796, stack(0x0000010f71e00000,0x0000010f71f00000)]
  0x000002eefc01f000 JavaThread "Timer-119831" [_thread_blocked, id=1620792, stack(0x0000010f71d00000,0x0000010f71e00000)]
  0x000002eefc01a800 JavaThread "Timer-119830" [_thread_blocked, id=1620788, stack(0x0000010f71c00000,0x0000010f71d00000)]
  0x000002eefc01e000 JavaThread "Timer-119829" [_thread_blocked, id=1620784, stack(0x0000010f71b00000,0x0000010f71c00000)]
  0x000002eefc020000 JavaThread "Timer-119828" [_thread_blocked, id=1620780, stack(0x0000010f71a00000,0x0000010f71b00000)]
  0x000002eefc01b000 JavaThread "Timer-119827" [_thread_blocked, id=1620776, stack(0x0000010f71900000,0x0000010f71a00000)]
  0x000002eefc021800 JavaThread "Timer-119826" [_thread_blocked, id=1620772, stack(0x0000010f71800000,0x0000010f71900000)]
  0x000002eefc020800 JavaThread "Timer-119825" [_thread_blocked, id=1620768, stack(0x0000010f71700000,0x0000010f71800000)]
  0x000002eefc013000 JavaThread "Timer-119824" [_thread_blocked, id=1620764, stack(0x0000010f71600000,0x0000010f71700000)]
  0x000002eefc019000 JavaThread "Timer-119823" [_thread_blocked, id=1620760, stack(0x0000010f71500000,0x0000010f71600000)]
  0x000002eefc019800 JavaThread "Timer-119822" [_thread_blocked, id=1620756, stack(0x0000010f71400000,0x0000010f71500000)]
  0x000002eefc011800 JavaThread "Timer-119821" [_thread_blocked, id=1620752, stack(0x0000010f71300000,0x0000010f71400000)]
  0x000002eefc018000 JavaThread "Timer-119820" [_thread_blocked, id=1620748, stack(0x0000010f71200000,0x0000010f71300000)]
  0x000002eefc010800 JavaThread "Timer-119819" [_thread_blocked, id=1620744, stack(0x0000010f71100000,0x0000010f71200000)]
  0x000002eefc015000 JavaThread "Timer-119818" [_thread_blocked, id=1620740, stack(0x0000010f71000000,0x0000010f71100000)]
  0x000002eefc017800 JavaThread "Timer-119817" [_thread_blocked, id=1620736, stack(0x0000010f70f00000,0x0000010f71000000)]
  0x000002eefc016800 JavaThread "Timer-119816" [_thread_blocked, id=1620732, stack(0x0000010f70e00000,0x0000010f70f00000)]
  0x000002eefc014800 JavaThread "Timer-119815" [_thread_blocked, id=1620728, stack(0x0000010f70d00000,0x0000010f70e00000)]
  0x000002eefc012000 JavaThread "Timer-119814" [_thread_blocked, id=1620724, stack(0x0000010f70c00000,0x0000010f70d00000)]
  0x000002eefc016000 JavaThread "Timer-119813" [_thread_blocked, id=1620720, stack(0x0000010f70b00000,0x0000010f70c00000)]
  0x000002eefc013800 JavaThread "Timer-119812" [_thread_blocked, id=1620716, stack(0x0000010f70a00000,0x0000010f70b00000)]
  0x000002eefc00a800 JavaThread "Timer-119811" [_thread_blocked, id=1620712, stack(0x0000010f70900000,0x0000010f70a00000)]
  0x000002eefc010000 JavaThread "Timer-119810" [_thread_blocked, id=1620708, stack(0x0000010f70800000,0x0000010f70900000)]
  0x000002eefc008800 JavaThread "Timer-119809" [_thread_blocked, id=1620704, stack(0x0000010f70700000,0x0000010f70800000)]
  0x000002eefc00f000 JavaThread "Timer-119808" [_thread_blocked, id=1620700, stack(0x0000010f70600000,0x0000010f70700000)]
  0x000002eefc00e800 JavaThread "Timer-119807" [_thread_blocked, id=1620696, stack(0x0000010f70500000,0x0000010f70600000)]
  0x000002eefc007000 JavaThread "Timer-119806" [_thread_blocked, id=1620692, stack(0x0000010f70400000,0x0000010f70500000)]
  0x000002eefc00d800 JavaThread "Timer-119805" [_thread_blocked, id=1620688, stack(0x0000010f70300000,0x0000010f70400000)]
  0x000002eefc009000 JavaThread "Timer-119804" [_thread_blocked, id=1620684, stack(0x0000010f70200000,0x0000010f70300000)]
  0x000002eefc007800 JavaThread "Timer-119803" [_thread_blocked, id=1620680, stack(0x0000010f70100000,0x0000010f70200000)]
  0x000002eefc00d000 JavaThread "Timer-119802" [_thread_blocked, id=1620676, stack(0x0000010f70000000,0x0000010f70100000)]
  0x000002eefc00c000 JavaThread "Timer-119801" [_thread_blocked, id=1620672, stack(0x0000010f6ff00000,0x0000010f70000000)]
  0x000002eefc00b800 JavaThread "Timer-119800" [_thread_blocked, id=1620668, stack(0x0000010f6fe00000,0x0000010f6ff00000)]
  0x000002eefc00a000 JavaThread "Timer-119799" [_thread_blocked, id=1620664, stack(0x0000010f6fd00000,0x0000010f6fe00000)]
  0x000002eefbfff800 JavaThread "Timer-119798" [_thread_blocked, id=1620660, stack(0x0000010f6fc00000,0x0000010f6fd00000)]
  0x000002eefc006000 JavaThread "Timer-119797" [_thread_blocked, id=1620656, stack(0x0000010f6fb00000,0x0000010f6fc00000)]
  0x000002eefc005800 JavaThread "Timer-119796" [_thread_blocked, id=1620652, stack(0x0000010f6fa00000,0x0000010f6fb00000)]
  0x000002eefbffe000 JavaThread "Timer-119795" [_thread_blocked, id=1620648, stack(0x0000010f6f700000,0x0000010f6f800000)]
  0x000002eefc004800 JavaThread "Timer-119794" [_thread_blocked, id=1620644, stack(0x0000010f6f600000,0x0000010f6f700000)]
  0x000002eefbffd000 JavaThread "Timer-119793" [_thread_blocked, id=1620640, stack(0x0000010f6f500000,0x0000010f6f600000)]
  0x000002eefc003000 JavaThread "Timer-119792" [_thread_blocked, id=1620636, stack(0x0000010f6f400000,0x0000010f6f500000)]
  0x000002eefc004000 JavaThread "Timer-119791" [_thread_blocked, id=1620632, stack(0x0000010f6f300000,0x0000010f6f400000)]
  0x000002eefc002800 JavaThread "Timer-119790" [_thread_blocked, id=1620624, stack(0x0000010f6f200000,0x0000010f6f300000)]
  0x000002eefc000000 JavaThread "Timer-119789" [_thread_blocked, id=1620620, stack(0x0000010f6f100000,0x0000010f6f200000)]
  0x000002eefbffe800 JavaThread "Timer-119788" [_thread_blocked, id=1620616, stack(0x0000010f6f000000,0x0000010f6f100000)]
  0x000002eefc001800 JavaThread "Timer-119787" [_thread_blocked, id=1620612, stack(0x0000010f6ef00000,0x0000010f6f000000)]
  0x000002eefc06e800 JavaThread "Timer-119786" [_thread_blocked, id=1620608, stack(0x0000010f6ee00000,0x0000010f6ef00000)]
  0x000002eefc072800 JavaThread "Timer-119785" [_thread_blocked, id=1620600, stack(0x0000010f6ed00000,0x0000010f6ee00000)]
  0x000002eefc074800 JavaThread "Timer-119784" [_thread_blocked, id=1620596, stack(0x0000010f6ec00000,0x0000010f6ed00000)]
  0x000002eefc071800 JavaThread "Timer-119783" [_thread_blocked, id=1620592, stack(0x0000010f6eb00000,0x0000010f6ec00000)]
  0x000002eefc070000 JavaThread "Timer-119782" [_thread_blocked, id=1620588, stack(0x0000010f6ea00000,0x0000010f6eb00000)]
  0x000002eefc071000 JavaThread "Timer-119781" [_thread_blocked, id=1620584, stack(0x0000010f6e900000,0x0000010f6ea00000)]
  0x000002eefc075800 JavaThread "Timer-119780" [_thread_blocked, id=1620580, stack(0x0000010f6e800000,0x0000010f6e900000)]
  0x000002eefc074000 JavaThread "Timer-119779" [_thread_blocked, id=1620576, stack(0x0000010f6e700000,0x0000010f6e800000)]
  0x000002eefc06c800 JavaThread "Timer-119778" [_thread_blocked, id=1620572, stack(0x0000010f6e600000,0x0000010f6e700000)]
  0x000002eefc208000 JavaThread "Timer-119777" [_thread_blocked, id=1620568, stack(0x0000010f6e500000,0x0000010f6e600000)]
  0x000002eefc204800 JavaThread "Timer-119776" [_thread_blocked, id=1620564, stack(0x0000010f6e400000,0x0000010f6e500000)]
  0x000002eefc203000 JavaThread "Timer-119775" [_thread_blocked, id=1620560, stack(0x0000010f6e300000,0x0000010f6e400000)]
  0x000002eefc202000 JavaThread "Timer-119774" [_thread_blocked, id=1620556, stack(0x0000010f6e200000,0x0000010f6e300000)]
  0x000002eefc201800 JavaThread "Timer-119773" [_thread_blocked, id=1620552, stack(0x0000010f6e100000,0x0000010f6e200000)]
  0x000002eefc200800 JavaThread "Timer-119772" [_thread_blocked, id=1620548, stack(0x0000010f6e000000,0x0000010f6e100000)]
  0x000002eefc200000 JavaThread "Timer-119771" [_thread_blocked, id=1620544, stack(0x0000010f6df00000,0x0000010f6e000000)]
  0x000002eefc1f8800 JavaThread "Timer-119770" [_thread_blocked, id=1620540, stack(0x0000010f6de00000,0x0000010f6df00000)]
  0x000002eefc06f800 JavaThread "Timer-119769" [_thread_blocked, id=1620536, stack(0x0000010f6dd00000,0x0000010f6de00000)]
  0x000002eefc06d000 JavaThread "Timer-119768" [_thread_blocked, id=1620532, stack(0x0000010f6dc00000,0x0000010f6dd00000)]
  0x000002eefc001000 JavaThread "Timer-119767" [_thread_blocked, id=1620528, stack(0x0000010f6db00000,0x0000010f6dc00000)]
  0x000002eefbff5800 JavaThread "Timer-119766" [_thread_blocked, id=1620524, stack(0x0000010f6da00000,0x0000010f6db00000)]
  0x000002eefbffc800 JavaThread "Timer-119765" [_thread_blocked, id=1620520, stack(0x0000010f6d900000,0x0000010f6da00000)]
  0x000002eefbff5000 JavaThread "Timer-119764" [_thread_blocked, id=1620516, stack(0x0000010f6d800000,0x0000010f6d900000)]
  0x000002eefbffb800 JavaThread "Timer-119763" [_thread_blocked, id=1620512, stack(0x0000010f6d700000,0x0000010f6d800000)]
  0x000002eefbff4000 JavaThread "Timer-119762" [_thread_blocked, id=1620508, stack(0x0000010f6d600000,0x0000010f6d700000)]
  0x000002eefbffb000 JavaThread "Timer-119761" [_thread_blocked, id=1620504, stack(0x0000010f6d500000,0x0000010f6d600000)]
  0x000002eefbff3800 JavaThread "Timer-119760" [_thread_blocked, id=1620500, stack(0x0000010f6d400000,0x0000010f6d500000)]
  0x000002eefbffa000 JavaThread "Timer-119759" [_thread_blocked, id=1620496, stack(0x0000010f6d300000,0x0000010f6d400000)]
  0x000002eefbff9800 JavaThread "Timer-119758" [_thread_blocked, id=1620492, stack(0x0000010f6d200000,0x0000010f6d300000)]
  0x000002eefc1ff000 JavaThread "Timer-119757" [_thread_blocked, id=1620488, stack(0x0000010f6d100000,0x0000010f6d200000)]
  0x000002eefc1f7800 JavaThread "Timer-119756" [_thread_blocked, id=1620484, stack(0x0000010f6d000000,0x0000010f6d100000)]
  0x000002eefc1fe800 JavaThread "Timer-119755" [_thread_blocked, id=1620480, stack(0x0000010f6cf00000,0x0000010f6d000000)]
  0x000002eefc06e000 JavaThread "Timer-119754" [_thread_blocked, id=1620476, stack(0x0000010f6ce00000,0x0000010f6cf00000)]
  0x000002eefc0a6800 JavaThread "Timer-119753" [_thread_blocked, id=1620472, stack(0x0000010f6cd00000,0x0000010f6ce00000)]
  0x000002eefc0ac800 JavaThread "Timer-119752" [_thread_blocked, id=1620468, stack(0x0000010f6cc00000,0x0000010f6cd00000)]
  0x000002eefc0a5000 JavaThread "Timer-119751" [_thread_blocked, id=1620464, stack(0x0000010f6cb00000,0x0000010f6cc00000)]
  0x000002eefc0ab800 JavaThread "Timer-119750" [_thread_blocked, id=1620460, stack(0x0000010f6ca00000,0x0000010f6cb00000)]
  0x000002eefc0a4000 JavaThread "Timer-119749" [_thread_blocked, id=1620456, stack(0x0000010f6c900000,0x0000010f6ca00000)]
  0x000002eefc0a9800 JavaThread "Timer-119748" [_thread_blocked, id=1620452, stack(0x0000010f6c800000,0x0000010f6c900000)]
  0x000002eefc0a7000 JavaThread "Timer-119747" [_thread_blocked, id=1620448, stack(0x0000010f6c700000,0x0000010f6c800000)]
  0x000002eefc0a5800 JavaThread "Timer-119746" [_thread_blocked, id=1620444, stack(0x0000010f6c600000,0x0000010f6c700000)]
  0x000002eefc0a8800 JavaThread "Timer-119745" [_thread_blocked, id=1620440, stack(0x0000010f6c500000,0x0000010f6c600000)]
  0x000002eefc0ab000 JavaThread "Timer-119744" [_thread_blocked, id=1620436, stack(0x0000010f6c400000,0x0000010f6c500000)]
  0x000002eefc0a8000 JavaThread "Timer-119743" [_thread_blocked, id=1620432, stack(0x0000010f6c300000,0x0000010f6c400000)]
  0x000002eefc0aa000 JavaThread "Timer-119742" [_thread_blocked, id=1620428, stack(0x0000010f6c200000,0x0000010f6c300000)]
  0x000002eefc09c800 JavaThread "Timer-119741" [_thread_blocked, id=1620400, stack(0x0000010f6c100000,0x0000010f6c200000)]
  0x000002eefc0a3800 JavaThread "Timer-119740" [_thread_blocked, id=1620396, stack(0x0000010f6c000000,0x0000010f6c100000)]
  0x000002eefc1fc000 JavaThread "Timer-119739" [_thread_blocked, id=1620392, stack(0x0000010f6bf00000,0x0000010f6c000000)]
  0x000002eefc1f7000 JavaThread "Timer-119738" [_thread_blocked, id=1620388, stack(0x0000010f6be00000,0x0000010f6bf00000)]
  0x000002eefc1fb800 JavaThread "Timer-119737" [_thread_blocked, id=1620384, stack(0x0000010f6bd00000,0x0000010f6be00000)]
  0x000002eefc1f9000 JavaThread "Timer-119736" [_thread_blocked, id=1620380, stack(0x0000010f6bc00000,0x0000010f6bd00000)]
  0x000002eefc1fa800 JavaThread "Timer-119735" [_thread_blocked, id=1620376, stack(0x0000010f6bb00000,0x0000010f6bc00000)]
  0x000002eefc1fd800 JavaThread "Timer-119734" [_thread_blocked, id=1620372, stack(0x0000010f6ba00000,0x0000010f6bb00000)]
  0x000002eefc1fd000 JavaThread "Timer-119733" [_thread_blocked, id=1620368, stack(0x0000010f6b900000,0x0000010f6ba00000)]
  0x000002eefc1fa000 JavaThread "Timer-119732" [_thread_blocked, id=1620364, stack(0x0000010f6b800000,0x0000010f6b900000)]
  0x000002eefc1ef000 JavaThread "Timer-119731" [_thread_blocked, id=1620360, stack(0x0000010f6b700000,0x0000010f6b800000)]
  0x000002eefc1f6000 JavaThread "Timer-119730" [_thread_blocked, id=1620356, stack(0x0000010f6b600000,0x0000010f6b700000)]
  0x000002eefc1f5800 JavaThread "Timer-119729" [_thread_blocked, id=1620352, stack(0x0000010f6b500000,0x0000010f6b600000)]
  0x000002eefc1f4800 JavaThread "Timer-119728" [_thread_blocked, id=1620348, stack(0x0000010f6b400000,0x0000010f6b500000)]
  0x000002eefc1ed800 JavaThread "Timer-119727" [_thread_blocked, id=1620344, stack(0x0000010f6b300000,0x0000010f6b400000)]
  0x000002eefc1f3800 JavaThread "Timer-119726" [_thread_blocked, id=1620340, stack(0x0000010f6b200000,0x0000010f6b300000)]
  0x000002eefc1f0800 JavaThread "Timer-119725" [_thread_blocked, id=1620336, stack(0x0000010f6b100000,0x0000010f6b200000)]
  0x000002eefc1f2000 JavaThread "Timer-119724" [_thread_blocked, id=1620332, stack(0x0000010f6b000000,0x0000010f6b100000)]
  0x000002eefc1ee800 JavaThread "Timer-119723" [_thread_blocked, id=1620328, stack(0x0000010f6af00000,0x0000010f6b000000)]
  0x000002eefc1f1800 JavaThread "Timer-119722" [_thread_blocked, id=1620324, stack(0x0000010f6ae00000,0x0000010f6af00000)]
  0x000002eefc1f0000 JavaThread "Timer-119721" [_thread_blocked, id=1620320, stack(0x0000010f6ad00000,0x0000010f6ae00000)]
  0x000002eefc1f3000 JavaThread "Timer-119720" [_thread_blocked, id=1620316, stack(0x0000010f6ac00000,0x0000010f6ad00000)]
  0x000002eefc1e6000 JavaThread "Timer-119719" [_thread_blocked, id=1620312, stack(0x0000010f6ab00000,0x0000010f6ac00000)]
  0x000002eefc1ec000 JavaThread "Timer-119718" [_thread_blocked, id=1620308, stack(0x0000010f6aa00000,0x0000010f6ab00000)]
  0x000002eefc1e9000 JavaThread "Timer-119717" [_thread_blocked, id=1620304, stack(0x0000010f6a900000,0x0000010f6aa00000)]
  0x000002eefc1eb800 JavaThread "Timer-119716" [_thread_blocked, id=1620300, stack(0x0000010f6a800000,0x0000010f6a900000)]
  0x000002eefc1e7800 JavaThread "Timer-119715" [_thread_blocked, id=1620296, stack(0x0000010f6a700000,0x0000010f6a800000)]
  0x000002eefc1e7000 JavaThread "Timer-119714" [_thread_blocked, id=1620292, stack(0x0000010f6a600000,0x0000010f6a700000)]
  0x000002eefc1ed000 JavaThread "Timer-119713" [_thread_blocked, id=1620280, stack(0x0000010f6a500000,0x0000010f6a600000)]
  0x000002eefc1e5800 JavaThread "Timer-119712" [_thread_blocked, id=1620276, stack(0x0000010f6a400000,0x0000010f6a500000)]
  0x000002eefc1ea800 JavaThread "Timer-119711" [_thread_blocked, id=1620272, stack(0x0000010f6a300000,0x0000010f6a400000)]
  0x000002eefc1ea000 JavaThread "Timer-119710" [_thread_blocked, id=1620268, stack(0x0000010f6a200000,0x0000010f6a300000)]
  0x000002eefc1e8800 JavaThread "Timer-119709" [_thread_blocked, id=1620264, stack(0x0000010f6a100000,0x0000010f6a200000)]
  0x000002eefc1de000 JavaThread "Timer-119708" [_thread_blocked, id=1620260, stack(0x0000010f6a000000,0x0000010f6a100000)]
  0x000002eefc1e4800 JavaThread "Timer-119707" [_thread_blocked, id=1620256, stack(0x0000010f69f00000,0x0000010f6a000000)]
  0x000002eefc1e4000 JavaThread "Timer-119706" [_thread_blocked, id=1620252, stack(0x0000010f69e00000,0x0000010f69f00000)]
  0x000002eefc1e3000 JavaThread "Timer-119705" [_thread_blocked, id=1620248, stack(0x0000010f69d00000,0x0000010f69e00000)]
  0x000002eefc0a2800 JavaThread "Timer-119704" [_thread_blocked, id=1620244, stack(0x0000010f69c00000,0x0000010f69d00000)]
  0x000002eefc0a1000 JavaThread "Timer-119703" [_thread_blocked, id=1620240, stack(0x0000010f69b00000,0x0000010f69c00000)]
  0x000002eefc09f800 JavaThread "Timer-119702" [_thread_blocked, id=1620236, stack(0x0000010f69a00000,0x0000010f69b00000)]
  0x000002eefc09e000 JavaThread "Timer-119701" [_thread_blocked, id=1620232, stack(0x0000010f69900000,0x0000010f69a00000)]
  0x000002eefc0a0800 JavaThread "Timer-119700" [_thread_blocked, id=1620228, stack(0x0000010f69800000,0x0000010f69900000)]
  0x000002eefb70e800 JavaThread "Timer-119699" [_thread_blocked, id=1620224, stack(0x0000010f69700000,0x0000010f69800000)]
  0x000002eefb711800 JavaThread "Timer-119698" [_thread_blocked, id=1620220, stack(0x0000010f69600000,0x0000010f69700000)]
  0x000002eefb713800 JavaThread "Timer-119697" [_thread_blocked, id=1620216, stack(0x0000010f69500000,0x0000010f69600000)]
  0x000002eefb714800 JavaThread "Timer-119696" [_thread_blocked, id=1620208, stack(0x0000010f69400000,0x0000010f69500000)]
  0x000002eefbff8800 JavaThread "Timer-119695" [_thread_blocked, id=1620204, stack(0x0000010f69300000,0x0000010f69400000)]
  0x000002eefbff7000 JavaThread "Timer-119694" [_thread_blocked, id=1620200, stack(0x0000010f69200000,0x0000010f69300000)]
  0x000002eefbff8000 JavaThread "Timer-119693" [_thread_blocked, id=1620196, stack(0x0000010f69100000,0x0000010f69200000)]
  0x000002eefbff6800 JavaThread "Timer-119692" [_thread_blocked, id=1620192, stack(0x0000010f69000000,0x0000010f69100000)]
  0x000002eefc030800 JavaThread "Timer-119691" [_thread_blocked, id=1620188, stack(0x0000010f68f00000,0x0000010f69000000)]
  0x000002eefc02f800 JavaThread "Timer-119690" [_thread_blocked, id=1620184, stack(0x0000010f68e00000,0x0000010f68f00000)]
  0x000002eefc02f000 JavaThread "Timer-119689" [_thread_blocked, id=1620180, stack(0x0000010f68d00000,0x0000010f68e00000)]
  0x000002eefc032800 JavaThread "Timer-119688" [_thread_blocked, id=1620172, stack(0x0000010f68c00000,0x0000010f68d00000)]
  0x000002eefc032000 JavaThread "Timer-119687" [_thread_blocked, id=1620168, stack(0x0000010f68b00000,0x0000010f68c00000)]
  0x000002eefc031000 JavaThread "Timer-119686" [_thread_blocked, id=1620164, stack(0x0000010f68a00000,0x0000010f68b00000)]
  0x000002eefc1db800 JavaThread "Timer-119685" [_thread_blocked, id=1620160, stack(0x0000010f68900000,0x0000010f68a00000)]
  0x000002eefc1e2800 JavaThread "Timer-119684" [_thread_blocked, id=1620156, stack(0x0000010f68800000,0x0000010f68900000)]
  0x000002eefc1e0000 JavaThread "Timer-119683" [_thread_blocked, id=1620152, stack(0x0000010f68700000,0x0000010f68800000)]
  0x000002eefc1e1800 JavaThread "Timer-119682" [_thread_blocked, id=1620148, stack(0x0000010f68600000,0x0000010f68700000)]
  0x000002eefc1dd000 JavaThread "Timer-119681" [_thread_blocked, id=1620144, stack(0x0000010f68500000,0x0000010f68600000)]
  0x000002eefc1df800 JavaThread "Timer-119680" [_thread_blocked, id=1620140, stack(0x0000010f68400000,0x0000010f68500000)]
  0x000002eefc1dc800 JavaThread "Timer-119679" [_thread_blocked, id=1620136, stack(0x0000010f68300000,0x0000010f68400000)]
  0x000002eefc1de800 JavaThread "Timer-119678" [_thread_blocked, id=1620132, stack(0x0000010f68200000,0x0000010f68300000)]
  0x000002eefc1e1000 JavaThread "Timer-119677" [_thread_blocked, id=1620128, stack(0x0000010f68100000,0x0000010f68200000)]
  0x000002eefacac800 JavaThread "Timer-119676" [_thread_blocked, id=1620124, stack(0x0000010f68000000,0x0000010f68100000)]
  0x000002eefacae000 JavaThread "Timer-119675" [_thread_blocked, id=1620120, stack(0x0000010f67f00000,0x0000010f68000000)]
  0x000002eefc1db000 JavaThread "Timer-119674" [_thread_blocked, id=1620116, stack(0x0000010f67e00000,0x0000010f67f00000)]
  0x000002eefc1d3800 JavaThread "Timer-119673" [_thread_blocked, id=1620112, stack(0x0000010f67d00000,0x0000010f67e00000)]
  0x000002eefc1d5800 JavaThread "Timer-119672" [_thread_blocked, id=1620108, stack(0x0000010f67c00000,0x0000010f67d00000)]
  0x000002eefc1d6800 JavaThread "Timer-119671" [_thread_blocked, id=1620104, stack(0x0000010f67b00000,0x0000010f67c00000)]
  0x000002eefc1d5000 JavaThread "Timer-119670" [_thread_blocked, id=1620100, stack(0x0000010f67a00000,0x0000010f67b00000)]
  0x000002eefc1d7000 JavaThread "Timer-119669" [_thread_blocked, id=1620096, stack(0x0000010f67900000,0x0000010f67a00000)]
  0x000002eefc1da000 JavaThread "Timer-119668" [_thread_blocked, id=1620092, stack(0x0000010f67800000,0x0000010f67900000)]
  0x000002eefc1d4000 JavaThread "Timer-119667" [_thread_blocked, id=1620088, stack(0x0000010f67700000,0x0000010f67800000)]
  0x000002eefc1d9800 JavaThread "Timer-119666" [_thread_blocked, id=1620084, stack(0x0000010f67600000,0x0000010f67700000)]
  0x000002eefc1d8800 JavaThread "Timer-119665" [_thread_blocked, id=1620080, stack(0x0000010f67500000,0x0000010f67600000)]
  0x000002eefc1d8000 JavaThread "Timer-119664" [_thread_blocked, id=1620076, stack(0x0000010f67400000,0x0000010f67500000)]
  0x000002eefb8ff800 JavaThread "Timer-119663" [_thread_blocked, id=1620072, stack(0x0000010f67300000,0x0000010f67400000)]
  0x000002eefb8fe800 JavaThread "Timer-119662" [_thread_blocked, id=1620068, stack(0x0000010f67200000,0x0000010f67300000)]
  0x000002eefb8f7000 JavaThread "Timer-119661" [_thread_blocked, id=1620064, stack(0x0000010f67100000,0x0000010f67200000)]
  0x000002eefb8fe000 JavaThread "Timer-119660" [_thread_blocked, id=1620060, stack(0x0000010f67000000,0x0000010f67100000)]
  0x000002eefb8f6800 JavaThread "Timer-119659" [_thread_blocked, id=1620056, stack(0x0000010f66f00000,0x0000010f67000000)]
  0x000002eefb8fd000 JavaThread "Timer-119658" [_thread_blocked, id=1620052, stack(0x0000010f66e00000,0x0000010f66f00000)]
  0x000002eefb8fc800 JavaThread "Timer-119657" [_thread_blocked, id=1620048, stack(0x0000010f66d00000,0x0000010f66e00000)]
  0x000002eefb8fb800 JavaThread "Timer-119656" [_thread_blocked, id=1620044, stack(0x0000010f66c00000,0x0000010f66d00000)]
  0x000002eefb8f4000 JavaThread "Timer-119655" [_thread_blocked, id=1620040, stack(0x0000010f66b00000,0x0000010f66c00000)]
  0x000002eefb8fb000 JavaThread "Timer-119654" [_thread_blocked, id=1620036, stack(0x0000010f66a00000,0x0000010f66b00000)]
  0x000002eefb8fa000 JavaThread "Timer-119653" [_thread_blocked, id=1620032, stack(0x0000010f66900000,0x0000010f66a00000)]
  0x000002eefb8f8800 JavaThread "Timer-119652" [_thread_blocked, id=1620028, stack(0x0000010f66800000,0x0000010f66900000)]
  0x000002eefb8f8000 JavaThread "Timer-119651" [_thread_blocked, id=1620024, stack(0x0000010f66700000,0x0000010f66800000)]
  0x000002eefb8f9800 JavaThread "Timer-119650" [_thread_blocked, id=1620020, stack(0x0000010f66600000,0x0000010f66700000)]
  0x000002eefb8ef800 JavaThread "Timer-119649" [_thread_blocked, id=1620016, stack(0x0000010f66500000,0x0000010f66600000)]
  0x000002eefb8f5800 JavaThread "Timer-119648" [_thread_blocked, id=1620012, stack(0x0000010f66400000,0x0000010f66500000)]
  0x000002eefb8f2000 JavaThread "Timer-119647" [_thread_blocked, id=1620008, stack(0x0000010f66300000,0x0000010f66400000)]
  0x000002eefb8f2800 JavaThread "Timer-119646" [_thread_blocked, id=1620004, stack(0x0000010f66200000,0x0000010f66300000)]
  0x000002eefb8f1000 JavaThread "Timer-119645" [_thread_blocked, id=1620000, stack(0x0000010f66100000,0x0000010f66200000)]
  0x000002eefb8f3800 JavaThread "Timer-119644" [_thread_blocked, id=1619996, stack(0x0000010f66000000,0x0000010f66100000)]
  0x000002eefb8f5000 JavaThread "Timer-119643" [_thread_blocked, id=1619992, stack(0x0000010f65f00000,0x0000010f66000000)]
  0x000002eefb8f0800 JavaThread "Timer-119642" [_thread_blocked, id=1619988, stack(0x0000010f65e00000,0x0000010f65f00000)]
  0x000002eef0254800 JavaThread "Timer-119641" [_thread_blocked, id=1619984, stack(0x0000010f65d00000,0x0000010f65e00000)]
  0x000002eef0253800 JavaThread "Timer-119640" [_thread_blocked, id=1619980, stack(0x0000010f65c00000,0x0000010f65d00000)]
  0x000002eef0246000 JavaThread "Timer-119639" [_thread_blocked, id=1619976, stack(0x0000010f65b00000,0x0000010f65c00000)]
  0x000002eefb8ef000 JavaThread "Timer-119638" [_thread_blocked, id=1619972, stack(0x0000010f65a00000,0x0000010f65b00000)]
  0x000002eefb8ee000 JavaThread "Timer-119637" [_thread_blocked, id=1619156, stack(0x0000010f65900000,0x0000010f65a00000)]
  0x000002eefb8ed800 JavaThread "Timer-119636" [_thread_blocked, id=1619784, stack(0x0000010f65800000,0x0000010f65900000)]
  0x000002eefb8e5800 JavaThread "Timer-119635" [_thread_blocked, id=1594028, stack(0x0000010f65700000,0x0000010f65800000)]
  0x000002eefb8ec800 JavaThread "Timer-119634" [_thread_blocked, id=1552412, stack(0x0000010f65600000,0x0000010f65700000)]
  0x000002eefb8ec000 JavaThread "Timer-119633" [_thread_blocked, id=1596140, stack(0x0000010f65500000,0x0000010f65600000)]
  0x000002eefb8eb000 JavaThread "Timer-119632" [_thread_blocked, id=281540, stack(0x0000010f65400000,0x0000010f65500000)]
  0x000002eefb8e3800 JavaThread "Timer-119631" [_thread_blocked, id=1619080, stack(0x0000010f65300000,0x0000010f65400000)]
  0x000002eefb8ea000 JavaThread "Timer-119630" [_thread_blocked, id=1612632, stack(0x0000010f65200000,0x0000010f65300000)]
  0x000002eefb8e8800 JavaThread "Timer-119629" [_thread_blocked, id=1505872, stack(0x0000010f65100000,0x0000010f65200000)]
  0x000002eefb8e9800 JavaThread "Timer-119628" [_thread_blocked, id=1615744, stack(0x0000010f65000000,0x0000010f65100000)]
  0x000002eefb8e5000 JavaThread "Timer-119627" [_thread_blocked, id=1594284, stack(0x0000010f64f00000,0x0000010f65000000)]
  0x000002eefb8e7000 JavaThread "Timer-119626" [_thread_blocked, id=1608760, stack(0x0000010f64e00000,0x0000010f64f00000)]
  0x000002eefb8e4000 JavaThread "Timer-119625" [_thread_blocked, id=1612428, stack(0x0000010f64d00000,0x0000010f64e00000)]
  0x000002eefb8e6800 JavaThread "Timer-119624" [_thread_blocked, id=1612720, stack(0x0000010f64c00000,0x0000010f64d00000)]
  0x000002eefb8e8000 JavaThread "Timer-119623" [_thread_blocked, id=1230104, stack(0x0000010f64b00000,0x0000010f64c00000)]
  0x000002eefb8dc000 JavaThread "Timer-119622" [_thread_blocked, id=1596708, stack(0x0000010f64a00000,0x0000010f64b00000)]
  0x000002eefb8e2800 JavaThread "Timer-119621" [_thread_blocked, id=1585908, stack(0x0000010f64900000,0x0000010f64a00000)]
  0x000002eefb8e2000 JavaThread "Timer-119620" [_thread_blocked, id=1558872, stack(0x0000010f64800000,0x0000010f64900000)]
  0x000002eefb8da800 JavaThread "Timer-119619" [_thread_blocked, id=1563684, stack(0x0000010f64700000,0x0000010f64800000)]
  0x000002eefb8db000 JavaThread "Timer-119618" [_thread_blocked, id=1596920, stack(0x0000010f64600000,0x0000010f64700000)]
  0x000002eefb8e1000 JavaThread "Timer-119617" [_thread_blocked, id=1552488, stack(0x0000010f64500000,0x0000010f64600000)]
  0x000002eefb8e0800 JavaThread "Timer-119616" [_thread_blocked, id=1577796, stack(0x0000010f64400000,0x0000010f64500000)]
  0x000002eefb8d9000 JavaThread "Timer-119615" [_thread_blocked, id=1573760, stack(0x0000010f64300000,0x0000010f64400000)]
  0x000002eefc09f000 JavaThread "Timer-119614" [_thread_blocked, id=1572296, stack(0x0000010f64200000,0x0000010f64300000)]
  0x000002eefc09d800 JavaThread "Timer-119613" [_thread_blocked, id=830368, stack(0x0000010f64100000,0x0000010f64200000)]
  0x000002eefc0a2000 JavaThread "Timer-119612" [_thread_blocked, id=1110056, stack(0x0000010f64000000,0x0000010f64100000)]
  0x000002eefb8ba000 JavaThread "Timer-119611" [_thread_blocked, id=1198852, stack(0x0000010f63f00000,0x0000010f64000000)]
  0x000002eefb8df800 JavaThread "Timer-119610" [_thread_blocked, id=1576988, stack(0x0000010f63e00000,0x0000010f63f00000)]
  0x000002eefb8df000 JavaThread "Timer-119609" [_thread_blocked, id=1573812, stack(0x0000010f63d00000,0x0000010f63e00000)]
  0x000002eefb8dc800 JavaThread "Timer-119608" [_thread_blocked, id=18940, stack(0x0000010f63c00000,0x0000010f63d00000)]
  0x000002eefb8de000 JavaThread "Timer-119607" [_thread_blocked, id=18716, stack(0x0000010f63b00000,0x0000010f63c00000)]
  0x000002eefb8d9800 JavaThread "Timer-119606" [_thread_blocked, id=1618516, stack(0x0000010f63a00000,0x0000010f63b00000)]
  0x000002eefb8dd800 JavaThread "Timer-119605" [_thread_blocked, id=1619168, stack(0x0000010f63900000,0x0000010f63a00000)]
  0x000002eefb8d8000 JavaThread "Timer-119604" [_thread_blocked, id=1619960, stack(0x0000010f63800000,0x0000010f63900000)]
  0x000002eefb8d0800 JavaThread "Timer-119603" [_thread_blocked, id=1619956, stack(0x0000010f63700000,0x0000010f63800000)]
  0x000002eefb8d7800 JavaThread "Timer-119602" [_thread_blocked, id=1619952, stack(0x0000010f63600000,0x0000010f63700000)]
  0x000002eefb8d6000 JavaThread "Timer-119601" [_thread_blocked, id=1619948, stack(0x0000010f63500000,0x0000010f63600000)]
  0x000002eefb8d5000 JavaThread "Timer-119600" [_thread_blocked, id=1619944, stack(0x0000010f63400000,0x0000010f63500000)]
  0x000002eefc02e000 JavaThread "Timer-119599" [_thread_blocked, id=1619940, stack(0x0000010f63300000,0x0000010f63400000)]
  0x000002eefc02d800 JavaThread "Timer-119598" [_thread_blocked, id=1619936, stack(0x0000010f63200000,0x0000010f63300000)]
  0x000002eefc033800 JavaThread "Timer-119597" [_thread_blocked, id=1619932, stack(0x0000010f63100000,0x0000010f63200000)]
  0x000002eefc026800 JavaThread "Timer-119596" [_thread_blocked, id=1619928, stack(0x0000010f63000000,0x0000010f63100000)]
  0x000002eefc02c000 JavaThread "Timer-119595" [_thread_blocked, id=1619924, stack(0x0000010f62f00000,0x0000010f63000000)]
  0x000002eefc02b000 JavaThread "Timer-119594" [_thread_blocked, id=1619920, stack(0x0000010f62e00000,0x0000010f62f00000)]
  0x000002eefc02c800 JavaThread "Timer-119593" [_thread_blocked, id=1619916, stack(0x0000010f62d00000,0x0000010f62e00000)]
  0x000002eefc028000 JavaThread "Timer-119592" [_thread_blocked, id=1619912, stack(0x0000010f62c00000,0x0000010f62d00000)]
  0x000002eefc02a800 JavaThread "Timer-119591" [_thread_blocked, id=1619908, stack(0x0000010f62b00000,0x0000010f62c00000)]
  0x000002eefc027800 JavaThread "Timer-119590" [_thread_blocked, id=1619904, stack(0x0000010f62a00000,0x0000010f62b00000)]
  0x000002eefc024800 JavaThread "Timer-119589" [_thread_blocked, id=1619900, stack(0x0000010f62900000,0x0000010f62a00000)]
  0x000002eefc026000 JavaThread "Timer-119588" [_thread_blocked, id=1619896, stack(0x0000010f62800000,0x0000010f62900000)]
  0x000002eefc025000 JavaThread "Timer-119587" [_thread_blocked, id=1619892, stack(0x0000010f62700000,0x0000010f62800000)]
  0x000002eefc029800 JavaThread "Timer-119586" [_thread_blocked, id=1619888, stack(0x0000010f62600000,0x0000010f62700000)]
  0x000002eefc023800 JavaThread "Timer-119585" [_thread_blocked, id=1619884, stack(0x0000010f62500000,0x0000010f62600000)]
  0x000002eefc029000 JavaThread "Timer-119584" [_thread_blocked, id=1619880, stack(0x0000010f62400000,0x0000010f62500000)]
  0x000002eefbd72800 JavaThread "Timer-119583" [_thread_blocked, id=1619876, stack(0x0000010f62300000,0x0000010f62400000)]
  0x000002eefbd79800 JavaThread "Timer-119582" [_thread_blocked, id=1619872, stack(0x0000010f62200000,0x0000010f62300000)]
  0x000002eefbd78000 JavaThread "Timer-119581" [_thread_blocked, id=1619868, stack(0x0000010f62100000,0x0000010f62200000)]
  0x000002eefbd75800 JavaThread "Timer-119580" [_thread_blocked, id=1619864, stack(0x0000010f62000000,0x0000010f62100000)]
  0x000002eefbd74000 JavaThread "Timer-119579" [_thread_blocked, id=1619860, stack(0x0000010f61f00000,0x0000010f62000000)]
  0x000002eefbd75000 JavaThread "Timer-119578" [_thread_blocked, id=1619856, stack(0x0000010f61e00000,0x0000010f61f00000)]
  0x000002eefbd72000 JavaThread "Timer-119577" [_thread_blocked, id=1619852, stack(0x0000010f61d00000,0x0000010f61e00000)]
  0x000002eefbd76800 JavaThread "Timer-119576" [_thread_blocked, id=1619848, stack(0x0000010f61c00000,0x0000010f61d00000)]
  0x000002eefbd73800 JavaThread "Timer-119575" [_thread_blocked, id=1619844, stack(0x0000010f61b00000,0x0000010f61c00000)]
  0x000002eefbd77000 JavaThread "Timer-119574" [_thread_blocked, id=1619840, stack(0x0000010f61a00000,0x0000010f61b00000)]
  0x000002eefbd78800 JavaThread "Timer-119573" [_thread_blocked, id=1619836, stack(0x0000010f61900000,0x0000010f61a00000)]
  0x000002eefbd6b000 JavaThread "Timer-119572" [_thread_blocked, id=1619832, stack(0x0000010f61800000,0x0000010f61900000)]
  0x000002eefb8b7000 JavaThread "Timer-119571" [_thread_blocked, id=1619828, stack(0x0000010f61700000,0x0000010f61800000)]
  0x000002eefb8b6800 JavaThread "Timer-119570" [_thread_blocked, id=1619820, stack(0x0000010f61600000,0x0000010f61700000)]
  0x000002eefb8b8800 JavaThread "Timer-119569" [_thread_blocked, id=1619816, stack(0x0000010f61500000,0x0000010f61600000)]
  0x000002eefb8bd000 JavaThread "Timer-119568" [_thread_blocked, id=1619812, stack(0x0000010f61400000,0x0000010f61500000)]
  0x000002eefb8bc800 JavaThread "Timer-119567" [_thread_blocked, id=1619808, stack(0x0000010f61300000,0x0000010f61400000)]
  0x000002eefb8bb000 JavaThread "Timer-119566" [_thread_blocked, id=1619804, stack(0x0000010f61200000,0x0000010f61300000)]
  0x000002eefb8b9800 JavaThread "Timer-119565" [_thread_blocked, id=1619800, stack(0x0000010f61100000,0x0000010f61200000)]
  0x000002eefb8b8000 JavaThread "Timer-119564" [_thread_blocked, id=1619796, stack(0x0000010f61000000,0x0000010f61100000)]
  0x000002eefb8bb800 JavaThread "Timer-119563" [_thread_blocked, id=1619792, stack(0x0000010f60f00000,0x0000010f61000000)]
  0x000002eefb8af000 JavaThread "Timer-119562" [_thread_blocked, id=1619788, stack(0x0000010f60e00000,0x0000010f60f00000)]
  0x000002eefb8b5800 JavaThread "Timer-119561" [_thread_blocked, id=1619780, stack(0x0000010f60d00000,0x0000010f60e00000)]
  0x000002eefb8ae000 JavaThread "Timer-119560" [_thread_blocked, id=1619776, stack(0x0000010f60c00000,0x0000010f60d00000)]
  0x000002eefb8b2000 JavaThread "Timer-119559" [_thread_blocked, id=1619772, stack(0x0000010f60b00000,0x0000010f60c00000)]
  0x000002eefb8af800 JavaThread "Timer-119558" [_thread_blocked, id=1619768, stack(0x0000010f60a00000,0x0000010f60b00000)]
  0x000002eefb8b1000 JavaThread "Timer-119557" [_thread_blocked, id=1619764, stack(0x0000010f60900000,0x0000010f60a00000)]
  0x000002eefb8b5000 JavaThread "Timer-119556" [_thread_blocked, id=1619760, stack(0x0000010f60800000,0x0000010f60900000)]
  0x000002eefb8b4000 JavaThread "Timer-119555" [_thread_blocked, id=1619756, stack(0x0000010f60700000,0x0000010f60800000)]
  0x000002eefbd6c800 JavaThread "Timer-119554" [_thread_blocked, id=1619752, stack(0x0000010f60600000,0x0000010f60700000)]
  0x000002eefbd6a800 JavaThread "Timer-119553" [_thread_blocked, id=1619748, stack(0x0000010f60500000,0x0000010f60600000)]
  0x000002eefbd71000 JavaThread "Timer-119552" [_thread_blocked, id=1619744, stack(0x0000010f60400000,0x0000010f60500000)]
  0x000002eefbd6c000 JavaThread "Timer-119551" [_thread_blocked, id=1619740, stack(0x0000010f60300000,0x0000010f60400000)]
  0x000002eefbd69800 JavaThread "Timer-119550" [_thread_blocked, id=1619736, stack(0x0000010f60200000,0x0000010f60300000)]
  0x000002eefbd6f000 JavaThread "Timer-119549" [_thread_blocked, id=1619732, stack(0x0000010f60100000,0x0000010f60200000)]
  0x000002eefbd70800 JavaThread "Timer-119548" [_thread_blocked, id=1619728, stack(0x0000010f60000000,0x0000010f60100000)]
  0x000002eefbd6f800 JavaThread "Timer-119547" [_thread_blocked, id=1619724, stack(0x0000010f5ff00000,0x0000010f60000000)]
  0x000002eefbd6d800 JavaThread "Timer-119546" [_thread_blocked, id=1619720, stack(0x0000010f5fe00000,0x0000010f5ff00000)]
  0x000002eefbd6e000 JavaThread "Timer-119545" [_thread_blocked, id=1619716, stack(0x0000010f5fd00000,0x0000010f5fe00000)]
  0x000002eefbd69000 JavaThread "Timer-119544" [_thread_blocked, id=1619712, stack(0x0000010f5fc00000,0x0000010f5fd00000)]
  0x000002eefbd67800 JavaThread "Timer-119543" [_thread_blocked, id=1619708, stack(0x0000010f5fb00000,0x0000010f5fc00000)]
  0x000002eefbd68000 JavaThread "Timer-119542" [_thread_blocked, id=1619704, stack(0x0000010f5fa00000,0x0000010f5fb00000)]
  0x000002eefbd66800 JavaThread "Timer-119541" [_thread_blocked, id=1619700, stack(0x0000010f5f900000,0x0000010f5fa00000)]
  0x000002eefbd66000 JavaThread "Timer-119540" [_thread_blocked, id=1619692, stack(0x0000010f5f800000,0x0000010f5f900000)]
  0x000002eefbd5e000 JavaThread "Timer-119539" [_thread_blocked, id=1619688, stack(0x0000010f5f500000,0x0000010f5f600000)]
  0x000002eefbd65000 JavaThread "Timer-119538" [_thread_blocked, id=1619684, stack(0x0000010f5f400000,0x0000010f5f500000)]
  0x000002eefbd64000 JavaThread "Timer-119537" [_thread_blocked, id=1619680, stack(0x0000010f5f300000,0x0000010f5f400000)]
  0x000002eefbd63800 JavaThread "Timer-119536" [_thread_blocked, id=1619676, stack(0x0000010f5f200000,0x0000010f5f300000)]
  0x000002eefbd61000 JavaThread "Timer-119535" [_thread_blocked, id=1619672, stack(0x0000010f5f100000,0x0000010f5f200000)]
  0x000002eefbd5c000 JavaThread "Timer-119534" [_thread_blocked, id=1619668, stack(0x0000010f5f000000,0x0000010f5f100000)]
  0x000002eefbd5d800 JavaThread "Timer-119533" [_thread_blocked, id=1619664, stack(0x0000010f5ef00000,0x0000010f5f000000)]
  0x000002eefaca1800 JavaThread "Timer-119532" [_thread_blocked, id=1619660, stack(0x0000010f5ee00000,0x0000010f5ef00000)]
  0x000002eefaca8000 JavaThread "Timer-119531" [_thread_blocked, id=1619656, stack(0x0000010f5ed00000,0x0000010f5ee00000)]
  0x000002eefaca5000 JavaThread "Timer-119530" [_thread_blocked, id=1619652, stack(0x0000010f5ec00000,0x0000010f5ed00000)]
  0x000002eefaca7800 JavaThread "Timer-119529" [_thread_blocked, id=1619648, stack(0x0000010f5eb00000,0x0000010f5ec00000)]
  0x000002eefaca6800 JavaThread "Timer-119528" [_thread_blocked, id=1619644, stack(0x0000010f5ea00000,0x0000010f5eb00000)]
  0x000002eefaca6000 JavaThread "Timer-119527" [_thread_blocked, id=1619640, stack(0x0000010f5e900000,0x0000010f5ea00000)]
  0x000002eefaca0800 JavaThread "Timer-119526" [_thread_blocked, id=1619636, stack(0x0000010f5e800000,0x0000010f5e900000)]
  0x000002eefac9d800 JavaThread "Timer-119525" [_thread_blocked, id=1619632, stack(0x0000010f5e700000,0x0000010f5e800000)]
  0x000002eefaca0000 JavaThread "Timer-119524" [_thread_blocked, id=1619628, stack(0x0000010f5e600000,0x0000010f5e700000)]
  0x000002eefaca3000 JavaThread "Timer-119523" [_thread_blocked, id=1619624, stack(0x0000010f5e500000,0x0000010f5e600000)]
  0x000002eefaca3800 JavaThread "Timer-119522" [_thread_blocked, id=1619620, stack(0x0000010f5e400000,0x0000010f5e500000)]
  0x000002eefaca2000 JavaThread "Timer-119521" [_thread_blocked, id=1619616, stack(0x0000010f5e300000,0x0000010f5e400000)]
  0x000002eefac9f000 JavaThread "Timer-119520" [_thread_blocked, id=1619612, stack(0x0000010f5e200000,0x0000010f5e300000)]
  0x000002eefac9e800 JavaThread "Timer-119519" [_thread_blocked, id=1619608, stack(0x0000010f5e100000,0x0000010f5e200000)]
  0x000002eefaca4800 JavaThread "Timer-119518" [_thread_blocked, id=1619604, stack(0x0000010f5e000000,0x0000010f5e100000)]
  0x000002eefac9a800 JavaThread "Timer-119517" [_thread_blocked, id=1619600, stack(0x0000010f5df00000,0x0000010f5e000000)]
  0x000002eefac98800 JavaThread "Timer-119516" [_thread_blocked, id=1619596, stack(0x0000010f5de00000,0x0000010f5df00000)]
  0x000002eefac9d000 JavaThread "Timer-119515" [_thread_blocked, id=1619592, stack(0x0000010f5dd00000,0x0000010f5de00000)]
  0x000002eefac9c000 JavaThread "Timer-119514" [_thread_blocked, id=1619588, stack(0x0000010f5dc00000,0x0000010f5dd00000)]
  0x000002eefac9b800 JavaThread "Timer-119513" [_thread_blocked, id=1619584, stack(0x0000010f5db00000,0x0000010f5dc00000)]
  0x000002eefac99000 JavaThread "Timer-119512" [_thread_blocked, id=1619576, stack(0x0000010f5da00000,0x0000010f5db00000)]
  0x000002eefac9a000 JavaThread "Timer-119511" [_thread_blocked, id=1619572, stack(0x0000010f5d900000,0x0000010f5da00000)]
  0x000002eefac91000 JavaThread "Timer-119510" [_thread_blocked, id=1619568, stack(0x0000010f5d800000,0x0000010f5d900000)]
  0x000002eefac97800 JavaThread "Timer-119509" [_thread_blocked, id=1619564, stack(0x0000010f5d700000,0x0000010f5d800000)]
  0x000002eefac91800 JavaThread "Timer-119508" [_thread_blocked, id=1619560, stack(0x0000010f5d600000,0x0000010f5d700000)]
  0x000002eefac90000 JavaThread "Timer-119507" [_thread_blocked, id=1619556, stack(0x0000010f5d500000,0x0000010f5d600000)]
  0x000002eefac97000 JavaThread "Timer-119506" [_thread_blocked, id=1619552, stack(0x0000010f5d400000,0x0000010f5d500000)]
  0x000002eefac96000 JavaThread "Timer-119505" [_thread_blocked, id=1619548, stack(0x0000010f5d300000,0x0000010f5d400000)]
  0x000002eefac95800 JavaThread "Timer-119504" [_thread_blocked, id=1619544, stack(0x0000010f5d200000,0x0000010f5d300000)]
  0x000002eefac92800 JavaThread "Timer-119503" [_thread_blocked, id=1619540, stack(0x0000010f5d100000,0x0000010f5d200000)]
  0x000002eefac93000 JavaThread "Timer-119502" [_thread_blocked, id=1619536, stack(0x0000010f5d000000,0x0000010f5d100000)]
  0x000002eefac94000 JavaThread "Timer-119501" [_thread_blocked, id=1619532, stack(0x0000010f5cf00000,0x0000010f5d000000)]
  0x000002eefb62d000 JavaThread "Timer-119500" [_thread_blocked, id=1619528, stack(0x0000010f5ce00000,0x0000010f5cf00000)]
  0x000002eefb61e800 JavaThread "Timer-119499" [_thread_blocked, id=1619524, stack(0x0000010f5cd00000,0x0000010f5ce00000)]
  0x000002eefb625800 JavaThread "Timer-119498" [_thread_blocked, id=1619520, stack(0x0000010f5cc00000,0x0000010f5cd00000)]
  0x000002eefb624000 JavaThread "Timer-119497" [_thread_blocked, id=1619516, stack(0x0000010f5cb00000,0x0000010f5cc00000)]
  0x000002eefb623000 JavaThread "Timer-119496" [_thread_blocked, id=1619512, stack(0x0000010f5ca00000,0x0000010f5cb00000)]
  0x000002eefb622800 JavaThread "Timer-119495" [_thread_blocked, id=1619508, stack(0x0000010f5c900000,0x0000010f5ca00000)]
  0x000002eefb621800 JavaThread "Timer-119494" [_thread_blocked, id=1619504, stack(0x0000010f5c800000,0x0000010f5c900000)]
  0x000002eef7d1e000 JavaThread "Timer-119493" [_thread_blocked, id=1619496, stack(0x0000010f5c700000,0x0000010f5c800000)]
  0x000002eef7d22000 JavaThread "Timer-119492" [_thread_blocked, id=1619492, stack(0x0000010f5c600000,0x0000010f5c700000)]
  0x000002eef7d1f000 JavaThread "Timer-119491" [_thread_blocked, id=1619488, stack(0x0000010f5c500000,0x0000010f5c600000)]
  0x000002eef7d56000 JavaThread "Timer-119490" [_thread_blocked, id=1619484, stack(0x0000010f5c400000,0x0000010f5c500000)]
  0x000002eef7d59000 JavaThread "Timer-119489" [_thread_blocked, id=1619480, stack(0x0000010f5c300000,0x0000010f5c400000)]
  0x000002eef7d54800 JavaThread "Timer-119488" [_thread_blocked, id=1619476, stack(0x0000010f5c200000,0x0000010f5c300000)]
  0x000002eef7d5a800 JavaThread "Timer-119487" [_thread_blocked, id=1619472, stack(0x0000010f5c100000,0x0000010f5c200000)]
  0x000002eef7d58000 JavaThread "Timer-119486" [_thread_blocked, id=1619468, stack(0x0000010f5c000000,0x0000010f5c100000)]
  0x000002eef7d56800 JavaThread "Timer-119485" [_thread_blocked, id=1619464, stack(0x0000010f5bf00000,0x0000010f5c000000)]
  0x000002eef7d55000 JavaThread "Timer-119484" [_thread_blocked, id=1619460, stack(0x0000010f5be00000,0x0000010f5bf00000)]
  0x000002eef7d5b000 JavaThread "Timer-119483" [_thread_blocked, id=1619456, stack(0x0000010f5bd00000,0x0000010f5be00000)]
  0x000002eef7d59800 JavaThread "Timer-119482" [_thread_blocked, id=1619452, stack(0x0000010f5bc00000,0x0000010f5bd00000)]
  0x000002eef7d57800 JavaThread "Timer-119481" [_thread_blocked, id=1619448, stack(0x0000010f5bb00000,0x0000010f5bc00000)]
  0x000002eef7d4d800 JavaThread "Timer-119480" [_thread_blocked, id=1619444, stack(0x0000010f5ba00000,0x0000010f5bb00000)]
  0x000002eef7d53800 JavaThread "Timer-119479" [_thread_blocked, id=1619440, stack(0x0000010f5b900000,0x0000010f5ba00000)]
  0x000002eef7d53000 JavaThread "Timer-119478" [_thread_blocked, id=1619436, stack(0x0000010f5b800000,0x0000010f5b900000)]
  0x000002eef7d51800 JavaThread "Timer-119477" [_thread_blocked, id=1619432, stack(0x0000010f5b700000,0x0000010f5b800000)]
  0x000002eefbd60800 JavaThread "Timer-119476" [_thread_blocked, id=1619424, stack(0x0000010f5b600000,0x0000010f5b700000)]
  0x000002eefbd5f800 JavaThread "Timer-119475" [_thread_blocked, id=1619420, stack(0x0000010f5b500000,0x0000010f5b600000)]
  0x000002eefbd62800 JavaThread "Timer-119474" [_thread_blocked, id=1619416, stack(0x0000010f5b400000,0x0000010f5b500000)]
  0x000002eefbd5f000 JavaThread "Timer-119473" [_thread_blocked, id=1619412, stack(0x0000010f5b300000,0x0000010f5b400000)]
  0x000002eefbd5b000 JavaThread "Timer-119472" [_thread_blocked, id=1619408, stack(0x0000010f5b200000,0x0000010f5b300000)]
  0x000002eefbd62000 JavaThread "Timer-119471" [_thread_blocked, id=1619404, stack(0x0000010f5b100000,0x0000010f5b200000)]
  0x000002eefbd5c800 JavaThread "Timer-119470" [_thread_blocked, id=1619400, stack(0x0000010f5b000000,0x0000010f5b100000)]
  0x000002eefbd53800 JavaThread "Timer-119469" [_thread_blocked, id=1619396, stack(0x0000010f5af00000,0x0000010f5b000000)]
  0x000002eefbd59000 JavaThread "Timer-119468" [_thread_blocked, id=1619392, stack(0x0000010f5ae00000,0x0000010f5af00000)]
  0x000002eefbd5a800 JavaThread "Timer-119467" [_thread_blocked, id=1619388, stack(0x0000010f5ad00000,0x0000010f5ae00000)]
  0x000002eefbd56800 JavaThread "Timer-119466" [_thread_blocked, id=1619384, stack(0x0000010f5ac00000,0x0000010f5ad00000)]
  0x000002eefbd55000 JavaThread "Timer-119465" [_thread_blocked, id=1619380, stack(0x0000010f5ab00000,0x0000010f5ac00000)]
  0x000002eefbd56000 JavaThread "Timer-119464" [_thread_blocked, id=1619376, stack(0x0000010f5aa00000,0x0000010f5ab00000)]
  0x000002eefbd53000 JavaThread "Timer-119463" [_thread_blocked, id=1619372, stack(0x0000010f5a900000,0x0000010f5aa00000)]
  0x000002eefbd57800 JavaThread "Timer-119462" [_thread_blocked, id=1619368, stack(0x0000010f5a800000,0x0000010f5a900000)]
  0x000002eefbd54800 JavaThread "Timer-119461" [_thread_blocked, id=1619364, stack(0x0000010f5a700000,0x0000010f5a800000)]
  0x000002eefbd58000 JavaThread "Timer-119460" [_thread_blocked, id=1619360, stack(0x0000010f5a600000,0x0000010f5a700000)]
  0x000002eefbd59800 JavaThread "Timer-119459" [_thread_blocked, id=1619356, stack(0x0000010f5a500000,0x0000010f5a600000)]
  0x000002eefbd52000 JavaThread "Timer-119458" [_thread_blocked, id=1619352, stack(0x0000010f5a400000,0x0000010f5a500000)]
  0x000002eefbd4a800 JavaThread "Timer-119457" [_thread_blocked, id=1619348, stack(0x0000010f5a300000,0x0000010f5a400000)]
  0x000002eefbd51800 JavaThread "Timer-119456" [_thread_blocked, id=1619344, stack(0x0000010f5a200000,0x0000010f5a300000)]
  0x000002eefbd4d800 JavaThread "Timer-119455" [_thread_blocked, id=1619340, stack(0x0000010f5a100000,0x0000010f5a200000)]
  0x000002eefbd4a000 JavaThread "Timer-119454" [_thread_blocked, id=1619336, stack(0x0000010f5a000000,0x0000010f5a100000)]
  0x000002eefbd50000 JavaThread "Timer-119453" [_thread_blocked, id=1619332, stack(0x0000010f59f00000,0x0000010f5a000000)]
  0x000002eefbd4e800 JavaThread "Timer-119452" [_thread_blocked, id=1619328, stack(0x0000010f59e00000,0x0000010f59f00000)]
  0x000002eefbd4c000 JavaThread "Timer-119451" [_thread_blocked, id=1619324, stack(0x0000010f59d00000,0x0000010f59e00000)]
  0x000002eef7d4d000 JavaThread "Timer-119450" [_thread_blocked, id=1619320, stack(0x0000010f59c00000,0x0000010f59d00000)]
  0x000002eef7d52000 JavaThread "Timer-119449" [_thread_blocked, id=1619316, stack(0x0000010f59b00000,0x0000010f59c00000)]
  0x000002eef7d4c000 JavaThread "Timer-119448" [_thread_blocked, id=1619312, stack(0x0000010f59a00000,0x0000010f59b00000)]
  0x000002eefb8b0800 JavaThread "Timer-119447" [_thread_blocked, id=1619308, stack(0x0000010f59900000,0x0000010f59a00000)]
  0x000002eefb8b3800 JavaThread "Timer-119446" [_thread_blocked, id=1619304, stack(0x0000010f59800000,0x0000010f59900000)]
  0x000002eefb8b2800 JavaThread "Timer-119445" [_thread_blocked, id=1619300, stack(0x0000010f59700000,0x0000010f59800000)]
  0x000002eefb8ac800 JavaThread "Timer-119444" [_thread_blocked, id=1619296, stack(0x0000010f59600000,0x0000010f59700000)]
  0x000002eefb8a9800 JavaThread "Timer-119443" [_thread_blocked, id=1619292, stack(0x0000010f59500000,0x0000010f59600000)]
  0x000002eefb8aa800 JavaThread "Timer-119442" [_thread_blocked, id=1619288, stack(0x0000010f59400000,0x0000010f59500000)]
  0x000002eefb8ab000 JavaThread "Timer-119441" [_thread_blocked, id=1619284, stack(0x0000010f59300000,0x0000010f59400000)]
  0x000002eefb8ad800 JavaThread "Timer-119440" [_thread_blocked, id=1619280, stack(0x0000010f59200000,0x0000010f59300000)]
  0x000002eefb8ac000 JavaThread "Timer-119439" [_thread_blocked, id=1619276, stack(0x0000010f59100000,0x0000010f59200000)]
  0x000002eefb8a9000 JavaThread "Timer-119438" [_thread_blocked, id=1619272, stack(0x0000010f59000000,0x0000010f59100000)]
  0x000002eefb8a1800 JavaThread "Timer-119437" [_thread_blocked, id=1619268, stack(0x0000010f58f00000,0x0000010f59000000)]
  0x000002eefb8a8000 JavaThread "Timer-119436" [_thread_blocked, id=1619264, stack(0x0000010f58e00000,0x0000010f58f00000)]
  0x000002eefb8a7800 JavaThread "Timer-119435" [_thread_blocked, id=1619260, stack(0x0000010f58d00000,0x0000010f58e00000)]
  0x000002eefb8a4800 JavaThread "Timer-119434" [_thread_blocked, id=1619256, stack(0x0000010f58c00000,0x0000010f58d00000)]
  0x000002eefb8a5000 JavaThread "Timer-119433" [_thread_blocked, id=1619252, stack(0x0000010f58b00000,0x0000010f58c00000)]
  0x000002eefb8a0000 JavaThread "Timer-119432" [_thread_blocked, id=1619248, stack(0x0000010f58a00000,0x0000010f58b00000)]
  0x000002eefac94800 JavaThread "Timer-119431" [_thread_blocked, id=1619244, stack(0x0000010f58900000,0x0000010f58a00000)]
  0x000002eefbd50800 JavaThread "Timer-119430" [_thread_blocked, id=1619240, stack(0x0000010f58800000,0x0000010f58900000)]
  0x000002eefbd4f000 JavaThread "Timer-119429" [_thread_blocked, id=1619236, stack(0x0000010f58700000,0x0000010f58800000)]
  0x000002eefbd4d000 JavaThread "Timer-119428" [_thread_blocked, id=1619232, stack(0x0000010f58600000,0x0000010f58700000)]
  0x000002eefbd4b800 JavaThread "Timer-119427" [_thread_blocked, id=1619228, stack(0x0000010f58500000,0x0000010f58600000)]
  0x000002eefbd42800 JavaThread "Timer-119426" [_thread_blocked, id=1619224, stack(0x0000010f58400000,0x0000010f58500000)]
  0x000002eefbd49000 JavaThread "Timer-119425" [_thread_blocked, id=1619220, stack(0x0000010f58300000,0x0000010f58400000)]
  0x000002eefbd44800 JavaThread "Timer-119424" [_thread_blocked, id=1619216, stack(0x0000010f58200000,0x0000010f58300000)]
  0x000002eefbd44000 JavaThread "Timer-119423" [_thread_blocked, id=1619212, stack(0x0000010f58100000,0x0000010f58200000)]
  0x000002eefbd41800 JavaThread "Timer-119422" [_thread_blocked, id=1619208, stack(0x0000010f58000000,0x0000010f58100000)]
  0x000002eefbd43000 JavaThread "Timer-119421" [_thread_blocked, id=1619204, stack(0x0000010f57f00000,0x0000010f58000000)]
  0x000002eefbd48800 JavaThread "Timer-119420" [_thread_blocked, id=1619200, stack(0x0000010f57e00000,0x0000010f57f00000)]
  0x000002eefbd47800 JavaThread "Timer-119419" [_thread_blocked, id=1619196, stack(0x0000010f57d00000,0x0000010f57e00000)]
  0x000002eefbd40000 JavaThread "Timer-119418" [_thread_blocked, id=1619192, stack(0x0000010f57c00000,0x0000010f57d00000)]
  0x000002eefbd41000 JavaThread "Timer-119417" [_thread_blocked, id=1619188, stack(0x0000010f57b00000,0x0000010f57c00000)]
  0x000002eefb8a6800 JavaThread "Timer-119416" [_thread_blocked, id=1619184, stack(0x0000010f57a00000,0x0000010f57b00000)]
  0x000002eefb8a6000 JavaThread "Timer-119415" [_thread_blocked, id=1619180, stack(0x0000010f57900000,0x0000010f57a00000)]
  0x000002eefb89c800 JavaThread "Timer-119414" [_thread_blocked, id=1619152, stack(0x0000010f57800000,0x0000010f57900000)]
  0x000002eefb8a3800 JavaThread "Timer-119413" [_thread_blocked, id=1619148, stack(0x0000010f57700000,0x0000010f57800000)]
  0x000002eefbd47000 JavaThread "Timer-119412" [_thread_blocked, id=1619136, stack(0x0000010f57600000,0x0000010f57700000)]
  0x000002eefbd46000 JavaThread "Timer-119411" [_thread_blocked, id=1619132, stack(0x0000010f57500000,0x0000010f57600000)]
  0x000002eefbd3f800 JavaThread "Timer-119410" [_thread_blocked, id=1619128, stack(0x0000010f57400000,0x0000010f57500000)]
  0x000002eefb89e000 JavaThread "Timer-119409" [_thread_blocked, id=1619124, stack(0x0000010f57300000,0x0000010f57400000)]
  0x000002eefb8a0800 JavaThread "Timer-119408" [_thread_blocked, id=1619120, stack(0x0000010f57200000,0x0000010f57300000)]
  0x000002eefbd3e800 JavaThread "Timer-119407" [_thread_blocked, id=1619116, stack(0x0000010f57100000,0x0000010f57200000)]
  0x000002eefbd45800 JavaThread "Timer-119406" [_thread_blocked, id=1619112, stack(0x0000010f57000000,0x0000010f57100000)]
  0x000002eefbd3a000 JavaThread "Timer-119405" [_thread_blocked, id=1619108, stack(0x0000010f56f00000,0x0000010f57000000)]
  0x000002eefbd3e000 JavaThread "Timer-119404" [_thread_blocked, id=1619104, stack(0x0000010f56e00000,0x0000010f56f00000)]
  0x000002eefbd39800 JavaThread "Timer-119403" [_thread_blocked, id=1619100, stack(0x0000010f56d00000,0x0000010f56e00000)]
  0x000002eefbd3c800 JavaThread "Timer-119402" [_thread_blocked, id=1619096, stack(0x0000010f56c00000,0x0000010f56d00000)]
  0x000002eefbd3b800 JavaThread "Timer-119401" [_thread_blocked, id=1619092, stack(0x0000010f56b00000,0x0000010f56c00000)]
  0x000002eefbd3b000 JavaThread "Timer-119400" [_thread_blocked, id=1619088, stack(0x0000010f56a00000,0x0000010f56b00000)]
  0x000002eefbd3d000 JavaThread "Timer-119399" [_thread_blocked, id=1619076, stack(0x0000010f56900000,0x0000010f56a00000)]
  0x000002eefbad8000 JavaThread "Timer-119398" [_thread_blocked, id=1619072, stack(0x0000010f56800000,0x0000010f56900000)]
  0x000002eefbad7800 JavaThread "Timer-119397" [_thread_blocked, id=1619068, stack(0x0000010f56700000,0x0000010f56800000)]
  0x000002eefbad6800 JavaThread "Timer-119396" [_thread_blocked, id=1619064, stack(0x0000010f56600000,0x0000010f56700000)]
  0x000002eefbacf000 JavaThread "Timer-119395" [_thread_blocked, id=1619060, stack(0x0000010f56500000,0x0000010f56600000)]
  0x000002eefbad6000 JavaThread "Timer-119394" [_thread_blocked, id=1619056, stack(0x0000010f56400000,0x0000010f56500000)]
  0x000002eefbace800 JavaThread "Timer-119393" [_thread_blocked, id=1619052, stack(0x0000010f56300000,0x0000010f56400000)]
  0x000002eefbad5000 JavaThread "Timer-119392" [_thread_blocked, id=1619048, stack(0x0000010f56200000,0x0000010f56300000)]
  0x000002eefbad4800 JavaThread "Timer-119391" [_thread_blocked, id=1619044, stack(0x0000010f56100000,0x0000010f56200000)]
  0x000002eefbad3800 JavaThread "Timer-119390" [_thread_blocked, id=1619040, stack(0x0000010f56000000,0x0000010f56100000)]
  0x000002eefbacc000 JavaThread "Timer-119389" [_thread_blocked, id=1619036, stack(0x0000010f55f00000,0x0000010f56000000)]
  0x000002eefbad3000 JavaThread "Timer-119388" [_thread_blocked, id=1619032, stack(0x0000010f55e00000,0x0000010f55f00000)]
  0x000002eefbad2000 JavaThread "Timer-119387" [_thread_blocked, id=1619028, stack(0x0000010f55d00000,0x0000010f55e00000)]
  0x000002eefbad1800 JavaThread "Timer-119386" [_thread_blocked, id=1619024, stack(0x0000010f55c00000,0x0000010f55d00000)]
  0x000002eefbad0800 JavaThread "Timer-119385" [_thread_blocked, id=1619020, stack(0x0000010f55b00000,0x0000010f55c00000)]
  0x000002eefbad0000 JavaThread "Timer-119384" [_thread_blocked, id=1619016, stack(0x0000010f55a00000,0x0000010f55b00000)]
  0x000002eefbac9000 JavaThread "Timer-119383" [_thread_blocked, id=1619012, stack(0x0000010f55900000,0x0000010f55a00000)]
  0x000002eefbacd800 JavaThread "Timer-119382" [_thread_blocked, id=1619008, stack(0x0000010f55800000,0x0000010f55900000)]
  0x000002eefbacb800 JavaThread "Timer-119381" [_thread_blocked, id=1619004, stack(0x0000010f55700000,0x0000010f55800000)]
  0x000002eefbacd000 JavaThread "Timer-119380" [_thread_blocked, id=1619000, stack(0x0000010f55600000,0x0000010f55700000)]
  0x000002eefac88800 JavaThread "Timer-119379" [_thread_blocked, id=1618996, stack(0x0000010f55500000,0x0000010f55600000)]
  0x000002eefb8d4800 JavaThread "Timer-119378" [_thread_blocked, id=1618992, stack(0x0000010f55400000,0x0000010f55500000)]
  0x000002eefb8d6800 JavaThread "Timer-119377" [_thread_blocked, id=1618988, stack(0x0000010f55300000,0x0000010f55400000)]
  0x000002eefb8d3800 JavaThread "Timer-119376" [_thread_blocked, id=1618984, stack(0x0000010f55200000,0x0000010f55300000)]
  0x000002eefb8d3000 JavaThread "Timer-119375" [_thread_blocked, id=1618980, stack(0x0000010f55100000,0x0000010f55200000)]
  0x000002eefb8d2000 JavaThread "Timer-119374" [_thread_blocked, id=1618976, stack(0x0000010f55000000,0x0000010f55100000)]
  0x000002eefb8d0000 JavaThread "Timer-119373" [_thread_blocked, id=1618972, stack(0x0000010f54f00000,0x0000010f55000000)]
  0x000002eefb89f000 JavaThread "Timer-119372" [_thread_blocked, id=1618968, stack(0x0000010f54e00000,0x0000010f54f00000)]
  0x000002eefb8a3000 JavaThread "Timer-119371" [_thread_blocked, id=1618964, stack(0x0000010f54d00000,0x0000010f54e00000)]
  0x000002eefb8a2000 JavaThread "Timer-119370" [_thread_blocked, id=1618960, stack(0x0000010f54c00000,0x0000010f54d00000)]
  0x000002eefb89a800 JavaThread "Timer-119369" [_thread_blocked, id=1618956, stack(0x0000010f54b00000,0x0000010f54c00000)]
  0x000002eefb89c000 JavaThread "Timer-119368" [_thread_blocked, id=1618512, stack(0x0000010f54a00000,0x0000010f54b00000)]
  0x000002eefb89d800 JavaThread "Timer-119367" [_thread_blocked, id=1618408, stack(0x0000010f54900000,0x0000010f54a00000)]
  0x000002eefb899800 JavaThread "Timer-119366" [_thread_blocked, id=1611840, stack(0x0000010f54800000,0x0000010f54900000)]
  0x000002eefb89b000 JavaThread "Timer-119365" [_thread_blocked, id=1618400, stack(0x0000010f54700000,0x0000010f54800000)]
  0x000002eefb892000 JavaThread "Timer-119364" [_thread_blocked, id=1617904, stack(0x0000010f54600000,0x0000010f54700000)]
  0x000002eefb899000 JavaThread "Timer-119363" [_thread_blocked, id=1612728, stack(0x0000010f54500000,0x0000010f54600000)]
  0x000002eefb891800 JavaThread "Timer-119362" [_thread_blocked, id=1618200, stack(0x0000010f54400000,0x0000010f54500000)]
  0x000002eefb898000 JavaThread "Timer-119361" [_thread_blocked, id=1618196, stack(0x0000010f54300000,0x0000010f54400000)]
  0x000002eefb897800 JavaThread "Timer-119360" [_thread_blocked, id=1618184, stack(0x0000010f54200000,0x0000010f54300000)]
  0x000002eefb896800 JavaThread "Timer-119359" [_thread_blocked, id=1610420, stack(0x0000010f54100000,0x0000010f54200000)]
  0x000002eefb896000 JavaThread "Timer-119358" [_thread_blocked, id=1616284, stack(0x0000010f54000000,0x0000010f54100000)]
  0x000002eefb890800 JavaThread "Timer-119357" [_thread_blocked, id=19640, stack(0x0000010f53f00000,0x0000010f54000000)]
  0x000002eefb893800 JavaThread "Timer-119356" [_thread_blocked, id=22088, stack(0x0000010f53e00000,0x0000010f53f00000)]
  0x000002eefb895000 JavaThread "Timer-119355" [_thread_blocked, id=1618940, stack(0x0000010f53d00000,0x0000010f53e00000)]
  0x000002eefb893000 JavaThread "Timer-119354" [_thread_blocked, id=1618932, stack(0x0000010f53c00000,0x0000010f53d00000)]
  0x000002eefb894800 JavaThread "Timer-119353" [_thread_blocked, id=1618928, stack(0x0000010f53b00000,0x0000010f53c00000)]
  0x000002eefb889000 JavaThread "Timer-119352" [_thread_blocked, id=1618924, stack(0x0000010f53a00000,0x0000010f53b00000)]
  0x000002eefb890000 JavaThread "Timer-119351" [_thread_blocked, id=1618920, stack(0x0000010f53900000,0x0000010f53a00000)]
  0x000002eefb888800 JavaThread "Timer-119350" [_thread_blocked, id=1618916, stack(0x0000010f53800000,0x0000010f53900000)]
  0x000002eefb88f000 JavaThread "Timer-119349" [_thread_blocked, id=1618912, stack(0x0000010f53700000,0x0000010f53800000)]
  0x000002eefb887800 JavaThread "Timer-119348" [_thread_blocked, id=1618908, stack(0x0000010f53600000,0x0000010f53700000)]
  0x000002eefb88e800 JavaThread "Timer-119347" [_thread_blocked, id=1618904, stack(0x0000010f53500000,0x0000010f53600000)]
  0x000002eefb88a000 JavaThread "Timer-119346" [_thread_blocked, id=1618900, stack(0x0000010f53400000,0x0000010f53500000)]
  0x000002eefb887000 JavaThread "Timer-119345" [_thread_blocked, id=1618896, stack(0x0000010f53300000,0x0000010f53400000)]
  0x000002eefb88c000 JavaThread "Timer-119344" [_thread_blocked, id=1618892, stack(0x0000010f53200000,0x0000010f53300000)]
  0x000002eefb88b800 JavaThread "Timer-119343" [_thread_blocked, id=1618888, stack(0x0000010f53100000,0x0000010f53200000)]
  0x000002eefb88d800 JavaThread "Timer-119342" [_thread_blocked, id=1618884, stack(0x0000010f53000000,0x0000010f53100000)]
  0x000002eefb88a800 JavaThread "Timer-119341" [_thread_blocked, id=1618880, stack(0x0000010f52f00000,0x0000010f53000000)]
  0x000002eefb886000 JavaThread "Timer-119340" [_thread_blocked, id=1618872, stack(0x0000010f52e00000,0x0000010f52f00000)]
  0x000002eefb88d000 JavaThread "Timer-119339" [_thread_blocked, id=1618868, stack(0x0000010f52d00000,0x0000010f52e00000)]
  0x000002eefb87e800 JavaThread "Timer-119338" [_thread_blocked, id=1618864, stack(0x0000010f52c00000,0x0000010f52d00000)]
  0x000002eefb885800 JavaThread "Timer-119337" [_thread_blocked, id=1618860, stack(0x0000010f52b00000,0x0000010f52c00000)]
  0x000002eefb87e000 JavaThread "Timer-119336" [_thread_blocked, id=1618856, stack(0x0000010f52a00000,0x0000010f52b00000)]
  0x000002eefb884800 JavaThread "Timer-119335" [_thread_blocked, id=1618852, stack(0x0000010f52900000,0x0000010f52a00000)]
  0x000002eefb884000 JavaThread "Timer-119334" [_thread_blocked, id=1618848, stack(0x0000010f52800000,0x0000010f52900000)]
  0x000002eefbaca800 JavaThread "Timer-119333" [_thread_blocked, id=1618844, stack(0x0000010f52700000,0x0000010f52800000)]
  0x000002eefbaca000 JavaThread "Timer-119332" [_thread_blocked, id=1618840, stack(0x0000010f52600000,0x0000010f52700000)]
  0x000002eefbac6000 JavaThread "Timer-119331" [_thread_blocked, id=1618832, stack(0x0000010f52500000,0x0000010f52600000)]
  0x000002eefbac8800 JavaThread "Timer-119330" [_thread_blocked, id=1618828, stack(0x0000010f52400000,0x0000010f52500000)]
  0x000002eefbac7800 JavaThread "Timer-119329" [_thread_blocked, id=1618824, stack(0x0000010f52300000,0x0000010f52400000)]
  0x000002eefbac4800 JavaThread "Timer-119328" [_thread_blocked, id=1618820, stack(0x0000010f52200000,0x0000010f52300000)]
  0x000002eefb710000 JavaThread "Timer-119327" [_thread_blocked, id=1618816, stack(0x0000010f52100000,0x0000010f52200000)]
  0x000002eefb713000 JavaThread "Timer-119326" [_thread_blocked, id=1618812, stack(0x0000010f52000000,0x0000010f52100000)]
  0x000002eefb715000 JavaThread "Timer-119325" [_thread_blocked, id=1618808, stack(0x0000010f51f00000,0x0000010f52000000)]
  0x000002eefb707000 JavaThread "Timer-119324" [_thread_blocked, id=1618804, stack(0x0000010f51e00000,0x0000010f51f00000)]
  0x000002eefb70d800 JavaThread "Timer-119323" [_thread_blocked, id=1618800, stack(0x0000010f51d00000,0x0000010f51e00000)]
  0x000002eefb70d000 JavaThread "Timer-119322" [_thread_blocked, id=1618796, stack(0x0000010f51c00000,0x0000010f51d00000)]
  0x000002eefb70c000 JavaThread "Timer-119321" [_thread_blocked, id=1618792, stack(0x0000010f51b00000,0x0000010f51c00000)]
  0x000002eefb70b800 JavaThread "Timer-119320" [_thread_blocked, id=1618788, stack(0x0000010f51a00000,0x0000010f51b00000)]
  0x000002eefb70a800 JavaThread "Timer-119319" [_thread_blocked, id=1618784, stack(0x0000010f51900000,0x0000010f51a00000)]
  0x000002eefb703000 JavaThread "Timer-119318" [_thread_blocked, id=1618780, stack(0x0000010f51800000,0x0000010f51900000)]
  0x000002eefb70a000 JavaThread "Timer-119317" [_thread_blocked, id=1618776, stack(0x0000010f51700000,0x0000010f51800000)]
  0x000002eefb709000 JavaThread "Timer-119316" [_thread_blocked, id=1618772, stack(0x0000010f51600000,0x0000010f51700000)]
  0x000002eefb705800 JavaThread "Timer-119315" [_thread_blocked, id=1618768, stack(0x0000010f51500000,0x0000010f51600000)]
  0x000002eefb704000 JavaThread "Timer-119314" [_thread_blocked, id=1618764, stack(0x0000010f51400000,0x0000010f51500000)]
  0x000002eefbac4000 JavaThread "Timer-119313" [_thread_blocked, id=1618760, stack(0x0000010f51300000,0x0000010f51400000)]
  0x000002eefbac3000 JavaThread "Timer-119312" [_thread_blocked, id=1618756, stack(0x0000010f51200000,0x0000010f51300000)]
  0x000002eefbac7000 JavaThread "Timer-119311" [_thread_blocked, id=1618752, stack(0x0000010f51100000,0x0000010f51200000)]
  0x000002eefbac5800 JavaThread "Timer-119310" [_thread_blocked, id=1618748, stack(0x0000010f51000000,0x0000010f51100000)]
  0x000002eefbabb800 JavaThread "Timer-119309" [_thread_blocked, id=1618744, stack(0x0000010f50f00000,0x0000010f51000000)]
  0x000002eefbac2000 JavaThread "Timer-119308" [_thread_blocked, id=1618740, stack(0x0000010f50e00000,0x0000010f50f00000)]
  0x000002eefbaba800 JavaThread "Timer-119307" [_thread_blocked, id=1618736, stack(0x0000010f50d00000,0x0000010f50e00000)]
  0x000002eefbac1800 JavaThread "Timer-119306" [_thread_blocked, id=1618732, stack(0x0000010f50c00000,0x0000010f50d00000)]
  0x000002eefbac0800 JavaThread "Timer-119305" [_thread_blocked, id=1618728, stack(0x0000010f50b00000,0x0000010f50c00000)]
  0x000002eefbabf000 JavaThread "Timer-119304" [_thread_blocked, id=1618724, stack(0x0000010f50a00000,0x0000010f50b00000)]
  0x000002eefbabe800 JavaThread "Timer-119303" [_thread_blocked, id=1618720, stack(0x0000010f50900000,0x0000010f50a00000)]
  0x000002eefbabd000 JavaThread "Timer-119302" [_thread_blocked, id=1618716, stack(0x0000010f50800000,0x0000010f50900000)]
  0x000002eefbabd800 JavaThread "Timer-119301" [_thread_blocked, id=1618712, stack(0x0000010f50700000,0x0000010f50800000)]
  0x000002eefbaba000 JavaThread "Timer-119300" [_thread_blocked, id=1618708, stack(0x0000010f50600000,0x0000010f50700000)]
  0x000002eefbabc000 JavaThread "Timer-119299" [_thread_blocked, id=1618704, stack(0x0000010f50500000,0x0000010f50600000)]
  0x000002eefbac0000 JavaThread "Timer-119298" [_thread_blocked, id=1618700, stack(0x0000010f50400000,0x0000010f50500000)]
  0x000002eefbab2800 JavaThread "Timer-119297" [_thread_blocked, id=1618696, stack(0x0000010f50300000,0x0000010f50400000)]
  0x000002eefbab9000 JavaThread "Timer-119296" [_thread_blocked, id=1618692, stack(0x0000010f50200000,0x0000010f50300000)]
  0x000002eefbab8800 JavaThread "Timer-119295" [_thread_blocked, id=1618688, stack(0x0000010f50100000,0x0000010f50200000)]
  0x000002eefbab7800 JavaThread "Timer-119294" [_thread_blocked, id=1618684, stack(0x0000010f50000000,0x0000010f50100000)]
  0x000002eefbab5800 JavaThread "Timer-119293" [_thread_blocked, id=1618680, stack(0x0000010f4ff00000,0x0000010f50000000)]
  0x000002eefbab4000 JavaThread "Timer-119292" [_thread_blocked, id=1618676, stack(0x0000010f4fe00000,0x0000010f4ff00000)]
  0x000002eefbab3000 JavaThread "Timer-119291" [_thread_blocked, id=1618672, stack(0x0000010f4fd00000,0x0000010f4fe00000)]
  0x000002eefbab7000 JavaThread "Timer-119290" [_thread_blocked, id=1618668, stack(0x0000010f4fc00000,0x0000010f4fd00000)]
  0x000002eefbab6000 JavaThread "Timer-119289" [_thread_blocked, id=1618664, stack(0x0000010f4fb00000,0x0000010f4fc00000)]
  0x000002eefbab4800 JavaThread "Timer-119288" [_thread_blocked, id=1618660, stack(0x0000010f4fa00000,0x0000010f4fb00000)]
  0x000002eefbaab000 JavaThread "Timer-119287" [_thread_blocked, id=1618656, stack(0x0000010f4f900000,0x0000010f4fa00000)]
  0x000002eefbab0000 JavaThread "Timer-119286" [_thread_blocked, id=1618652, stack(0x0000010f4f800000,0x0000010f4f900000)]
  0x000002eefbab1800 JavaThread "Timer-119285" [_thread_blocked, id=1618648, stack(0x0000010f4f700000,0x0000010f4f800000)]
  0x000002eefbaac800 JavaThread "Timer-119284" [_thread_blocked, id=1618644, stack(0x0000010f4f600000,0x0000010f4f700000)]
  0x000002eefbab1000 JavaThread "Timer-119283" [_thread_blocked, id=1618640, stack(0x0000010f4f300000,0x0000010f4f400000)]
  0x000002eefbaa8800 JavaThread "Timer-119282" [_thread_blocked, id=1618636, stack(0x0000010f4f200000,0x0000010f4f300000)]
  0x000002eefbaad000 JavaThread "Timer-119281" [_thread_blocked, id=1618632, stack(0x0000010f4f100000,0x0000010f4f200000)]
  0x000002eefbaaa000 JavaThread "Timer-119280" [_thread_blocked, id=1618628, stack(0x0000010f4f000000,0x0000010f4f100000)]
  0x000002eefbaa9800 JavaThread "Timer-119279" [_thread_blocked, id=1618624, stack(0x0000010f4ef00000,0x0000010f4f000000)]
  0x000002eefbaaf800 JavaThread "Timer-119278" [_thread_blocked, id=1618620, stack(0x0000010f4ee00000,0x0000010f4ef00000)]
  0x000002eefbaae000 JavaThread "Timer-119277" [_thread_blocked, id=1618616, stack(0x0000010f4ed00000,0x0000010f4ee00000)]
  0x000002eefbaae800 JavaThread "Timer-119276" [_thread_blocked, id=1618608, stack(0x0000010f4ec00000,0x0000010f4ed00000)]
  0x000002eefbaab800 JavaThread "Timer-119275" [_thread_blocked, id=1618604, stack(0x0000010f4eb00000,0x0000010f4ec00000)]
  0x000002eefbaa1000 JavaThread "Timer-119274" [_thread_blocked, id=1618600, stack(0x0000010f4ea00000,0x0000010f4eb00000)]
  0x000002eefbaa8000 JavaThread "Timer-119273" [_thread_blocked, id=1618596, stack(0x0000010f4e900000,0x0000010f4ea00000)]
  0x000002eefbaa7000 JavaThread "Timer-119272" [_thread_blocked, id=1618592, stack(0x0000010f4e800000,0x0000010f4e900000)]
  0x000002eefbaa6800 JavaThread "Timer-119271" [_thread_blocked, id=1618588, stack(0x0000010f4e700000,0x0000010f4e800000)]
  0x000002eefbaa5800 JavaThread "Timer-119270" [_thread_blocked, id=1618584, stack(0x0000010f4e600000,0x0000010f4e700000)]
  0x000002eefbaa3800 JavaThread "Timer-119269" [_thread_blocked, id=1618580, stack(0x0000010f4e500000,0x0000010f4e600000)]
  0x000002eefbaa0800 JavaThread "Timer-119268" [_thread_blocked, id=1618576, stack(0x0000010f4e400000,0x0000010f4e500000)]
  0x000002eefbaa5000 JavaThread "Timer-119267" [_thread_blocked, id=1618572, stack(0x0000010f4e300000,0x0000010f4e400000)]
  0x000002eefbaa2800 JavaThread "Timer-119266" [_thread_blocked, id=1618568, stack(0x0000010f4e200000,0x0000010f4e300000)]
  0x000002eefbaa4000 JavaThread "Timer-119265" [_thread_blocked, id=1618564, stack(0x0000010f4e100000,0x0000010f4e200000)]
  0x000002eefbaa2000 JavaThread "Timer-119264" [_thread_blocked, id=1618560, stack(0x0000010f4e000000,0x0000010f4e100000)]
  0x000002eefba9b000 JavaThread "Timer-119263" [_thread_blocked, id=1618556, stack(0x0000010f4df00000,0x0000010f4e000000)]
  0x000002eefba99000 JavaThread "Timer-119262" [_thread_blocked, id=1618552, stack(0x0000010f4de00000,0x0000010f4df00000)]
  0x000002eefba9c800 JavaThread "Timer-119261" [_thread_blocked, id=1618544, stack(0x0000010f4dd00000,0x0000010f4de00000)]
  0x000002eefba9e000 JavaThread "Timer-119260" [_thread_blocked, id=1618540, stack(0x0000010f4dc00000,0x0000010f4dd00000)]
  0x000002eefba99800 JavaThread "Timer-119259" [_thread_blocked, id=1618536, stack(0x0000010f4db00000,0x0000010f4dc00000)]
  0x000002eefba9f800 JavaThread "Timer-119258" [_thread_blocked, id=1618532, stack(0x0000010f4da00000,0x0000010f4db00000)]
  0x000002eefba9a800 JavaThread "Timer-119257" [_thread_blocked, id=1618528, stack(0x0000010f4d900000,0x0000010f4da00000)]
  0x000002eefba9d800 JavaThread "Timer-119256" [_thread_blocked, id=1618524, stack(0x0000010f4d800000,0x0000010f4d900000)]
  0x000002eefba9c000 JavaThread "Timer-119255" [_thread_blocked, id=1618520, stack(0x0000010f4d700000,0x0000010f4d800000)]
  0x000002eefba9f000 JavaThread "Timer-119254" [_thread_blocked, id=1618504, stack(0x0000010f4d600000,0x0000010f4d700000)]
  0x000002eefb707800 JavaThread "Timer-119253" [_thread_blocked, id=1618500, stack(0x0000010f4d500000,0x0000010f4d600000)]
  0x000002eefb704800 JavaThread "Timer-119252" [_thread_blocked, id=1618496, stack(0x0000010f4d400000,0x0000010f4d500000)]
  0x000002eefb706000 JavaThread "Timer-119251" [_thread_blocked, id=1618492, stack(0x0000010f4d300000,0x0000010f4d400000)]
  0x000002eefb708800 JavaThread "Timer-119250" [_thread_blocked, id=1618488, stack(0x0000010f4d200000,0x0000010f4d300000)]
  0x000002eefb702800 JavaThread "Timer-119249" [_thread_blocked, id=1618484, stack(0x0000010f4d100000,0x0000010f4d200000)]
  0x000002eefb6fb000 JavaThread "Timer-119248" [_thread_blocked, id=1618480, stack(0x0000010f4d000000,0x0000010f4d100000)]
  0x000002eefb701000 JavaThread "Timer-119247" [_thread_blocked, id=1618476, stack(0x0000010f4cf00000,0x0000010f4d000000)]
  0x000002eefb6fe000 JavaThread "Timer-119246" [_thread_blocked, id=1618472, stack(0x0000010f4ce00000,0x0000010f4cf00000)]
  0x000002eefb701800 JavaThread "Timer-119245" [_thread_blocked, id=1618460, stack(0x0000010f4cd00000,0x0000010f4ce00000)]
  0x000002eefb700000 JavaThread "Timer-119244" [_thread_blocked, id=1618452, stack(0x0000010f4cc00000,0x0000010f4cd00000)]
  0x000002eefb6fd000 JavaThread "Timer-119243" [_thread_blocked, id=1618444, stack(0x0000010f4cb00000,0x0000010f4cc00000)]
  0x000002eefb6fa000 JavaThread "Timer-119242" [_thread_blocked, id=1618432, stack(0x0000010f4ca00000,0x0000010f4cb00000)]
  0x000002eefb6ff800 JavaThread "Timer-119241" [_thread_blocked, id=1618428, stack(0x0000010f4c900000,0x0000010f4ca00000)]
  0x000002eefb6fc800 JavaThread "Timer-119240" [_thread_blocked, id=1618424, stack(0x0000010f4c800000,0x0000010f4c900000)]
  0x000002eefb6fe800 JavaThread "Timer-119239" [_thread_blocked, id=1618420, stack(0x0000010f4c700000,0x0000010f4c800000)]
  0x000002eefb6f8000 JavaThread "Timer-119238" [_thread_blocked, id=1618416, stack(0x0000010f4c600000,0x0000010f4c700000)]
  0x000002eefb621000 JavaThread "Timer-119237" [_thread_blocked, id=1618412, stack(0x0000010f4c500000,0x0000010f4c600000)]
  0x000002eefb61f800 JavaThread "Timer-119236" [_thread_blocked, id=1618404, stack(0x0000010f4c400000,0x0000010f4c500000)]
  0x000002eefb620000 JavaThread "Timer-119235" [_thread_blocked, id=1618396, stack(0x0000010f4c300000,0x0000010f4c400000)]
  0x000002eefb624800 JavaThread "Timer-119234" [_thread_blocked, id=1618392, stack(0x0000010f4c200000,0x0000010f4c300000)]
  0x000002eefb617000 JavaThread "Timer-119233" [_thread_blocked, id=1618388, stack(0x0000010f4c100000,0x0000010f4c200000)]
  0x000002eefb61d800 JavaThread "Timer-119232" [_thread_blocked, id=1618384, stack(0x0000010f4c000000,0x0000010f4c100000)]
  0x000002eefb616000 JavaThread "Timer-119231" [_thread_blocked, id=1618380, stack(0x0000010f4bf00000,0x0000010f4c000000)]
  0x000002eefb617800 JavaThread "Timer-119230" [_thread_blocked, id=1618376, stack(0x0000010f4be00000,0x0000010f4bf00000)]
  0x000002eefb61d000 JavaThread "Timer-119229" [_thread_blocked, id=1618372, stack(0x0000010f4bd00000,0x0000010f4be00000)]
  0x000002eefb61c000 JavaThread "Timer-119228" [_thread_blocked, id=1618368, stack(0x0000010f4bc00000,0x0000010f4bd00000)]
  0x000002eefb61b800 JavaThread "Timer-119227" [_thread_blocked, id=1618364, stack(0x0000010f4bb00000,0x0000010f4bc00000)]
  0x000002eefb61a800 JavaThread "Timer-119226" [_thread_blocked, id=1618360, stack(0x0000010f4ba00000,0x0000010f4bb00000)]
  0x000002eefb61a000 JavaThread "Timer-119225" [_thread_blocked, id=1618352, stack(0x0000010f4b900000,0x0000010f4ba00000)]
  0x000002eefb619000 JavaThread "Timer-119224" [_thread_blocked, id=1618348, stack(0x0000010f4b800000,0x0000010f4b900000)]
  0x000002eefb618800 JavaThread "Timer-119223" [_thread_blocked, id=1618344, stack(0x0000010f4b700000,0x0000010f4b800000)]
  0x000002eefb60f800 JavaThread "Timer-119222" [_thread_blocked, id=1618340, stack(0x0000010f4b600000,0x0000010f4b700000)]
  0x000002eefb60e800 JavaThread "Timer-119221" [_thread_blocked, id=1618336, stack(0x0000010f4b500000,0x0000010f4b600000)]
  0x000002eefb614000 JavaThread "Timer-119220" [_thread_blocked, id=1618332, stack(0x0000010f4b400000,0x0000010f4b500000)]
  0x000002eefb612800 JavaThread "Timer-119219" [_thread_blocked, id=1618328, stack(0x0000010f4b300000,0x0000010f4b400000)]
  0x000002eefb611000 JavaThread "Timer-119218" [_thread_blocked, id=1618324, stack(0x0000010f4b200000,0x0000010f4b300000)]
  0x000002eefb611800 JavaThread "Timer-119217" [_thread_blocked, id=1618320, stack(0x0000010f4b100000,0x0000010f4b200000)]
  0x000002eefb610000 JavaThread "Timer-119216" [_thread_blocked, id=1618316, stack(0x0000010f4b000000,0x0000010f4b100000)]
  0x000002eefac42000 JavaThread "Timer-119215" [_thread_blocked, id=1618312, stack(0x0000010f4af00000,0x0000010f4b000000)]
  0x000002eefb615800 JavaThread "Timer-119214" [_thread_blocked, id=1618308, stack(0x0000010f4ae00000,0x0000010f4af00000)]
  0x000002eefb613000 JavaThread "Timer-119213" [_thread_blocked, id=1618304, stack(0x0000010f4ad00000,0x0000010f4ae00000)]
  0x000002eefb614800 JavaThread "Timer-119212" [_thread_blocked, id=1618300, stack(0x0000010f4ac00000,0x0000010f4ad00000)]
  0x000002eefb607000 JavaThread "Timer-119211" [_thread_blocked, id=1618296, stack(0x0000010f4ab00000,0x0000010f4ac00000)]
  0x000002eefb60e000 JavaThread "Timer-119210" [_thread_blocked, id=1618292, stack(0x0000010f4aa00000,0x0000010f4ab00000)]
  0x000002eefb60d000 JavaThread "Timer-119209" [_thread_blocked, id=1618288, stack(0x0000010f4a900000,0x0000010f4aa00000)]
  0x000002eefb606800 JavaThread "Timer-119208" [_thread_blocked, id=1618284, stack(0x0000010f4a800000,0x0000010f4a900000)]
  0x000002eefb60c800 JavaThread "Timer-119207" [_thread_blocked, id=1618280, stack(0x0000010f4a700000,0x0000010f4a800000)]
  0x000002eefb608800 JavaThread "Timer-119206" [_thread_blocked, id=1618276, stack(0x0000010f4a600000,0x0000010f4a700000)]
  0x000002eefb60b800 JavaThread "Timer-119205" [_thread_blocked, id=1618272, stack(0x0000010f4a500000,0x0000010f4a600000)]
  0x000002eefb605000 JavaThread "Timer-119204" [_thread_blocked, id=1618268, stack(0x0000010f4a400000,0x0000010f4a500000)]
  0x000002eefb8d1800 JavaThread "Timer-119203" [_thread_blocked, id=1618264, stack(0x0000010f4a300000,0x0000010f4a400000)]
  0x000002eefb8c8800 JavaThread "Timer-119202" [_thread_blocked, id=1618260, stack(0x0000010f4a200000,0x0000010f4a300000)]
  0x000002eefb8ca800 JavaThread "Timer-119201" [_thread_blocked, id=1618256, stack(0x0000010f4a100000,0x0000010f4a200000)]
  0x000002eefb8cf000 JavaThread "Timer-119200" [_thread_blocked, id=1618252, stack(0x0000010f4a000000,0x0000010f4a100000)]
  0x000002eefb8c7800 JavaThread "Timer-119199" [_thread_blocked, id=1618248, stack(0x0000010f49f00000,0x0000010f4a000000)]
  0x000002eefb8ce800 JavaThread "Timer-119198" [_thread_blocked, id=1618244, stack(0x0000010f49e00000,0x0000010f49f00000)]
  0x000002eefb8cd800 JavaThread "Timer-119197" [_thread_blocked, id=1618240, stack(0x0000010f49d00000,0x0000010f49e00000)]
  0x000002eefb8ca000 JavaThread "Timer-119196" [_thread_blocked, id=1618236, stack(0x0000010f49c00000,0x0000010f49d00000)]
  0x000002eefb8c7000 JavaThread "Timer-119195" [_thread_blocked, id=1618232, stack(0x0000010f49b00000,0x0000010f49c00000)]
  0x000002eefb8cd000 JavaThread "Timer-119194" [_thread_blocked, id=1618228, stack(0x0000010f49a00000,0x0000010f49b00000)]
  0x000002eefb8cc000 JavaThread "Timer-119193" [_thread_blocked, id=1618224, stack(0x0000010f49900000,0x0000010f49a00000)]
  0x000002eefb8c9000 JavaThread "Timer-119192" [_thread_blocked, id=1618220, stack(0x0000010f49800000,0x0000010f49900000)]
  0x000002eefb8cb800 JavaThread "Timer-119191" [_thread_blocked, id=1618216, stack(0x0000010f49700000,0x0000010f49800000)]
  0x000002eefb8bf800 JavaThread "Timer-119190" [_thread_blocked, id=1618212, stack(0x0000010f49600000,0x0000010f49700000)]
  0x000002eefb8c6000 JavaThread "Timer-119189" [_thread_blocked, id=1618208, stack(0x0000010f49500000,0x0000010f49600000)]
  0x000002eefb8c4800 JavaThread "Timer-119188" [_thread_blocked, id=1618204, stack(0x0000010f49400000,0x0000010f49500000)]
  0x000002eefb8c0000 JavaThread "Timer-119187" [_thread_blocked, id=1618192, stack(0x0000010f49300000,0x0000010f49400000)]
  0x000002eefb8c4000 JavaThread "Timer-119186" [_thread_blocked, id=1618188, stack(0x0000010f49200000,0x0000010f49300000)]
  0x000002eefb8c3000 JavaThread "Timer-119185" [_thread_blocked, id=1618180, stack(0x0000010f49100000,0x0000010f49200000)]
  0x000002eefb8c1800 JavaThread "Timer-119184" [_thread_blocked, id=1618176, stack(0x0000010f49000000,0x0000010f49100000)]
  0x000002eefb8c5800 JavaThread "Timer-119183" [_thread_blocked, id=1618172, stack(0x0000010f48f00000,0x0000010f49000000)]
  0x000002eefb8c2800 JavaThread "Timer-119182" [_thread_blocked, id=1618168, stack(0x0000010f48e00000,0x0000010f48f00000)]
  0x000002eefb8c1000 JavaThread "Timer-119181" [_thread_blocked, id=1618160, stack(0x0000010f48d00000,0x0000010f48e00000)]
  0x000002eefb12b000 JavaThread "Timer-119180" [_thread_blocked, id=1618156, stack(0x0000010f48c00000,0x0000010f48d00000)]
  0x000002eefb12a000 JavaThread "Timer-119179" [_thread_blocked, id=1618152, stack(0x0000010f48b00000,0x0000010f48c00000)]
  0x000002eefb129800 JavaThread "Timer-119178" [_thread_blocked, id=1618148, stack(0x0000010f48a00000,0x0000010f48b00000)]
  0x000002eefb128800 JavaThread "Timer-119177" [_thread_blocked, id=1618144, stack(0x0000010f48900000,0x0000010f48a00000)]
  0x000002eefb128000 JavaThread "Timer-119176" [_thread_blocked, id=1618140, stack(0x0000010f48800000,0x0000010f48900000)]
  0x000002eefb120000 JavaThread "Timer-119175" [_thread_blocked, id=1618136, stack(0x0000010f48700000,0x0000010f48800000)]
  0x000002eefb125800 JavaThread "Timer-119174" [_thread_blocked, id=1618132, stack(0x0000010f48600000,0x0000010f48700000)]
  0x000002eefb126800 JavaThread "Timer-119173" [_thread_blocked, id=1618128, stack(0x0000010f48500000,0x0000010f48600000)]
  0x000002eefb122800 JavaThread "Timer-119172" [_thread_blocked, id=1618124, stack(0x0000010f48400000,0x0000010f48500000)]
  0x000002eefb883000 JavaThread "Timer-119171" [_thread_blocked, id=1618120, stack(0x0000010f48300000,0x0000010f48400000)]
  0x000002eefb882800 JavaThread "Timer-119170" [_thread_blocked, id=1618116, stack(0x0000010f48200000,0x0000010f48300000)]
  0x000002eefb881000 JavaThread "Timer-119169" [_thread_blocked, id=1618112, stack(0x0000010f48100000,0x0000010f48200000)]
  0x000002eefb609800 JavaThread "Timer-119168" [_thread_blocked, id=1618108, stack(0x0000010f48000000,0x0000010f48100000)]
  0x000002eefb604000 JavaThread "Timer-119167" [_thread_blocked, id=1618104, stack(0x0000010f47f00000,0x0000010f48000000)]
  0x000002eefb6f5800 JavaThread "Timer-119166" [_thread_blocked, id=1618100, stack(0x0000010f47e00000,0x0000010f47f00000)]
  0x000002eefb6f9800 JavaThread "Timer-119165" [_thread_blocked, id=1618096, stack(0x0000010f47d00000,0x0000010f47e00000)]
  0x000002eefb6f7000 JavaThread "Timer-119164" [_thread_blocked, id=1618092, stack(0x0000010f47c00000,0x0000010f47d00000)]
  0x000002eefb6fb800 JavaThread "Timer-119163" [_thread_blocked, id=1618088, stack(0x0000010f47b00000,0x0000010f47c00000)]
  0x000002eefb6f2800 JavaThread "Timer-119162" [_thread_blocked, id=1618084, stack(0x0000010f47a00000,0x0000010f47b00000)]
  0x000002eefb6f8800 JavaThread "Timer-119161" [_thread_blocked, id=1618080, stack(0x0000010f47900000,0x0000010f47a00000)]
  0x000002eefb880000 JavaThread "Timer-119160" [_thread_blocked, id=1618076, stack(0x0000010f47800000,0x0000010f47900000)]
  0x000002eefb881800 JavaThread "Timer-119159" [_thread_blocked, id=1618072, stack(0x0000010f47700000,0x0000010f47800000)]
  0x000002eefb87f800 JavaThread "Timer-119158" [_thread_blocked, id=1618068, stack(0x0000010f47600000,0x0000010f47700000)]
  0x000002eefb681000 JavaThread "Timer-119157" [_thread_blocked, id=1618064, stack(0x0000010f47500000,0x0000010f47600000)]
  0x000002eefb682800 JavaThread "Timer-119156" [_thread_blocked, id=1618060, stack(0x0000010f47400000,0x0000010f47500000)]
  0x000002eefb680000 JavaThread "Timer-119155" [_thread_blocked, id=1618056, stack(0x0000010f47300000,0x0000010f47400000)]
  0x000002eefb684000 JavaThread "Timer-119154" [_thread_blocked, id=1618052, stack(0x0000010f47200000,0x0000010f47300000)]
  0x000002eefb684800 JavaThread "Timer-119153" [_thread_blocked, id=1618048, stack(0x0000010f47100000,0x0000010f47200000)]
  0x000002eefb681800 JavaThread "Timer-119152" [_thread_blocked, id=1618044, stack(0x0000010f47000000,0x0000010f47100000)]
  0x000002eefb683000 JavaThread "Timer-119151" [_thread_blocked, id=1618016, stack(0x0000010f46f00000,0x0000010f47000000)]
  0x000002eefb685800 JavaThread "Timer-119150" [_thread_blocked, id=1618012, stack(0x0000010f46e00000,0x0000010f46f00000)]
  0x000002eefb67f800 JavaThread "Timer-119149" [_thread_blocked, id=1618008, stack(0x0000010f46d00000,0x0000010f46e00000)]
  0x000002eefb678000 JavaThread "Timer-119148" [_thread_blocked, id=1618004, stack(0x0000010f46c00000,0x0000010f46d00000)]
  0x000002eefb67e800 JavaThread "Timer-119147" [_thread_blocked, id=1618000, stack(0x0000010f46b00000,0x0000010f46c00000)]
  0x000002eefb677000 JavaThread "Timer-119146" [_thread_blocked, id=1617996, stack(0x0000010f46a00000,0x0000010f46b00000)]
  0x000002eefb67e000 JavaThread "Timer-119145" [_thread_blocked, id=1617992, stack(0x0000010f46900000,0x0000010f46a00000)]
  0x000002eefb67d000 JavaThread "Timer-119144" [_thread_blocked, id=1617988, stack(0x0000010f46800000,0x0000010f46900000)]
  0x000002eefb67c800 JavaThread "Timer-119143" [_thread_blocked, id=1617984, stack(0x0000010f46700000,0x0000010f46800000)]
  0x000002eefb675800 JavaThread "Timer-119142" [_thread_blocked, id=1617980, stack(0x0000010f46600000,0x0000010f46700000)]
  0x000002eefb67b800 JavaThread "Timer-119141" [_thread_blocked, id=1617976, stack(0x0000010f46500000,0x0000010f46600000)]
  0x000002eefb679800 JavaThread "Timer-119140" [_thread_blocked, id=1617972, stack(0x0000010f46400000,0x0000010f46500000)]
  0x000002eefb67a000 JavaThread "Timer-119139" [_thread_blocked, id=1617968, stack(0x0000010f46300000,0x0000010f46400000)]
  0x000002eefb67b000 JavaThread "Timer-119138" [_thread_blocked, id=1617964, stack(0x0000010f46200000,0x0000010f46300000)]
  0x000002eefb676800 JavaThread "Timer-119137" [_thread_blocked, id=1617960, stack(0x0000010f46100000,0x0000010f46200000)]
  0x000002eefb678800 JavaThread "Timer-119136" [_thread_blocked, id=1617956, stack(0x0000010f46000000,0x0000010f46100000)]
  0x000002eefb675000 JavaThread "Timer-119135" [_thread_blocked, id=1617952, stack(0x0000010f45f00000,0x0000010f46000000)]
  0x000002eefb672000 JavaThread "Timer-119134" [_thread_blocked, id=1617948, stack(0x0000010f45e00000,0x0000010f45f00000)]
  0x000002eefb674000 JavaThread "Timer-119133" [_thread_blocked, id=1617944, stack(0x0000010f45d00000,0x0000010f45e00000)]
  0x000002eefb673800 JavaThread "Timer-119132" [_thread_blocked, id=1617940, stack(0x0000010f45c00000,0x0000010f45d00000)]
  0x000002eefb672800 JavaThread "Timer-119131" [_thread_blocked, id=1617936, stack(0x0000010f45b00000,0x0000010f45c00000)]
  0x000002eefb66a000 JavaThread "Timer-119130" [_thread_blocked, id=1617932, stack(0x0000010f45a00000,0x0000010f45b00000)]
  0x000002eefb66e000 JavaThread "Timer-119129" [_thread_blocked, id=1617928, stack(0x0000010f45900000,0x0000010f45a00000)]
  0x000002eefb66b800 JavaThread "Timer-119128" [_thread_blocked, id=1617924, stack(0x0000010f45800000,0x0000010f45900000)]
  0x000002eefb671000 JavaThread "Timer-119127" [_thread_blocked, id=1617804, stack(0x0000010f45700000,0x0000010f45800000)]
  0x000002eefb669800 JavaThread "Timer-119126" [_thread_blocked, id=1616496, stack(0x0000010f45600000,0x0000010f45700000)]
  0x000002eefb66e800 JavaThread "Timer-119125" [_thread_blocked, id=1617800, stack(0x0000010f45500000,0x0000010f45600000)]
  0x000002eefb670000 JavaThread "Timer-119124" [_thread_blocked, id=1575688, stack(0x0000010f45400000,0x0000010f45500000)]
  0x000002eefb668800 JavaThread "Timer-119123" [_thread_blocked, id=1575692, stack(0x0000010f45300000,0x0000010f45400000)]
  0x000002eefb66d000 JavaThread "Timer-119122" [_thread_blocked, id=1606872, stack(0x0000010f45200000,0x0000010f45300000)]
  0x000002eefb66b000 JavaThread "Timer-119121" [_thread_blocked, id=1582328, stack(0x0000010f45100000,0x0000010f45200000)]
  0x000002eefb66c800 JavaThread "Timer-119120" [_thread_blocked, id=1582320, stack(0x0000010f45000000,0x0000010f45100000)]
  0x000002eefb66f800 JavaThread "Timer-119119" [_thread_blocked, id=1604984, stack(0x0000010f44f00000,0x0000010f45000000)]
  0x000002eefb661000 JavaThread "Timer-119118" [_thread_blocked, id=1617024, stack(0x0000010f44e00000,0x0000010f44f00000)]
  0x000002eefb668000 JavaThread "Timer-119117" [_thread_blocked, id=1580804, stack(0x0000010f44d00000,0x0000010f44e00000)]
  0x000002eefb660800 JavaThread "Timer-119116" [_thread_blocked, id=1617916, stack(0x0000010f44c00000,0x0000010f44d00000)]
  0x000002eefb667000 JavaThread "Timer-119115" [_thread_blocked, id=1617912, stack(0x0000010f44b00000,0x0000010f44c00000)]
  0x000002eefb664000 JavaThread "Timer-119114" [_thread_blocked, id=1617908, stack(0x0000010f44a00000,0x0000010f44b00000)]
  0x000002eefb665000 JavaThread "Timer-119113" [_thread_blocked, id=1617900, stack(0x0000010f44900000,0x0000010f44a00000)]
  0x000002eef06eb800 JavaThread "Timer-119112" [_thread_blocked, id=1617896, stack(0x0000010f44800000,0x0000010f44900000)]
  0x000002eef06f2800 JavaThread "Timer-119111" [_thread_blocked, id=1617892, stack(0x0000010f44700000,0x0000010f44800000)]
  0x000002eef06ef800 JavaThread "Timer-119110" [_thread_blocked, id=1617888, stack(0x0000010f44600000,0x0000010f44700000)]
  0x000002eef06eb000 JavaThread "Timer-119109" [_thread_blocked, id=1617884, stack(0x0000010f44500000,0x0000010f44600000)]
  0x000002eef06ee800 JavaThread "Timer-119108" [_thread_blocked, id=1617880, stack(0x0000010f44400000,0x0000010f44500000)]
  0x000002eefb662800 JavaThread "Timer-119107" [_thread_blocked, id=1617876, stack(0x0000010f44300000,0x0000010f44400000)]
  0x000002eefac40800 JavaThread "Timer-119106" [_thread_blocked, id=1617872, stack(0x0000010f44200000,0x0000010f44300000)]
  0x000002eefac41800 JavaThread "Timer-119105" [_thread_blocked, id=1617868, stack(0x0000010f44100000,0x0000010f44200000)]
  0x000002eefac40000 JavaThread "Timer-119104" [_thread_blocked, id=1617864, stack(0x0000010f44000000,0x0000010f44100000)]
  0x000002eefac38800 JavaThread "Timer-119103" [_thread_blocked, id=1617860, stack(0x0000010f43f00000,0x0000010f44000000)]
  0x000002eefac3f000 JavaThread "Timer-119102" [_thread_blocked, id=1617856, stack(0x0000010f43e00000,0x0000010f43f00000)]
  0x000002eefac37800 JavaThread "Timer-119101" [_thread_blocked, id=1617852, stack(0x0000010f43d00000,0x0000010f43e00000)]
  0x000002eefac3e800 JavaThread "Timer-119100" [_thread_blocked, id=1617848, stack(0x0000010f43c00000,0x0000010f43d00000)]
  0x000002eefac3d000 JavaThread "Timer-119099" [_thread_blocked, id=1617844, stack(0x0000010f43b00000,0x0000010f43c00000)]
  0x000002eefac3c000 JavaThread "Timer-119098" [_thread_blocked, id=1617840, stack(0x0000010f43a00000,0x0000010f43b00000)]
  0x000002eefac3d800 JavaThread "Timer-119097" [_thread_blocked, id=1617836, stack(0x0000010f43900000,0x0000010f43a00000)]
  0x000002eefac35800 JavaThread "Timer-119096" [_thread_blocked, id=1617832, stack(0x0000010f43800000,0x0000010f43900000)]
  0x000002eefac3b800 JavaThread "Timer-119095" [_thread_blocked, id=1617828, stack(0x0000010f43700000,0x0000010f43800000)]
  0x000002eefac37000 JavaThread "Timer-119094" [_thread_blocked, id=1617824, stack(0x0000010f43600000,0x0000010f43700000)]
  0x000002eefac3a800 JavaThread "Timer-119093" [_thread_blocked, id=1617820, stack(0x0000010f43500000,0x0000010f43600000)]
  0x000002eefb127000 JavaThread "Timer-119092" [_thread_blocked, id=1617816, stack(0x0000010f43400000,0x0000010f43500000)]
  0x000002eefb11e800 JavaThread "Timer-119091" [_thread_blocked, id=1617812, stack(0x0000010f43300000,0x0000010f43400000)]
  0x000002eefb124000 JavaThread "Timer-119090" [_thread_blocked, id=1617808, stack(0x0000010f43200000,0x0000010f43300000)]
  0x000002eefb121800 JavaThread "Timer-119089" [_thread_blocked, id=1617796, stack(0x0000010f43100000,0x0000010f43200000)]
  0x000002eefb123000 JavaThread "Timer-119088" [_thread_blocked, id=1617792, stack(0x0000010f43000000,0x0000010f43100000)]
  0x000002eefb11f800 JavaThread "Timer-119087" [_thread_blocked, id=1617784, stack(0x0000010f42f00000,0x0000010f43000000)]
  0x000002eefb65f800 JavaThread "Timer-119086" [_thread_blocked, id=1617780, stack(0x0000010f42e00000,0x0000010f42f00000)]
  0x000002eefb663800 JavaThread "Timer-119085" [_thread_blocked, id=1617776, stack(0x0000010f42d00000,0x0000010f42e00000)]
  0x000002eefb665800 JavaThread "Timer-119084" [_thread_blocked, id=1617772, stack(0x0000010f42c00000,0x0000010f42d00000)]
  0x000002eefb662000 JavaThread "Timer-119083" [_thread_blocked, id=1617768, stack(0x0000010f42b00000,0x0000010f42c00000)]
  0x000002eefb666800 JavaThread "Timer-119082" [_thread_blocked, id=1617764, stack(0x0000010f42a00000,0x0000010f42b00000)]
  0x000002eefb65f000 JavaThread "Timer-119081" [_thread_blocked, id=1617760, stack(0x0000010f42900000,0x0000010f42a00000)]
  0x000002eefb657800 JavaThread "Timer-119080" [_thread_blocked, id=1617756, stack(0x0000010f42800000,0x0000010f42900000)]
  0x000002eefb65e000 JavaThread "Timer-119079" [_thread_blocked, id=1617752, stack(0x0000010f42700000,0x0000010f42800000)]
  0x000002eefb65a800 JavaThread "Timer-119078" [_thread_blocked, id=1617748, stack(0x0000010f42600000,0x0000010f42700000)]
  0x000002eefb656800 JavaThread "Timer-119077" [_thread_blocked, id=1617744, stack(0x0000010f42500000,0x0000010f42600000)]
  0x000002eefb65d800 JavaThread "Timer-119076" [_thread_blocked, id=1617740, stack(0x0000010f42400000,0x0000010f42500000)]
  0x000002eefb65c800 JavaThread "Timer-119075" [_thread_blocked, id=1617736, stack(0x0000010f42300000,0x0000010f42400000)]
  0x000002eefb659000 JavaThread "Timer-119074" [_thread_blocked, id=1617732, stack(0x0000010f42200000,0x0000010f42300000)]
  0x000002eefb658000 JavaThread "Timer-119073" [_thread_blocked, id=1617724, stack(0x0000010f42100000,0x0000010f42200000)]
  0x000002eefb65b000 JavaThread "Timer-119072" [_thread_blocked, id=1617720, stack(0x0000010f42000000,0x0000010f42100000)]
  0x000002eefb65c000 JavaThread "Timer-119071" [_thread_blocked, id=1617712, stack(0x0000010f41f00000,0x0000010f42000000)]
  0x000002eefb659800 JavaThread "Timer-119070" [_thread_blocked, id=1617708, stack(0x0000010f41e00000,0x0000010f41f00000)]
  0x000002eefb64f000 JavaThread "Timer-119069" [_thread_blocked, id=1617704, stack(0x0000010f41d00000,0x0000010f41e00000)]
  0x000002eefb655000 JavaThread "Timer-119068" [_thread_blocked, id=1617700, stack(0x0000010f41c00000,0x0000010f41d00000)]
  0x000002eefb656000 JavaThread "Timer-119067" [_thread_blocked, id=1617696, stack(0x0000010f41b00000,0x0000010f41c00000)]
  0x000002eefb654800 JavaThread "Timer-119066" [_thread_blocked, id=1617692, stack(0x0000010f41a00000,0x0000010f41b00000)]
  0x000002eefb651800 JavaThread "Timer-119065" [_thread_blocked, id=1617688, stack(0x0000010f41900000,0x0000010f41a00000)]
  0x000002eefb650800 JavaThread "Timer-119064" [_thread_blocked, id=1617684, stack(0x0000010f41800000,0x0000010f41900000)]
  0x000002eefb653800 JavaThread "Timer-119063" [_thread_blocked, id=1617680, stack(0x0000010f41700000,0x0000010f41800000)]
  0x000002eefb653000 JavaThread "Timer-119062" [_thread_blocked, id=1617676, stack(0x0000010f41600000,0x0000010f41700000)]
  0x000002eefb650000 JavaThread "Timer-119061" [_thread_blocked, id=1617672, stack(0x0000010f41500000,0x0000010f41600000)]
  0x000002eefb652000 JavaThread "Timer-119060" [_thread_blocked, id=1617668, stack(0x0000010f41400000,0x0000010f41500000)]
  0x000002eefac36000 JavaThread "Timer-119059" [_thread_blocked, id=1617664, stack(0x0000010f41300000,0x0000010f41400000)]
  0x000002eefac3a000 JavaThread "Timer-119058" [_thread_blocked, id=1617660, stack(0x0000010f41200000,0x0000010f41300000)]
  0x000002eefb6f0800 JavaThread "Timer-119057" [_thread_blocked, id=1617656, stack(0x0000010f41100000,0x0000010f41200000)]
  0x000002eefb6f1000 JavaThread "Timer-119056" [_thread_blocked, id=1617652, stack(0x0000010f41000000,0x0000010f41100000)]
  0x000002eefb6f3800 JavaThread "Timer-119055" [_thread_blocked, id=1617648, stack(0x0000010f40f00000,0x0000010f41000000)]
  0x000002eefb6f4000 JavaThread "Timer-119054" [_thread_blocked, id=1617644, stack(0x0000010f40e00000,0x0000010f40f00000)]
  0x000002eefb6f5000 JavaThread "Timer-119053" [_thread_blocked, id=1617640, stack(0x0000010f40d00000,0x0000010f40e00000)]
  0x000002eefb6f6800 JavaThread "Timer-119052" [_thread_blocked, id=1617636, stack(0x0000010f40c00000,0x0000010f40d00000)]
  0x000002eefb6f2000 JavaThread "Timer-119051" [_thread_blocked, id=1617632, stack(0x0000010f40b00000,0x0000010f40c00000)]
  0x000002eefac74000 JavaThread "Timer-119050" [_thread_blocked, id=1617628, stack(0x0000010f40a00000,0x0000010f40b00000)]
  0x000002eefac72800 JavaThread "Timer-119049" [_thread_blocked, id=1617624, stack(0x0000010f40900000,0x0000010f40a00000)]
  0x000002eefac73000 JavaThread "Timer-119048" [_thread_blocked, id=1617620, stack(0x0000010f40800000,0x0000010f40900000)]
  0x000002eefb647800 JavaThread "Timer-119047" [_thread_blocked, id=1617616, stack(0x0000010f40700000,0x0000010f40800000)]
  0x000002eefb64e800 JavaThread "Timer-119046" [_thread_blocked, id=1617612, stack(0x0000010f40600000,0x0000010f40700000)]
  0x000002eefb64d800 JavaThread "Timer-119045" [_thread_blocked, id=1617608, stack(0x0000010f40500000,0x0000010f40600000)]
  0x000002eefb64a800 JavaThread "Timer-119044" [_thread_blocked, id=1617604, stack(0x0000010f40400000,0x0000010f40500000)]
  0x000002eefb649000 JavaThread "Timer-119043" [_thread_blocked, id=1617600, stack(0x0000010f40300000,0x0000010f40400000)]
  0x000002eefb64d000 JavaThread "Timer-119042" [_thread_blocked, id=1617596, stack(0x0000010f40200000,0x0000010f40300000)]
  0x000002eefb646000 JavaThread "Timer-119041" [_thread_blocked, id=1617592, stack(0x0000010f40100000,0x0000010f40200000)]
  0x000002eefb648800 JavaThread "Timer-119040" [_thread_blocked, id=1617588, stack(0x0000010f40000000,0x0000010f40100000)]
  0x000002eefb645800 JavaThread "Timer-119039" [_thread_blocked, id=1617584, stack(0x0000010f3ff00000,0x0000010f40000000)]
  0x000002eefb647000 JavaThread "Timer-119038" [_thread_blocked, id=1617580, stack(0x0000010f3fe00000,0x0000010f3ff00000)]
  0x000002eefb64b800 JavaThread "Timer-119037" [_thread_blocked, id=1617576, stack(0x0000010f3fd00000,0x0000010f3fe00000)]
  0x000002eefb64c000 JavaThread "Timer-119036" [_thread_blocked, id=1617572, stack(0x0000010f3fc00000,0x0000010f3fd00000)]
  0x000002eefb64a000 JavaThread "Timer-119035" [_thread_blocked, id=1617568, stack(0x0000010f3fb00000,0x0000010f3fc00000)]
  0x000002eefb448000 JavaThread "Timer-119034" [_thread_blocked, id=1617564, stack(0x0000010f3fa00000,0x0000010f3fb00000)]
  0x000002eefac33000 JavaThread "Timer-119033" [_thread_blocked, id=1617560, stack(0x0000010f3f900000,0x0000010f3fa00000)]
  0x000002eefac34800 JavaThread "Timer-119032" [_thread_blocked, id=1617556, stack(0x0000010f3f800000,0x0000010f3f900000)]
  0x000002eefac34000 JavaThread "Timer-119031" [_thread_blocked, id=1617552, stack(0x0000010f3f700000,0x0000010f3f800000)]
  0x000002eefac39000 JavaThread "Timer-119030" [_thread_blocked, id=1617548, stack(0x0000010f3f600000,0x0000010f3f700000)]
  0x000002eefac32800 JavaThread "Timer-119029" [_thread_blocked, id=1617544, stack(0x0000010f3f500000,0x0000010f3f600000)]
  0x000002eefb446800 JavaThread "Timer-119028" [_thread_blocked, id=1617540, stack(0x0000010f3f400000,0x0000010f3f500000)]
  0x000002eefb447800 JavaThread "Timer-119027" [_thread_blocked, id=1617536, stack(0x0000010f3f100000,0x0000010f3f200000)]
  0x000002eefb446000 JavaThread "Timer-119026" [_thread_blocked, id=1617532, stack(0x0000010f3f000000,0x0000010f3f100000)]
  0x000002eefb444800 JavaThread "Timer-119025" [_thread_blocked, id=1617528, stack(0x0000010f3ef00000,0x0000010f3f000000)]
  0x000002eefb445000 JavaThread "Timer-119024" [_thread_blocked, id=1617524, stack(0x0000010f3ee00000,0x0000010f3ef00000)]
  0x000002eefb443800 JavaThread "Timer-119023" [_thread_blocked, id=1617520, stack(0x0000010f3ed00000,0x0000010f3ee00000)]
  0x000002eefb443000 JavaThread "Timer-119022" [_thread_blocked, id=1617516, stack(0x0000010f3ec00000,0x0000010f3ed00000)]
  0x000002eefb43b800 JavaThread "Timer-119021" [_thread_blocked, id=1617512, stack(0x0000010f3eb00000,0x0000010f3ec00000)]
  0x000002eefb43c000 JavaThread "Timer-119020" [_thread_blocked, id=1617508, stack(0x0000010f3ea00000,0x0000010f3eb00000)]
  0x000002eefb442000 JavaThread "Timer-119019" [_thread_blocked, id=1617504, stack(0x0000010f3e900000,0x0000010f3ea00000)]
  0x000002eefb43d800 JavaThread "Timer-119018" [_thread_blocked, id=1617500, stack(0x0000010f3e800000,0x0000010f3e900000)]
  0x000002eefac8c800 JavaThread "Timer-119017" [_thread_blocked, id=1617496, stack(0x0000010f3e700000,0x0000010f3e800000)]
  0x000002eefac8f800 JavaThread "Timer-119016" [_thread_blocked, id=1617492, stack(0x0000010f3e600000,0x0000010f3e700000)]
  0x000002eefac88000 JavaThread "Timer-119015" [_thread_blocked, id=1617488, stack(0x0000010f3e500000,0x0000010f3e600000)]
  0x000002eefac8b800 JavaThread "Timer-119014" [_thread_blocked, id=1617484, stack(0x0000010f3e400000,0x0000010f3e500000)]
  0x000002eefac8b000 JavaThread "Timer-119013" [_thread_blocked, id=1617480, stack(0x0000010f3e300000,0x0000010f3e400000)]
  0x000002eefac8e800 JavaThread "Timer-119012" [_thread_blocked, id=1617476, stack(0x0000010f3e200000,0x0000010f3e300000)]
  0x000002eefb43a800 JavaThread "Timer-119011" [_thread_blocked, id=1617472, stack(0x0000010f3e100000,0x0000010f3e200000)]
  0x000002eefb441800 JavaThread "Timer-119010" [_thread_blocked, id=1617468, stack(0x0000010f3e000000,0x0000010f3e100000)]
  0x000002eefb440000 JavaThread "Timer-119009" [_thread_blocked, id=1617464, stack(0x0000010f3df00000,0x0000010f3e000000)]
  0x000002eefb440800 JavaThread "Timer-119008" [_thread_blocked, id=1617460, stack(0x0000010f3de00000,0x0000010f3df00000)]
  0x000002eefb43a000 JavaThread "Timer-119007" [_thread_blocked, id=1617456, stack(0x0000010f3dd00000,0x0000010f3de00000)]
  0x000002eefb60a000 JavaThread "Timer-119006" [_thread_blocked, id=1617452, stack(0x0000010f3dc00000,0x0000010f3dd00000)]
  0x000002eefb605800 JavaThread "Timer-119005" [_thread_blocked, id=1617448, stack(0x0000010f3db00000,0x0000010f3dc00000)]
  0x000002eefb608000 JavaThread "Timer-119004" [_thread_blocked, id=1617444, stack(0x0000010f3da00000,0x0000010f3db00000)]
  0x000002eefb60b000 JavaThread "Timer-119003" [_thread_blocked, id=1617440, stack(0x0000010f3d900000,0x0000010f3da00000)]
  0x000002eefb603800 JavaThread "Timer-119002" [_thread_blocked, id=1617436, stack(0x0000010f3d800000,0x0000010f3d900000)]
  0x000002eefaf43000 JavaThread "Timer-119001" [_thread_blocked, id=1617432, stack(0x0000010f3d700000,0x0000010f3d800000)]
  0x000002eefaf42800 JavaThread "Timer-119000" [_thread_blocked, id=1617428, stack(0x0000010f3d600000,0x0000010f3d700000)]
  0x000002eefaf47000 JavaThread "Timer-118999" [_thread_blocked, id=1617424, stack(0x0000010f3d500000,0x0000010f3d600000)]
  0x000002eefaf41800 JavaThread "Timer-118998" [_thread_blocked, id=1617420, stack(0x0000010f3d400000,0x0000010f3d500000)]
  0x000002eefaf40000 JavaThread "Timer-118997" [_thread_blocked, id=1617416, stack(0x0000010f3d300000,0x0000010f3d400000)]
  0x000002eefaf44800 JavaThread "Timer-118996" [_thread_blocked, id=1617412, stack(0x0000010f3d200000,0x0000010f3d300000)]
  0x000002eefaf44000 JavaThread "Timer-118995" [_thread_blocked, id=1617408, stack(0x0000010f3d100000,0x0000010f3d200000)]
  0x000002eefaf46000 JavaThread "Timer-118994" [_thread_blocked, id=1617404, stack(0x0000010f3d000000,0x0000010f3d100000)]
  0x000002eefaf3f000 JavaThread "Timer-118993" [_thread_blocked, id=1617400, stack(0x0000010f3cf00000,0x0000010f3d000000)]
  0x000002eefaf45800 JavaThread "Timer-118992" [_thread_blocked, id=1617396, stack(0x0000010f3ce00000,0x0000010f3cf00000)]
  0x000002eefaf40800 JavaThread "Timer-118991" [_thread_blocked, id=1617392, stack(0x0000010f3cd00000,0x0000010f3ce00000)]
  0x000002eefaf37800 JavaThread "Timer-118990" [_thread_blocked, id=1617388, stack(0x0000010f3cc00000,0x0000010f3cd00000)]
  0x000002eefac2a800 JavaThread "Timer-118989" [_thread_blocked, id=1617384, stack(0x0000010f3cb00000,0x0000010f3cc00000)]
  0x000002eefac31800 JavaThread "Timer-118988" [_thread_blocked, id=1617380, stack(0x0000010f3ca00000,0x0000010f3cb00000)]
  0x000002eefac31000 JavaThread "Timer-118987" [_thread_blocked, id=1617376, stack(0x0000010f3c900000,0x0000010f3ca00000)]
  0x000002eefac30000 JavaThread "Timer-118986" [_thread_blocked, id=1617372, stack(0x0000010f3c800000,0x0000010f3c900000)]
  0x000002eefb43e800 JavaThread "Timer-118985" [_thread_blocked, id=1617368, stack(0x0000010f3c700000,0x0000010f3c800000)]
  0x000002eefb43d000 JavaThread "Timer-118984" [_thread_blocked, id=1617364, stack(0x0000010f3c600000,0x0000010f3c700000)]
  0x000002eefb125000 JavaThread "Timer-118983" [_thread_blocked, id=1617360, stack(0x0000010f3c500000,0x0000010f3c600000)]
  0x000002eefb121000 JavaThread "Timer-118982" [_thread_blocked, id=1617356, stack(0x0000010f3c400000,0x0000010f3c500000)]
  0x000002eefb118000 JavaThread "Timer-118981" [_thread_blocked, id=1617352, stack(0x0000010f3c300000,0x0000010f3c400000)]
  0x000002eefb117000 JavaThread "Timer-118980" [_thread_blocked, id=1617348, stack(0x0000010f3c200000,0x0000010f3c300000)]
  0x000002eefb11e000 JavaThread "Timer-118979" [_thread_blocked, id=1617344, stack(0x0000010f3c100000,0x0000010f3c200000)]
  0x000002eefb116800 JavaThread "Timer-118978" [_thread_blocked, id=1617340, stack(0x0000010f3c000000,0x0000010f3c100000)]
  0x000002eefb11d000 JavaThread "Timer-118977" [_thread_blocked, id=1617336, stack(0x0000010f3bf00000,0x0000010f3c000000)]
  0x000002eefb119800 JavaThread "Timer-118976" [_thread_blocked, id=1617332, stack(0x0000010f3be00000,0x0000010f3bf00000)]
  0x000002eefb11a000 JavaThread "Timer-118975" [_thread_blocked, id=1617328, stack(0x0000010f3bd00000,0x0000010f3be00000)]
  0x000002eefb115800 JavaThread "Timer-118974" [_thread_blocked, id=1617324, stack(0x0000010f3bc00000,0x0000010f3bd00000)]
  0x000002eefb11b800 JavaThread "Timer-118973" [_thread_blocked, id=1617320, stack(0x0000010f3bb00000,0x0000010f3bc00000)]
  0x000002eefb11c800 JavaThread "Timer-118972" [_thread_blocked, id=1617316, stack(0x0000010f3ba00000,0x0000010f3bb00000)]
  0x000002eefb11b000 JavaThread "Timer-118971" [_thread_blocked, id=1617312, stack(0x0000010f3b900000,0x0000010f3ba00000)]
  0x000002eefb118800 JavaThread "Timer-118970" [_thread_blocked, id=1617308, stack(0x0000010f3b800000,0x0000010f3b900000)]
  0x000002eefb10e000 JavaThread "Timer-118969" [_thread_blocked, id=1617304, stack(0x0000010f3b700000,0x0000010f3b800000)]
  0x000002eefb115000 JavaThread "Timer-118968" [_thread_blocked, id=1617300, stack(0x0000010f3b600000,0x0000010f3b700000)]
  0x000002eefb10d800 JavaThread "Timer-118967" [_thread_blocked, id=1617296, stack(0x0000010f3b500000,0x0000010f3b600000)]
  0x000002eefb111000 JavaThread "Timer-118966" [_thread_blocked, id=1617292, stack(0x0000010f3b400000,0x0000010f3b500000)]
  0x000002eefb110800 JavaThread "Timer-118965" [_thread_blocked, id=1617288, stack(0x0000010f3b300000,0x0000010f3b400000)]
  0x000002eefb114000 JavaThread "Timer-118964" [_thread_blocked, id=1617284, stack(0x0000010f3b200000,0x0000010f3b300000)]
  0x000002eefb10f800 JavaThread "Timer-118963" [_thread_blocked, id=1617280, stack(0x0000010f3b100000,0x0000010f3b200000)]
  0x000002eefb113800 JavaThread "Timer-118962" [_thread_blocked, id=1617276, stack(0x0000010f3b000000,0x0000010f3b100000)]
  0x000002eefb10f000 JavaThread "Timer-118961" [_thread_blocked, id=1617272, stack(0x0000010f3af00000,0x0000010f3b000000)]
  0x000002eefb10c800 JavaThread "Timer-118960" [_thread_blocked, id=1617268, stack(0x0000010f3ae00000,0x0000010f3af00000)]
  0x000002eefb10c000 JavaThread "Timer-118959" [_thread_blocked, id=1617264, stack(0x0000010f3ad00000,0x0000010f3ae00000)]
  0x000002eefb112800 JavaThread "Timer-118958" [_thread_blocked, id=1617260, stack(0x0000010f3ac00000,0x0000010f3ad00000)]
  0x000002eefb10b000 JavaThread "Timer-118957" [_thread_blocked, id=1617256, stack(0x0000010f3ab00000,0x0000010f3ac00000)]
  0x000002eefb112000 JavaThread "Timer-118956" [_thread_blocked, id=1617252, stack(0x0000010f3aa00000,0x0000010f3ab00000)]
  0x000002eefb103800 JavaThread "Timer-118955" [_thread_blocked, id=1617248, stack(0x0000010f3a900000,0x0000010f3aa00000)]
  0x000002eefb10a800 JavaThread "Timer-118954" [_thread_blocked, id=1617244, stack(0x0000010f3a800000,0x0000010f3a900000)]
  0x000002eefb109800 JavaThread "Timer-118953" [_thread_blocked, id=1617240, stack(0x0000010f3a700000,0x0000010f3a800000)]
  0x000002eefb108000 JavaThread "Timer-118952" [_thread_blocked, id=1617236, stack(0x0000010f3a600000,0x0000010f3a700000)]
  0x000002eefb107800 JavaThread "Timer-118951" [_thread_blocked, id=1617232, stack(0x0000010f3a500000,0x0000010f3a600000)]
  0x000002eefb105000 JavaThread "Timer-118950" [_thread_blocked, id=1617228, stack(0x0000010f3a400000,0x0000010f3a500000)]
  0x000002eefb109000 JavaThread "Timer-118949" [_thread_blocked, id=1617224, stack(0x0000010f3a300000,0x0000010f3a400000)]
  0x000002eefb106800 JavaThread "Timer-118948" [_thread_blocked, id=1617220, stack(0x0000010f3a200000,0x0000010f3a300000)]
  0x000002eefb104800 JavaThread "Timer-118947" [_thread_blocked, id=1617216, stack(0x0000010f3a100000,0x0000010f3a200000)]
  0x000002eefb106000 JavaThread "Timer-118946" [_thread_blocked, id=1617212, stack(0x0000010f3a000000,0x0000010f3a100000)]
  0x000002eefb0fd000 JavaThread "Timer-118945" [_thread_blocked, id=1617208, stack(0x0000010f39f00000,0x0000010f3a000000)]
  0x000002eefb0fe800 JavaThread "Timer-118944" [_thread_blocked, id=1617204, stack(0x0000010f39e00000,0x0000010f39f00000)]
  0x000002eefaf3e800 JavaThread "Timer-118943" [_thread_blocked, id=1617200, stack(0x0000010f39d00000,0x0000010f39e00000)]
  0x000002eefaf3b800 JavaThread "Timer-118942" [_thread_blocked, id=1617196, stack(0x0000010f39c00000,0x0000010f39d00000)]
  0x000002eefaf37000 JavaThread "Timer-118941" [_thread_blocked, id=1617192, stack(0x0000010f39b00000,0x0000010f39c00000)]
  0x000002eefac2f800 JavaThread "Timer-118940" [_thread_blocked, id=1617188, stack(0x0000010f39a00000,0x0000010f39b00000)]
  0x000002eefac2e800 JavaThread "Timer-118939" [_thread_blocked, id=1617184, stack(0x0000010f39900000,0x0000010f39a00000)]
  0x000002eefac2e000 JavaThread "Timer-118938" [_thread_blocked, id=1617180, stack(0x0000010f39800000,0x0000010f39900000)]
  0x000002eefaf3c000 JavaThread "Timer-118937" [_thread_blocked, id=1617176, stack(0x0000010f39700000,0x0000010f39800000)]
  0x000002eefaf3d800 JavaThread "Timer-118936" [_thread_blocked, id=1617172, stack(0x0000010f39600000,0x0000010f39700000)]
  0x000002eefaf3a000 JavaThread "Timer-118935" [_thread_blocked, id=1617168, stack(0x0000010f39500000,0x0000010f39600000)]
  0x000002eefaf3d000 JavaThread "Timer-118934" [_thread_blocked, id=1617164, stack(0x0000010f39400000,0x0000010f39500000)]
  0x000002eefaf3a800 JavaThread "Timer-118933" [_thread_blocked, id=1617160, stack(0x0000010f39300000,0x0000010f39400000)]
  0x000002eefaf38800 JavaThread "Timer-118932" [_thread_blocked, id=1617156, stack(0x0000010f39200000,0x0000010f39300000)]
  0x000002eefaf39000 JavaThread "Timer-118931" [_thread_blocked, id=1617152, stack(0x0000010f39100000,0x0000010f39200000)]
  0x000002eefaf2f800 JavaThread "Timer-118930" [_thread_blocked, id=1617148, stack(0x0000010f39000000,0x0000010f39100000)]
  0x000002eefaf36000 JavaThread "Timer-118929" [_thread_blocked, id=1617144, stack(0x0000010f38f00000,0x0000010f39000000)]
  0x000002eefaf35800 JavaThread "Timer-118928" [_thread_blocked, id=1617140, stack(0x0000010f38e00000,0x0000010f38f00000)]
  0x000002eefaf2e000 JavaThread "Timer-118927" [_thread_blocked, id=1617136, stack(0x0000010f38d00000,0x0000010f38e00000)]
  0x000002eefb103000 JavaThread "Timer-118926" [_thread_blocked, id=1617132, stack(0x0000010f38c00000,0x0000010f38d00000)]
  0x000002eefb101800 JavaThread "Timer-118925" [_thread_blocked, id=1617128, stack(0x0000010f38b00000,0x0000010f38c00000)]
  0x000002eefb100800 JavaThread "Timer-118924" [_thread_blocked, id=1617124, stack(0x0000010f38a00000,0x0000010f38b00000)]
  0x000002eefb0fc000 JavaThread "Timer-118923" [_thread_blocked, id=1617120, stack(0x0000010f38900000,0x0000010f38a00000)]
  0x000002eefb0fb800 JavaThread "Timer-118922" [_thread_blocked, id=1617116, stack(0x0000010f38800000,0x0000010f38900000)]
  0x000002eefb0ff000 JavaThread "Timer-118921" [_thread_blocked, id=1617112, stack(0x0000010f38700000,0x0000010f38800000)]
  0x000002eefb102000 JavaThread "Timer-118920" [_thread_blocked, id=1617108, stack(0x0000010f38600000,0x0000010f38700000)]
  0x000002eefb0fd800 JavaThread "Timer-118919" [_thread_blocked, id=1617104, stack(0x0000010f38500000,0x0000010f38600000)]
  0x000002eefb439000 JavaThread "Timer-118918" [_thread_blocked, id=1617100, stack(0x0000010f38400000,0x0000010f38500000)]
  0x000002eefac2b800 JavaThread "Timer-118917" [_thread_blocked, id=1617096, stack(0x0000010f38300000,0x0000010f38400000)]
  0x000002eefac2d000 JavaThread "Timer-118916" [_thread_blocked, id=1617092, stack(0x0000010f38200000,0x0000010f38300000)]
  0x000002eefac2c000 JavaThread "Timer-118915" [_thread_blocked, id=1617088, stack(0x0000010f38100000,0x0000010f38200000)]
  0x000002eefac23000 JavaThread "Timer-118914" [_thread_blocked, id=1617084, stack(0x0000010f38000000,0x0000010f38100000)]
  0x000002eefac2a000 JavaThread "Timer-118913" [_thread_blocked, id=1617080, stack(0x0000010f37f00000,0x0000010f38000000)]
  0x000002eefac22800 JavaThread "Timer-118912" [_thread_blocked, id=1617076, stack(0x0000010f37e00000,0x0000010f37f00000)]
  0x000002eefac29000 JavaThread "Timer-118911" [_thread_blocked, id=1617072, stack(0x0000010f37d00000,0x0000010f37e00000)]
  0x000002eefac28800 JavaThread "Timer-118910" [_thread_blocked, id=1617068, stack(0x0000010f37c00000,0x0000010f37d00000)]
  0x000002eefac27800 JavaThread "Timer-118909" [_thread_blocked, id=1617064, stack(0x0000010f37b00000,0x0000010f37c00000)]
  0x000002eefac20000 JavaThread "Timer-118908" [_thread_blocked, id=1617060, stack(0x0000010f37a00000,0x0000010f37b00000)]
  0x000002eefac27000 JavaThread "Timer-118907" [_thread_blocked, id=1617056, stack(0x0000010f37900000,0x0000010f37a00000)]
  0x000002eefac1f800 JavaThread "Timer-118906" [_thread_blocked, id=1617052, stack(0x0000010f37800000,0x0000010f37900000)]
  0x000002eefac26000 JavaThread "Timer-118905" [_thread_blocked, id=1617048, stack(0x0000010f37700000,0x0000010f37800000)]
  0x000002eefac24800 JavaThread "Timer-118904" [_thread_blocked, id=1617044, stack(0x0000010f37600000,0x0000010f37700000)]
  0x000002eefac21800 JavaThread "Timer-118903" [_thread_blocked, id=1617040, stack(0x0000010f37500000,0x0000010f37600000)]
  0x000002eefb43f000 JavaThread "Timer-118902" [_thread_blocked, id=1617036, stack(0x0000010f37400000,0x0000010f37500000)]
  0x000002eefb437800 JavaThread "Timer-118901" [_thread_blocked, id=1617032, stack(0x0000010f37300000,0x0000010f37400000)]
  0x000002eefb435800 JavaThread "Timer-118900" [_thread_blocked, id=1617028, stack(0x0000010f37200000,0x0000010f37300000)]
  0x000002eefb437000 JavaThread "Timer-118899" [_thread_blocked, id=1617020, stack(0x0000010f37100000,0x0000010f37200000)]
  0x000002eefb438800 JavaThread "Timer-118898" [_thread_blocked, id=1617016, stack(0x0000010f37000000,0x0000010f37100000)]
  0x000002eefb436000 JavaThread "Timer-118897" [_thread_blocked, id=1617012, stack(0x0000010f36f00000,0x0000010f37000000)]
  0x000002eefb434800 JavaThread "Timer-118896" [_thread_blocked, id=1617008, stack(0x0000010f36e00000,0x0000010f36f00000)]
  0x000002eefb42d000 JavaThread "Timer-118895" [_thread_blocked, id=1617004, stack(0x0000010f36d00000,0x0000010f36e00000)]
  0x000002eefb433000 JavaThread "Timer-118894" [_thread_blocked, id=1617000, stack(0x0000010f36c00000,0x0000010f36d00000)]
  0x000002eefb434000 JavaThread "Timer-118893" [_thread_blocked, id=1616996, stack(0x0000010f36b00000,0x0000010f36c00000)]
  0x000002eefb432800 JavaThread "Timer-118892" [_thread_blocked, id=1616992, stack(0x0000010f36a00000,0x0000010f36b00000)]
  0x000002eefb431800 JavaThread "Timer-118891" [_thread_blocked, id=1616988, stack(0x0000010f36900000,0x0000010f36a00000)]
  0x000002eefb430000 JavaThread "Timer-118890" [_thread_blocked, id=1616984, stack(0x0000010f36800000,0x0000010f36900000)]
  0x000002eefb42a000 JavaThread "Timer-118889" [_thread_blocked, id=1616980, stack(0x0000010f36700000,0x0000010f36800000)]
  0x000002eefb431000 JavaThread "Timer-118888" [_thread_blocked, id=1616976, stack(0x0000010f36600000,0x0000010f36700000)]
  0x000002eefb42f800 JavaThread "Timer-118887" [_thread_blocked, id=1616972, stack(0x0000010f36500000,0x0000010f36600000)]
  0x000002eefb42c800 JavaThread "Timer-118886" [_thread_blocked, id=1616968, stack(0x0000010f36400000,0x0000010f36500000)]
  0x000002eefb42e800 JavaThread "Timer-118885" [_thread_blocked, id=1616964, stack(0x0000010f36300000,0x0000010f36400000)]
  0x000002eefb42b800 JavaThread "Timer-118884" [_thread_blocked, id=1616960, stack(0x0000010f36200000,0x0000010f36300000)]
  0x000002eefb42e000 JavaThread "Timer-118883" [_thread_blocked, id=1616956, stack(0x0000010f36100000,0x0000010f36200000)]
  0x000002eefb42b000 JavaThread "Timer-118882" [_thread_blocked, id=1616952, stack(0x0000010f36000000,0x0000010f36100000)]
  0x000002eefb422800 JavaThread "Timer-118881" [_thread_blocked, id=1616948, stack(0x0000010f35f00000,0x0000010f36000000)]
  0x000002eefb429800 JavaThread "Timer-118880" [_thread_blocked, id=1616944, stack(0x0000010f35e00000,0x0000010f35f00000)]
  0x000002eefb425000 JavaThread "Timer-118879" [_thread_blocked, id=1616940, stack(0x0000010f35d00000,0x0000010f35e00000)]
  0x000002eefb421800 JavaThread "Timer-118878" [_thread_blocked, id=1616936, stack(0x0000010f35c00000,0x0000010f35d00000)]
  0x000002eefb425800 JavaThread "Timer-118877" [_thread_blocked, id=1616932, stack(0x0000010f35b00000,0x0000010f35c00000)]
  0x000002eefb427000 JavaThread "Timer-118876" [_thread_blocked, id=1616928, stack(0x0000010f35a00000,0x0000010f35b00000)]
  0x000002eefb426800 JavaThread "Timer-118875" [_thread_blocked, id=1616924, stack(0x0000010f35900000,0x0000010f35a00000)]
  0x000002eefb424000 JavaThread "Timer-118874" [_thread_blocked, id=1616920, stack(0x0000010f35800000,0x0000010f35900000)]
  0x000002eefb428000 JavaThread "Timer-118873" [_thread_blocked, id=1616916, stack(0x0000010f35700000,0x0000010f35800000)]
  0x000002eefb423800 JavaThread "Timer-118872" [_thread_blocked, id=1616912, stack(0x0000010f35600000,0x0000010f35700000)]
  0x000002eefb428800 JavaThread "Timer-118871" [_thread_blocked, id=1616908, stack(0x0000010f35500000,0x0000010f35600000)]
  0x000002eefb41b000 JavaThread "Timer-118870" [_thread_blocked, id=1616904, stack(0x0000010f35400000,0x0000010f35500000)]
  0x000002eefb41f800 JavaThread "Timer-118869" [_thread_blocked, id=1616900, stack(0x0000010f35300000,0x0000010f35400000)]
  0x000002eefb421000 JavaThread "Timer-118868" [_thread_blocked, id=1611492, stack(0x0000010f35200000,0x0000010f35300000)]
  0x000002eefb41e800 JavaThread "Timer-118867" [_thread_blocked, id=1609696, stack(0x0000010f35100000,0x0000010f35200000)]
  0x000002eefb41e000 JavaThread "Timer-118866" [_thread_blocked, id=1611076, stack(0x0000010f35000000,0x0000010f35100000)]
  0x000002eefb41d000 JavaThread "Timer-118865" [_thread_blocked, id=1611068, stack(0x0000010f34f00000,0x0000010f35000000)]
  0x000002eefb420000 JavaThread "Timer-118864" [_thread_blocked, id=1580832, stack(0x0000010f34e00000,0x0000010f34f00000)]
  0x000002eefb41c800 JavaThread "Timer-118863" [_thread_blocked, id=1611064, stack(0x0000010f34d00000,0x0000010f34e00000)]
  0x000002eefb41b800 JavaThread "Timer-118862" [_thread_blocked, id=1504176, stack(0x0000010f34c00000,0x0000010f34d00000)]
  0x000002eefb413800 JavaThread "Timer-118861" [_thread_blocked, id=1504172, stack(0x0000010f34b00000,0x0000010f34c00000)]
  0x000002eefb416800 JavaThread "Timer-118860" [_thread_blocked, id=1504180, stack(0x0000010f34a00000,0x0000010f34b00000)]
  0x000002eefb418800 JavaThread "Timer-118859" [_thread_blocked, id=1504188, stack(0x0000010f34900000,0x0000010f34a00000)]
  0x000002eefb414000 JavaThread "Timer-118858" [_thread_blocked, id=1514004, stack(0x0000010f34800000,0x0000010f34900000)]
  0x000002eefb417000 JavaThread "Timer-118857" [_thread_blocked, id=1614968, stack(0x0000010f34700000,0x0000010f34800000)]
  0x000002eefb419800 JavaThread "Timer-118856" [_thread_blocked, id=1614972, stack(0x0000010f34600000,0x0000010f34700000)]
  0x000002eefb41a000 JavaThread "Timer-118855" [_thread_blocked, id=1615884, stack(0x0000010f34500000,0x0000010f34600000)]
  0x000002eefb415000 JavaThread "Timer-118854" [_thread_blocked, id=1615888, stack(0x0000010f34400000,0x0000010f34500000)]
  0x000002eefb418000 JavaThread "Timer-118853" [_thread_blocked, id=1615904, stack(0x0000010f34300000,0x0000010f34400000)]
  0x000002eefb415800 JavaThread "Timer-118852" [_thread_blocked, id=1574776, stack(0x0000010f34200000,0x0000010f34300000)]
  0x000002eefb40c800 JavaThread "Timer-118851" [_thread_blocked, id=1572300, stack(0x0000010f34100000,0x0000010f34200000)]
  0x000002eefb412800 JavaThread "Timer-118850" [_thread_blocked, id=1580780, stack(0x0000010f34000000,0x0000010f34100000)]
  0x000002eefb40b000 JavaThread "Timer-118849" [_thread_blocked, id=1582528, stack(0x0000010f33f00000,0x0000010f34000000)]
  0x000002eefb412000 JavaThread "Timer-118848" [_thread_blocked, id=1554856, stack(0x0000010f33e00000,0x0000010f33f00000)]
  0x000002eefb40a800 JavaThread "Timer-118847" [_thread_blocked, id=1554692, stack(0x0000010f33d00000,0x0000010f33e00000)]
  0x000002eefb411000 JavaThread "Timer-118846" [_thread_blocked, id=1580416, stack(0x0000010f33c00000,0x0000010f33d00000)]
  0x000002eefb40c000 JavaThread "Timer-118845" [_thread_blocked, id=1554632, stack(0x0000010f33b00000,0x0000010f33c00000)]
  0x000002eefb409800 JavaThread "Timer-118844" [_thread_blocked, id=1554384, stack(0x0000010f33a00000,0x0000010f33b00000)]
  0x000002eefb410800 JavaThread "Timer-118843" [_thread_blocked, id=1610632, stack(0x0000010f33900000,0x0000010f33a00000)]
  0x000002eefb40e000 JavaThread "Timer-118842" [_thread_blocked, id=1553760, stack(0x0000010f33800000,0x0000010f33900000)]
  0x000002eefb40d800 JavaThread "Timer-118841" [_thread_blocked, id=1616204, stack(0x0000010f33700000,0x0000010f33800000)]
  0x000002eefb40f800 JavaThread "Timer-118840" [_thread_blocked, id=1616020, stack(0x0000010f33600000,0x0000010f33700000)]
  0x000002eefb409000 JavaThread "Timer-118839" [_thread_blocked, id=1616500, stack(0x0000010f33500000,0x0000010f33600000)]
  0x000002eefb40f000 JavaThread "Timer-118838" [_thread_blocked, id=1553748, stack(0x0000010f33400000,0x0000010f33500000)]
  0x000002eefb028800 JavaThread "Timer-118837" [_thread_blocked, id=1546184, stack(0x0000010f33300000,0x0000010f33400000)]
  0x000002eefac6a800 JavaThread "Timer-118836" [_thread_blocked, id=1219412, stack(0x0000010f33200000,0x0000010f33300000)]
  0x000002eefac71800 JavaThread "Timer-118835" [_thread_blocked, id=1130912, stack(0x0000010f33100000,0x0000010f33200000)]
  0x000002eefac71000 JavaThread "Timer-118834" [_thread_blocked, id=1554924, stack(0x0000010f33000000,0x0000010f33100000)]
  0x000002eefac70000 JavaThread "Timer-118833" [_thread_blocked, id=1518352, stack(0x0000010f32f00000,0x0000010f33000000)]
  0x000002eefaf34800 JavaThread "Timer-118832" [_thread_blocked, id=1555980, stack(0x0000010f32e00000,0x0000010f32f00000)]
  0x000002eefb02d000 JavaThread "Timer-118831" [_thread_blocked, id=1553768, stack(0x0000010f32d00000,0x0000010f32e00000)]
  0x000002eefb02c000 JavaThread "Timer-118830" [_thread_blocked, id=1555224, stack(0x0000010f32c00000,0x0000010f32d00000)]
  0x000002eefac6f000 JavaThread "Timer-118829" [_thread_blocked, id=1514548, stack(0x0000010f32b00000,0x0000010f32c00000)]
  0x000002eefac6d000 JavaThread "Timer-118828" [_thread_blocked, id=1574292, stack(0x0000010f32a00000,0x0000010f32b00000)]
  0x000002eefac6e800 JavaThread "Timer-118827" [_thread_blocked, id=1563748, stack(0x0000010f32900000,0x0000010f32a00000)]
  0x000002eefac6b800 JavaThread "Timer-118826" [_thread_blocked, id=1568440, stack(0x0000010f32800000,0x0000010f32900000)]
  0x000002eefac6d800 JavaThread "Timer-118825" [_thread_blocked, id=1567372, stack(0x0000010f32700000,0x0000010f32800000)]
  0x000002eefac6c000 JavaThread "Timer-118824" [_thread_blocked, id=1566732, stack(0x0000010f32600000,0x0000010f32700000)]
  0x000002eefac63000 JavaThread "Timer-118823" [_thread_blocked, id=1563612, stack(0x0000010f32500000,0x0000010f32600000)]
  0x000002eefac6a000 JavaThread "Timer-118822" [_thread_blocked, id=1545144, stack(0x0000010f32400000,0x0000010f32500000)]
  0x000002eefac69000 JavaThread "Timer-118821" [_thread_blocked, id=1584844, stack(0x0000010f32300000,0x0000010f32400000)]
  0x000002eefac61800 JavaThread "Timer-118820" [_thread_blocked, id=1614820, stack(0x0000010f32200000,0x0000010f32300000)]
  0x000002eefac66000 JavaThread "Timer-118819" [_thread_blocked, id=1616016, stack(0x0000010f32100000,0x0000010f32200000)]
  0x000002eefb02b800 JavaThread "Timer-118818" [_thread_blocked, id=1511444, stack(0x0000010f32000000,0x0000010f32100000)]
  0x000002eefb027800 JavaThread "Timer-118817" [_thread_blocked, id=1556360, stack(0x0000010f31f00000,0x0000010f32000000)]
  0x000002eefb029000 JavaThread "Timer-118816" [_thread_blocked, id=1556400, stack(0x0000010f31e00000,0x0000010f31f00000)]
  0x000002eefb02e800 JavaThread "Timer-118815" [_thread_blocked, id=1555220, stack(0x0000010f31d00000,0x0000010f31e00000)]
  0x000002eefb02a800 JavaThread "Timer-118814" [_thread_blocked, id=1521132, stack(0x0000010f31c00000,0x0000010f31d00000)]
  0x000002eefb02a000 JavaThread "Timer-118813" [_thread_blocked, id=1549032, stack(0x0000010f31b00000,0x0000010f31c00000)]
  0x000002eefb027000 JavaThread "Timer-118812" [_thread_blocked, id=1549024, stack(0x0000010f31a00000,0x0000010f31b00000)]
  0x000002eefb02d800 JavaThread "Timer-118811" [_thread_blocked, id=1546364, stack(0x0000010f31900000,0x0000010f31a00000)]
  0x000002eefb01f800 JavaThread "Timer-118810" [_thread_blocked, id=1514520, stack(0x0000010f31800000,0x0000010f31900000)]
  0x000002eefb026000 JavaThread "Timer-118809" [_thread_blocked, id=1545552, stack(0x0000010f31700000,0x0000010f31800000)]
  0x000002eefb01e800 JavaThread "Timer-118808" [_thread_blocked, id=1610516, stack(0x0000010f31600000,0x0000010f31700000)]
  0x000002eefb022800 JavaThread "Timer-118807" [_thread_blocked, id=1544904, stack(0x0000010f31500000,0x0000010f31600000)]
  0x000002eefb025800 JavaThread "Timer-118806" [_thread_blocked, id=1544888, stack(0x0000010f31400000,0x0000010f31500000)]
  0x000002eefb024800 JavaThread "Timer-118805" [_thread_blocked, id=1544420, stack(0x0000010f31300000,0x0000010f31400000)]
  0x000002eefb021000 JavaThread "Timer-118804" [_thread_blocked, id=1511880, stack(0x0000010f31200000,0x0000010f31300000)]
  0x000002eefb020000 JavaThread "Timer-118803" [_thread_blocked, id=1539568, stack(0x0000010f31100000,0x0000010f31200000)]
  0x000002eefb023000 JavaThread "Timer-118802" [_thread_blocked, id=1539516, stack(0x0000010f31000000,0x0000010f31100000)]
  0x000002eefb024000 JavaThread "Timer-118801" [_thread_blocked, id=1539292, stack(0x0000010f30f00000,0x0000010f31000000)]
  0x000002eefb021800 JavaThread "Timer-118800" [_thread_blocked, id=1535820, stack(0x0000010f30e00000,0x0000010f30f00000)]
  0x000002eefb01e000 JavaThread "Timer-118799" [_thread_blocked, id=1536480, stack(0x0000010f30d00000,0x0000010f30e00000)]
  0x000002eefb01c800 JavaThread "Timer-118798" [_thread_blocked, id=1536448, stack(0x0000010f30c00000,0x0000010f30d00000)]
  0x000002eefb01d000 JavaThread "Timer-118797" [_thread_blocked, id=1536440, stack(0x0000010f30b00000,0x0000010f30c00000)]
  0x000002eefb014800 JavaThread "Timer-118796" [_thread_blocked, id=1536432, stack(0x0000010f30a00000,0x0000010f30b00000)]
  0x000002eefb01b800 JavaThread "Timer-118795" [_thread_blocked, id=1514544, stack(0x0000010f30900000,0x0000010f30a00000)]
  0x000002eefb014000 JavaThread "Timer-118794" [_thread_blocked, id=1530908, stack(0x0000010f30800000,0x0000010f30900000)]
  0x000002eefb01b000 JavaThread "Timer-118793" [_thread_blocked, id=1543716, stack(0x0000010f30700000,0x0000010f30800000)]
  0x000002eefb01a000 JavaThread "Timer-118792" [_thread_blocked, id=1495280, stack(0x0000010f30600000,0x0000010f30700000)]
  0x000002eefb019800 JavaThread "Timer-118791" [_thread_blocked, id=1495284, stack(0x0000010f30500000,0x0000010f30600000)]
  0x000002eefb018800 JavaThread "Timer-118790" [_thread_blocked, id=1515968, stack(0x0000010f30400000,0x0000010f30500000)]
  0x000002eefb017800 JavaThread "Timer-118789" [_thread_blocked, id=1513512, stack(0x0000010f30300000,0x0000010f30400000)]
  0x000002eefb016000 JavaThread "Timer-118788" [_thread_blocked, id=1515072, stack(0x0000010f30200000,0x0000010f30300000)]
  0x000002eefb017000 JavaThread "Timer-118787" [_thread_blocked, id=1504208, stack(0x0000010f30100000,0x0000010f30200000)]
  0x000002eefb015800 JavaThread "Timer-118786" [_thread_blocked, id=1610636, stack(0x0000010f30000000,0x0000010f30100000)]
  0x000002eefb00c800 JavaThread "Timer-118785" [_thread_blocked, id=1583188, stack(0x0000010f2ff00000,0x0000010f30000000)]
  0x000002eefb012800 JavaThread "Timer-118784" [_thread_blocked, id=1583184, stack(0x0000010f2fe00000,0x0000010f2ff00000)]
  0x000002eefb100000 JavaThread "Timer-118783" [_thread_blocked, id=1615692, stack(0x0000010f2fd00000,0x0000010f2fe00000)]
  0x000002eefb137000 JavaThread "Timer-118782" [_thread_blocked, id=1426572, stack(0x0000010f2fc00000,0x0000010f2fd00000)]
  0x000002eefb134800 JavaThread "Timer-118781" [_thread_blocked, id=1599532, stack(0x0000010f2fb00000,0x0000010f2fc00000)]
  0x000002eefb13a000 JavaThread "Timer-118780" [_thread_blocked, id=1583180, stack(0x0000010f2fa00000,0x0000010f2fb00000)]
  0x000002eefb138800 JavaThread "Timer-118779" [_thread_blocked, id=1583176, stack(0x0000010f2f900000,0x0000010f2fa00000)]
  0x000002eefb13b800 JavaThread "Timer-118778" [_thread_blocked, id=1582336, stack(0x0000010f2f800000,0x0000010f2f900000)]
  0x000002eefb134000 JavaThread "Timer-118777" [_thread_blocked, id=1582344, stack(0x0000010f2f700000,0x0000010f2f800000)]
  0x000002eefb139000 JavaThread "Timer-118776" [_thread_blocked, id=1616892, stack(0x0000010f2f600000,0x0000010f2f700000)]
  0x000002eefb136000 JavaThread "Timer-118775" [_thread_blocked, id=1616888, stack(0x0000010f2f500000,0x0000010f2f600000)]
  0x000002eefb137800 JavaThread "Timer-118774" [_thread_blocked, id=1616884, stack(0x0000010f2f400000,0x0000010f2f500000)]
  0x000002eefb13a800 JavaThread "Timer-118773" [_thread_blocked, id=1616880, stack(0x0000010f2f300000,0x0000010f2f400000)]
  0x000002eefb135800 JavaThread "Timer-118772" [_thread_blocked, id=1616876, stack(0x0000010f2f200000,0x0000010f2f300000)]
  0x000002eefb12c800 JavaThread "Timer-118771" [_thread_blocked, id=1616872, stack(0x0000010f2ef00000,0x0000010f2f000000)]
  0x000002eefb133000 JavaThread "Timer-118770" [_thread_blocked, id=1616868, stack(0x0000010f2ee00000,0x0000010f2ef00000)]
  0x000002eefb12b800 JavaThread "Timer-118769" [_thread_blocked, id=1616864, stack(0x0000010f2ed00000,0x0000010f2ee00000)]
  0x000002eefb12f800 JavaThread "Timer-118768" [_thread_blocked, id=1616860, stack(0x0000010f2ec00000,0x0000010f2ed00000)]
  0x000002eefb132800 JavaThread "Timer-118767" [_thread_blocked, id=1616856, stack(0x0000010f2eb00000,0x0000010f2ec00000)]
  0x000002eefb131800 JavaThread "Timer-118766" [_thread_blocked, id=1616852, stack(0x0000010f2ea00000,0x0000010f2eb00000)]
  0x000002eefb12d000 JavaThread "Timer-118765" [_thread_blocked, id=1616848, stack(0x0000010f2e900000,0x0000010f2ea00000)]
  0x000002eefb131000 JavaThread "Timer-118764" [_thread_blocked, id=1616844, stack(0x0000010f2e800000,0x0000010f2e900000)]
  0x000002eefb12e800 JavaThread "Timer-118763" [_thread_blocked, id=1616840, stack(0x0000010f2e700000,0x0000010f2e800000)]
  0x000002eefb12e000 JavaThread "Timer-118762" [_thread_blocked, id=1616836, stack(0x0000010f2e600000,0x0000010f2e700000)]
  0x000002eefac65800 JavaThread "Timer-118761" [_thread_blocked, id=1616832, stack(0x0000010f2e500000,0x0000010f2e600000)]
  0x000002eefac64800 JavaThread "Timer-118760" [_thread_blocked, id=1616828, stack(0x0000010f2e400000,0x0000010f2e500000)]
  0x000002eefac21000 JavaThread "Timer-118759" [_thread_blocked, id=1616824, stack(0x0000010f2e300000,0x0000010f2e400000)]
  0x000002eefac25800 JavaThread "Timer-118758" [_thread_blocked, id=1616820, stack(0x0000010f2e200000,0x0000010f2e300000)]
  0x000002eefac24000 JavaThread "Timer-118757" [_thread_blocked, id=1616812, stack(0x0000010f2e100000,0x0000010f2e200000)]
  0x000002eefac18000 JavaThread "Timer-118756" [_thread_blocked, id=1616808, stack(0x0000010f2e000000,0x0000010f2e100000)]
  0x000002eefac1e800 JavaThread "Timer-118755" [_thread_blocked, id=1616804, stack(0x0000010f2df00000,0x0000010f2e000000)]
  0x000002eefac1c800 JavaThread "Timer-118754" [_thread_blocked, id=1616800, stack(0x0000010f2de00000,0x0000010f2df00000)]
  0x000002eefac1e000 JavaThread "Timer-118753" [_thread_blocked, id=1616796, stack(0x0000010f2dd00000,0x0000010f2de00000)]
  0x000002eefac1b000 JavaThread "Timer-118752" [_thread_blocked, id=1616792, stack(0x0000010f2dc00000,0x0000010f2dd00000)]
  0x000002eefac1a000 JavaThread "Timer-118751" [_thread_blocked, id=1616788, stack(0x0000010f2db00000,0x0000010f2dc00000)]
  0x000002eefaf2d000 JavaThread "Timer-118750" [_thread_blocked, id=1616784, stack(0x0000010f2da00000,0x0000010f2db00000)]
  0x000002eefaf2e800 JavaThread "Timer-118749" [_thread_blocked, id=1616780, stack(0x0000010f2d900000,0x0000010f2da00000)]
  0x000002eefaf34000 JavaThread "Timer-118748" [_thread_blocked, id=1616776, stack(0x0000010f2d800000,0x0000010f2d900000)]
  0x000002eefaf30000 JavaThread "Timer-118747" [_thread_blocked, id=1616772, stack(0x0000010f2d700000,0x0000010f2d800000)]
  0x000002eefaf33000 JavaThread "Timer-118746" [_thread_blocked, id=1616764, stack(0x0000010f2d600000,0x0000010f2d700000)]
  0x000002eefaf32800 JavaThread "Timer-118745" [_thread_blocked, id=1616760, stack(0x0000010f2d500000,0x0000010f2d600000)]
  0x000002eefaf31800 JavaThread "Timer-118744" [_thread_blocked, id=1616756, stack(0x0000010f2d400000,0x0000010f2d500000)]
  0x000002eefaf31000 JavaThread "Timer-118743" [_thread_blocked, id=1616752, stack(0x0000010f2d300000,0x0000010f2d400000)]
  0x000002eefaf25800 JavaThread "Timer-118742" [_thread_blocked, id=1616748, stack(0x0000010f2d200000,0x0000010f2d300000)]
  0x000002eefaf2b800 JavaThread "Timer-118741" [_thread_blocked, id=1616744, stack(0x0000010f2d100000,0x0000010f2d200000)]
  0x000002eefb011800 JavaThread "Timer-118740" [_thread_blocked, id=1616740, stack(0x0000010f2d000000,0x0000010f2d100000)]
  0x000002eefb013000 JavaThread "Timer-118739" [_thread_blocked, id=1616736, stack(0x0000010f2cf00000,0x0000010f2d000000)]
  0x000002eefb00d000 JavaThread "Timer-118738" [_thread_blocked, id=1616732, stack(0x0000010f2ce00000,0x0000010f2cf00000)]
  0x000002eefb00a000 JavaThread "Timer-118737" [_thread_blocked, id=1616728, stack(0x0000010f2cd00000,0x0000010f2ce00000)]
  0x000002eefb011000 JavaThread "Timer-118736" [_thread_blocked, id=1616724, stack(0x0000010f2cc00000,0x0000010f2cd00000)]
  0x000002eefb00b800 JavaThread "Timer-118735" [_thread_blocked, id=1616720, stack(0x0000010f2cb00000,0x0000010f2cc00000)]
  0x000002eefb00e800 JavaThread "Timer-118734" [_thread_blocked, id=1616716, stack(0x0000010f2ca00000,0x0000010f2cb00000)]
  0x000002eefb010000 JavaThread "Timer-118733" [_thread_blocked, id=1616712, stack(0x0000010f2c900000,0x0000010f2ca00000)]
  0x000002eefb00f800 JavaThread "Timer-118732" [_thread_blocked, id=1616708, stack(0x0000010f2c800000,0x0000010f2c900000)]
  0x000002eefb00b000 JavaThread "Timer-118731" [_thread_blocked, id=1616704, stack(0x0000010f2c700000,0x0000010f2c800000)]
  0x000002eefb009800 JavaThread "Timer-118730" [_thread_blocked, id=1616700, stack(0x0000010f2c600000,0x0000010f2c700000)]
  0x000002eefb00e000 JavaThread "Timer-118729" [_thread_blocked, id=1616696, stack(0x0000010f2c500000,0x0000010f2c600000)]
  0x000002eefb002000 JavaThread "Timer-118728" [_thread_blocked, id=1616692, stack(0x0000010f2c400000,0x0000010f2c500000)]
  0x000002eefb008800 JavaThread "Timer-118727" [_thread_blocked, id=1616684, stack(0x0000010f2c300000,0x0000010f2c400000)]
  0x000002eefb003800 JavaThread "Timer-118726" [_thread_blocked, id=1616680, stack(0x0000010f2c200000,0x0000010f2c300000)]
  0x000002eefb001000 JavaThread "Timer-118725" [_thread_blocked, id=1616676, stack(0x0000010f2c100000,0x0000010f2c200000)]
  0x000002eefb008000 JavaThread "Timer-118724" [_thread_blocked, id=1616672, stack(0x0000010f2c000000,0x0000010f2c100000)]
  0x000002eefb007000 JavaThread "Timer-118723" [_thread_blocked, id=1616668, stack(0x0000010f2bf00000,0x0000010f2c000000)]
  0x000002eefb006800 JavaThread "Timer-118722" [_thread_blocked, id=1616664, stack(0x0000010f2be00000,0x0000010f2bf00000)]
  0x000002eefaf2c800 JavaThread "Timer-118721" [_thread_blocked, id=1616660, stack(0x0000010f2bd00000,0x0000010f2be00000)]
  0x000002eefaf28800 JavaThread "Timer-118720" [_thread_blocked, id=1616656, stack(0x0000010f2bc00000,0x0000010f2bd00000)]
  0x000002eefaf2b000 JavaThread "Timer-118719" [_thread_blocked, id=1616652, stack(0x0000010f2bb00000,0x0000010f2bc00000)]
  0x000002eefaf29800 JavaThread "Timer-118718" [_thread_blocked, id=1616648, stack(0x0000010f2ba00000,0x0000010f2bb00000)]
  0x000002eefaf25000 JavaThread "Timer-118717" [_thread_blocked, id=1616644, stack(0x0000010f2b900000,0x0000010f2ba00000)]
  0x000002eefaf23800 JavaThread "Timer-118716" [_thread_blocked, id=1616640, stack(0x0000010f2b800000,0x0000010f2b900000)]
  0x000002eefaf27000 JavaThread "Timer-118715" [_thread_blocked, id=1616636, stack(0x0000010f2b700000,0x0000010f2b800000)]
  0x000002eefaf28000 JavaThread "Timer-118714" [_thread_blocked, id=1616632, stack(0x0000010f2b600000,0x0000010f2b700000)]
  0x000002eefaf24000 JavaThread "Timer-118713" [_thread_blocked, id=1616628, stack(0x0000010f2b500000,0x0000010f2b600000)]
  0x000002eefaf26800 JavaThread "Timer-118712" [_thread_blocked, id=1616624, stack(0x0000010f2b400000,0x0000010f2b500000)]
  0x000002eefaf2a000 JavaThread "Timer-118711" [_thread_blocked, id=1616620, stack(0x0000010f2b300000,0x0000010f2b400000)]
  0x000002eefaf1c000 JavaThread "Timer-118710" [_thread_blocked, id=1616616, stack(0x0000010f2b200000,0x0000010f2b300000)]
  0x000002eefaf22800 JavaThread "Timer-118709" [_thread_blocked, id=1616608, stack(0x0000010f2b100000,0x0000010f2b200000)]
  0x000002eefaf1b000 JavaThread "Timer-118708" [_thread_blocked, id=1616604, stack(0x0000010f2b000000,0x0000010f2b100000)]
  0x000002eefaf22000 JavaThread "Timer-118707" [_thread_blocked, id=1616600, stack(0x0000010f2af00000,0x0000010f2b000000)]
  0x000002eefaf1a800 JavaThread "Timer-118706" [_thread_blocked, id=1616596, stack(0x0000010f2ae00000,0x0000010f2af00000)]
  0x000002eefb000800 JavaThread "Timer-118705" [_thread_blocked, id=1616592, stack(0x0000010f2ad00000,0x0000010f2ae00000)]
  0x000002eefb005800 JavaThread "Timer-118704" [_thread_blocked, id=1616588, stack(0x0000010f2ac00000,0x0000010f2ad00000)]
  0x000002eefb005000 JavaThread "Timer-118703" [_thread_blocked, id=1616584, stack(0x0000010f2ab00000,0x0000010f2ac00000)]
  0x000002eefb004000 JavaThread "Timer-118702" [_thread_blocked, id=1616580, stack(0x0000010f2aa00000,0x0000010f2ab00000)]
  0x000002eefb002800 JavaThread "Timer-118701" [_thread_blocked, id=1616576, stack(0x0000010f2a900000,0x0000010f2aa00000)]
  0x000002eefaff9000 JavaThread "Timer-118700" [_thread_blocked, id=1616572, stack(0x0000010f2a800000,0x0000010f2a900000)]
  0x000002eefafff800 JavaThread "Timer-118699" [_thread_blocked, id=1616568, stack(0x0000010f2a700000,0x0000010f2a800000)]
  0x000002eefaff8000 JavaThread "Timer-118698" [_thread_blocked, id=1616564, stack(0x0000010f2a600000,0x0000010f2a700000)]
  0x000002eefafff000 JavaThread "Timer-118697" [_thread_blocked, id=1616560, stack(0x0000010f2a500000,0x0000010f2a600000)]
  0x000002eefaffb000 JavaThread "Timer-118696" [_thread_blocked, id=1616556, stack(0x0000010f2a400000,0x0000010f2a500000)]
  0x000002eefaffa800 JavaThread "Timer-118695" [_thread_blocked, id=1616552, stack(0x0000010f2a300000,0x0000010f2a400000)]
  0x000002eefaffe000 JavaThread "Timer-118694" [_thread_blocked, id=1616548, stack(0x0000010f2a200000,0x0000010f2a300000)]
  0x000002eefaff9800 JavaThread "Timer-118693" [_thread_blocked, id=1616544, stack(0x0000010f2a100000,0x0000010f2a200000)]
  0x000002eefaff6800 JavaThread "Timer-118692" [_thread_blocked, id=1616540, stack(0x0000010f2a000000,0x0000010f2a100000)]
  0x000002eefaff7800 JavaThread "Timer-118691" [_thread_blocked, id=1616528, stack(0x0000010f29f00000,0x0000010f2a000000)]
  0x000002eefac1b800 JavaThread "Timer-118690" [_thread_blocked, id=1616524, stack(0x0000010f29e00000,0x0000010f29f00000)]
  0x000002eefac17000 JavaThread "Timer-118689" [_thread_blocked, id=1616516, stack(0x0000010f29d00000,0x0000010f29e00000)]
  0x000002eefac1d000 JavaThread "Timer-118688" [_thread_blocked, id=1616512, stack(0x0000010f29c00000,0x0000010f29d00000)]
  0x000002eefac12800 JavaThread "Timer-118687" [_thread_blocked, id=1616508, stack(0x0000010f29b00000,0x0000010f29c00000)]
  0x000002eefac19800 JavaThread "Timer-118686" [_thread_blocked, id=1616504, stack(0x0000010f29a00000,0x0000010f29b00000)]
  0x000002eefac16800 JavaThread "Timer-118685" [_thread_blocked, id=1616492, stack(0x0000010f29900000,0x0000010f29a00000)]
  0x000002eefac15800 JavaThread "Timer-118684" [_thread_blocked, id=1616488, stack(0x0000010f29800000,0x0000010f29900000)]
  0x000002eefac15000 JavaThread "Timer-118683" [_thread_blocked, id=1616484, stack(0x0000010f29700000,0x0000010f29800000)]
  0x000002eefac12000 JavaThread "Timer-118682" [_thread_blocked, id=1616480, stack(0x0000010f29600000,0x0000010f29700000)]
  0x000002eefac18800 JavaThread "Timer-118681" [_thread_blocked, id=1616476, stack(0x0000010f29500000,0x0000010f29600000)]
  0x000002eefac10800 JavaThread "Timer-118680" [_thread_blocked, id=1616472, stack(0x0000010f29400000,0x0000010f29500000)]
  0x000002eefac14000 JavaThread "Timer-118679" [_thread_blocked, id=1616468, stack(0x0000010f29300000,0x0000010f29400000)]
  0x000002eefb130000 JavaThread "Timer-118678" [_thread_blocked, id=1616460, stack(0x0000010f29200000,0x0000010f29300000)]
  0x000002eef9ad5800 JavaThread "Timer-118677" [_thread_blocked, id=1616440, stack(0x0000010f29100000,0x0000010f29200000)]
  0x000002eef9ad7800 JavaThread "Timer-118676" [_thread_blocked, id=1616436, stack(0x0000010f29000000,0x0000010f29100000)]
  0x000002eef9ada000 JavaThread "Timer-118675" [_thread_blocked, id=1616432, stack(0x0000010f28f00000,0x0000010f29000000)]
  0x000002eef9ad7000 JavaThread "Timer-118674" [_thread_blocked, id=1616428, stack(0x0000010f28e00000,0x0000010f28f00000)]
  0x000002eef9ad9000 JavaThread "Timer-118673" [_thread_blocked, id=1616424, stack(0x0000010f28d00000,0x0000010f28e00000)]
  0x000002eef9ad6000 JavaThread "Timer-118672" [_thread_blocked, id=1616420, stack(0x0000010f28c00000,0x0000010f28d00000)]
  0x000002eef9ad4800 JavaThread "Timer-118671" [_thread_blocked, id=1616416, stack(0x0000010f28b00000,0x0000010f28c00000)]
  0x000002eef9ad8800 JavaThread "Timer-118670" [_thread_blocked, id=1616412, stack(0x0000010f28a00000,0x0000010f28b00000)]
  0x000002eef9acd000 JavaThread "Timer-118669" [_thread_blocked, id=1616408, stack(0x0000010f28900000,0x0000010f28a00000)]
  0x000002eef9ad3000 JavaThread "Timer-118668" [_thread_blocked, id=1616400, stack(0x0000010f28800000,0x0000010f28900000)]
  0x000002eef9ad1800 JavaThread "Timer-118667" [_thread_blocked, id=1616396, stack(0x0000010f28700000,0x0000010f28800000)]
  0x000002eef9ad1000 JavaThread "Timer-118666" [_thread_blocked, id=1616392, stack(0x0000010f28600000,0x0000010f28700000)]
  0x000002eef9acf000 JavaThread "Timer-118665" [_thread_blocked, id=1616388, stack(0x0000010f28500000,0x0000010f28600000)]
  0x000002eef9ad2800 JavaThread "Timer-118664" [_thread_blocked, id=1616384, stack(0x0000010f28400000,0x0000010f28500000)]
  0x000002eef9ad0000 JavaThread "Timer-118663" [_thread_blocked, id=1616380, stack(0x0000010f28300000,0x0000010f28400000)]
  0x000002eef9ace800 JavaThread "Timer-118662" [_thread_blocked, id=1616376, stack(0x0000010f28200000,0x0000010f28300000)]
  0x000002eef9ad4000 JavaThread "Timer-118661" [_thread_blocked, id=1616372, stack(0x0000010f28100000,0x0000010f28200000)]
  0x000002eef9acc000 JavaThread "Timer-118660" [_thread_blocked, id=1616368, stack(0x0000010f28000000,0x0000010f28100000)]
  0x000002eef9acd800 JavaThread "Timer-118659" [_thread_blocked, id=1616364, stack(0x0000010f27f00000,0x0000010f28000000)]
  0x000002eef9ac4800 JavaThread "Timer-118658" [_thread_blocked, id=1616360, stack(0x0000010f27e00000,0x0000010f27f00000)]
  0x000002eef9aca000 JavaThread "Timer-118657" [_thread_blocked, id=1616356, stack(0x0000010f27d00000,0x0000010f27e00000)]
  0x000002eef9ac5800 JavaThread "Timer-118656" [_thread_blocked, id=1616352, stack(0x0000010f27c00000,0x0000010f27d00000)]
  0x000002eef9acb800 JavaThread "Timer-118655" [_thread_blocked, id=1616344, stack(0x0000010f27b00000,0x0000010f27c00000)]
  0x000002eef9ac8800 JavaThread "Timer-118654" [_thread_blocked, id=1616340, stack(0x0000010f27a00000,0x0000010f27b00000)]
  0x000002eef9ac9000 JavaThread "Timer-118653" [_thread_blocked, id=1616336, stack(0x0000010f27900000,0x0000010f27a00000)]
  0x000002eef9aca800 JavaThread "Timer-118652" [_thread_blocked, id=1616332, stack(0x0000010f27800000,0x0000010f27900000)]
  0x000002eef9ac7800 JavaThread "Timer-118651" [_thread_blocked, id=1616328, stack(0x0000010f27700000,0x0000010f27800000)]
  0x000002eef9ac7000 JavaThread "Timer-118650" [_thread_blocked, id=1616320, stack(0x0000010f27600000,0x0000010f27700000)]
  0x000002eef9ac6000 JavaThread "Timer-118649" [_thread_blocked, id=1616316, stack(0x0000010f27500000,0x0000010f27600000)]
  0x000002eef9ac4000 JavaThread "Timer-118648" [_thread_blocked, id=1616312, stack(0x0000010f27400000,0x0000010f27500000)]
  0x000002eef9abc800 JavaThread "Timer-118647" [_thread_blocked, id=1616308, stack(0x0000010f27300000,0x0000010f27400000)]
  0x000002eef9ac3000 JavaThread "Timer-118646" [_thread_blocked, id=1616304, stack(0x0000010f27200000,0x0000010f27300000)]
  0x000002eef9abb800 JavaThread "Timer-118645" [_thread_blocked, id=1616300, stack(0x0000010f27100000,0x0000010f27200000)]
  0x000002eef9ac0000 JavaThread "Timer-118644" [_thread_blocked, id=1616292, stack(0x0000010f27000000,0x0000010f27100000)]
  0x000002eef9ac1800 JavaThread "Timer-118643" [_thread_blocked, id=1616288, stack(0x0000010f26f00000,0x0000010f27000000)]
  0x000002eef9ac1000 JavaThread "Timer-118642" [_thread_blocked, id=1616280, stack(0x0000010f26e00000,0x0000010f26f00000)]
  0x000002eefaffd800 JavaThread "Timer-118641" [_thread_blocked, id=1616276, stack(0x0000010f26d00000,0x0000010f26e00000)]
  0x000002eefaffc000 JavaThread "Timer-118640" [_thread_blocked, id=1616272, stack(0x0000010f26c00000,0x0000010f26d00000)]
  0x000002eefaffc800 JavaThread "Timer-118639" [_thread_blocked, id=1616268, stack(0x0000010f26b00000,0x0000010f26c00000)]
  0x000002eefafef000 JavaThread "Timer-118638" [_thread_blocked, id=1616260, stack(0x0000010f26a00000,0x0000010f26b00000)]
  0x000002eefaff0800 JavaThread "Timer-118637" [_thread_blocked, id=1616256, stack(0x0000010f26900000,0x0000010f26a00000)]
  0x000002eefaff3800 JavaThread "Timer-118636" [_thread_blocked, id=1616252, stack(0x0000010f26800000,0x0000010f26900000)]
  0x000002eefaff2000 JavaThread "Timer-118635" [_thread_blocked, id=1616248, stack(0x0000010f26700000,0x0000010f26800000)]
  0x000002eefaff6000 JavaThread "Timer-118634" [_thread_blocked, id=1616244, stack(0x0000010f26600000,0x0000010f26700000)]
  0x000002eefaff0000 JavaThread "Timer-118633" [_thread_blocked, id=1616240, stack(0x0000010f26500000,0x0000010f26600000)]
  0x000002eefaff1800 JavaThread "Timer-118632" [_thread_blocked, id=1616236, stack(0x0000010f26400000,0x0000010f26500000)]
  0x000002eefaff5000 JavaThread "Timer-118631" [_thread_blocked, id=1616232, stack(0x0000010f26300000,0x0000010f26400000)]
  0x000002eefaff4800 JavaThread "Timer-118630" [_thread_blocked, id=1616228, stack(0x0000010f26200000,0x0000010f26300000)]
  0x000002eefaff3000 JavaThread "Timer-118629" [_thread_blocked, id=1616224, stack(0x0000010f26100000,0x0000010f26200000)]
  0x000002eef9abf800 JavaThread "Timer-118628" [_thread_blocked, id=1616220, stack(0x0000010f26000000,0x0000010f26100000)]
  0x000002eef9abe800 JavaThread "Timer-118627" [_thread_blocked, id=1616212, stack(0x0000010f25f00000,0x0000010f26000000)]
  0x000002eef9abe000 JavaThread "Timer-118626" [_thread_blocked, id=1616208, stack(0x0000010f25e00000,0x0000010f25f00000)]
  0x000002eefaf21000 JavaThread "Timer-118625" [_thread_blocked, id=1616200, stack(0x0000010f25d00000,0x0000010f25e00000)]
  0x000002eefaf1e000 JavaThread "Timer-118624" [_thread_blocked, id=1616196, stack(0x0000010f25c00000,0x0000010f25d00000)]
  0x000002eefaf19800 JavaThread "Timer-118623" [_thread_blocked, id=1616192, stack(0x0000010f25b00000,0x0000010f25c00000)]
  0x000002eefaf20800 JavaThread "Timer-118622" [_thread_blocked, id=1616188, stack(0x0000010f25a00000,0x0000010f25b00000)]
  0x000002eefaf19000 JavaThread "Timer-118621" [_thread_blocked, id=1616184, stack(0x0000010f25900000,0x0000010f25a00000)]
  0x000002eefaf1f000 JavaThread "Timer-118620" [_thread_blocked, id=1616180, stack(0x0000010f25800000,0x0000010f25900000)]
  0x000002eefaf1d800 JavaThread "Timer-118619" [_thread_blocked, id=1616176, stack(0x0000010f25700000,0x0000010f25800000)]
  0x000002eefaf1f800 JavaThread "Timer-118618" [_thread_blocked, id=1616172, stack(0x0000010f25600000,0x0000010f25700000)]
  0x000002eefaf1c800 JavaThread "Timer-118617" [_thread_blocked, id=1616168, stack(0x0000010f25500000,0x0000010f25600000)]
  0x000002eefaf17800 JavaThread "Timer-118616" [_thread_blocked, id=1616164, stack(0x0000010f25400000,0x0000010f25500000)]
  0x000002eefaf18000 JavaThread "Timer-118615" [_thread_blocked, id=1616160, stack(0x0000010f25300000,0x0000010f25400000)]
  0x000002eefaf56800 JavaThread "Timer-118614" [_thread_blocked, id=1616156, stack(0x0000010f25200000,0x0000010f25300000)]
  0x000002eefafee800 JavaThread "Timer-118613" [_thread_blocked, id=1616152, stack(0x0000010f25100000,0x0000010f25200000)]
  0x000002eef9a1c800 JavaThread "Timer-118612" [_thread_blocked, id=1616148, stack(0x0000010f25000000,0x0000010f25100000)]
  0x000002eef9a1a800 JavaThread "Timer-118611" [_thread_blocked, id=1616144, stack(0x0000010f24f00000,0x0000010f25000000)]
  0x000002eef9a18000 JavaThread "Timer-118610" [_thread_blocked, id=1616140, stack(0x0000010f24e00000,0x0000010f24f00000)]
  0x000002eef9a19000 JavaThread "Timer-118609" [_thread_blocked, id=1616136, stack(0x0000010f24d00000,0x0000010f24e00000)]
  0x000002eef9a16800 JavaThread "Timer-118608" [_thread_blocked, id=1616132, stack(0x0000010f24c00000,0x0000010f24d00000)]
  0x000002eef9a1c000 JavaThread "Timer-118607" [_thread_blocked, id=1616124, stack(0x0000010f24b00000,0x0000010f24c00000)]
  0x000002eef9a1b000 JavaThread "Timer-118606" [_thread_blocked, id=1616120, stack(0x0000010f24a00000,0x0000010f24b00000)]
  0x000002eef9a17800 JavaThread "Timer-118605" [_thread_blocked, id=1616116, stack(0x0000010f24900000,0x0000010f24a00000)]
  0x000002eef9a19800 JavaThread "Timer-118604" [_thread_blocked, id=1616112, stack(0x0000010f24800000,0x0000010f24900000)]
  0x000002eef9a1d800 JavaThread "Timer-118603" [_thread_blocked, id=1616108, stack(0x0000010f24700000,0x0000010f24800000)]
  0x000002eef9a0f000 JavaThread "Timer-118602" [_thread_blocked, id=1616104, stack(0x0000010f24600000,0x0000010f24700000)]
  0x000002eef9a10800 JavaThread "Timer-118601" [_thread_blocked, id=1616100, stack(0x0000010f24500000,0x0000010f24600000)]
  0x000002eef9a16000 JavaThread "Timer-118600" [_thread_blocked, id=1616096, stack(0x0000010f24400000,0x0000010f24500000)]
  0x000002eef9a15000 JavaThread "Timer-118599" [_thread_blocked, id=1616092, stack(0x0000010f24300000,0x0000010f24400000)]
  0x000002eef9a13000 JavaThread "Timer-118598" [_thread_blocked, id=1616088, stack(0x0000010f24200000,0x0000010f24300000)]
  0x000002eef9a0d800 JavaThread "Timer-118597" [_thread_blocked, id=1616084, stack(0x0000010f24100000,0x0000010f24200000)]
  0x000002eef9a0e800 JavaThread "Timer-118596" [_thread_blocked, id=1616080, stack(0x0000010f24000000,0x0000010f24100000)]
  0x000002eef9a11800 JavaThread "Timer-118595" [_thread_blocked, id=1616076, stack(0x0000010f23f00000,0x0000010f24000000)]
  0x000002eef9a12000 JavaThread "Timer-118594" [_thread_blocked, id=1616072, stack(0x0000010f23e00000,0x0000010f23f00000)]
  0x000002eef9a13800 JavaThread "Timer-118593" [_thread_blocked, id=1616068, stack(0x0000010f23d00000,0x0000010f23e00000)]
  0x000002eef9a14800 JavaThread "Timer-118592" [_thread_blocked, id=1616064, stack(0x0000010f23c00000,0x0000010f23d00000)]
  0x000002eef9a10000 JavaThread "Timer-118591" [_thread_blocked, id=1616060, stack(0x0000010f23b00000,0x0000010f23c00000)]
  0x000002eef9a09000 JavaThread "Timer-118590" [_thread_blocked, id=1616056, stack(0x0000010f23a00000,0x0000010f23b00000)]
  0x000002eef9a07800 JavaThread "Timer-118589" [_thread_blocked, id=1616052, stack(0x0000010f23900000,0x0000010f23a00000)]
  0x000002eef9a06800 JavaThread "Timer-118588" [_thread_blocked, id=1616048, stack(0x0000010f23800000,0x0000010f23900000)]
  0x000002eef9a06000 JavaThread "Timer-118587" [_thread_blocked, id=1616044, stack(0x0000010f23700000,0x0000010f23800000)]
  0x000002eef9a0d000 JavaThread "Timer-118586" [_thread_blocked, id=1616040, stack(0x0000010f23600000,0x0000010f23700000)]
  0x000002eef9a0a000 JavaThread "Timer-118585" [_thread_blocked, id=1616036, stack(0x0000010f23500000,0x0000010f23600000)]
  0x000002eef9a0b800 JavaThread "Timer-118584" [_thread_blocked, id=1616032, stack(0x0000010f23400000,0x0000010f23500000)]
  0x000002eef9a0a800 JavaThread "Timer-118583" [_thread_blocked, id=1616028, stack(0x0000010f23300000,0x0000010f23400000)]
  0x000002eef9a08000 JavaThread "Timer-118582" [_thread_blocked, id=1616012, stack(0x0000010f23200000,0x0000010f23300000)]
  0x000002eef9a0c000 JavaThread "Timer-118581" [_thread_blocked, id=1616000, stack(0x0000010f23100000,0x0000010f23200000)]
  0x000002eef9abd000 JavaThread "Timer-118580" [_thread_blocked, id=1615996, stack(0x0000010f23000000,0x0000010f23100000)]
  0x000002eef9ac2800 JavaThread "Timer-118579" [_thread_blocked, id=1615992, stack(0x0000010f22f00000,0x0000010f23000000)]
  0x000002eefaf56000 JavaThread "Timer-118578" [_thread_blocked, id=1615984, stack(0x0000010f22e00000,0x0000010f22f00000)]
  0x000002eefaf53800 JavaThread "Timer-118577" [_thread_blocked, id=1615980, stack(0x0000010f22d00000,0x0000010f22e00000)]
  0x000002eefaf53000 JavaThread "Timer-118576" [_thread_blocked, id=1615976, stack(0x0000010f22c00000,0x0000010f22d00000)]
  0x000002eefaf57800 JavaThread "Timer-118575" [_thread_blocked, id=1615972, stack(0x0000010f22b00000,0x0000010f22c00000)]
  0x000002eefaf52000 JavaThread "Timer-118574" [_thread_blocked, id=1615968, stack(0x0000010f22a00000,0x0000010f22b00000)]
  0x000002eefaf54800 JavaThread "Timer-118573" [_thread_blocked, id=1615964, stack(0x0000010f22900000,0x0000010f22a00000)]
  0x000002eefaf51800 JavaThread "Timer-118572" [_thread_blocked, id=1615960, stack(0x0000010f22800000,0x0000010f22900000)]
  0x000002eefaf55000 JavaThread "Timer-118571" [_thread_blocked, id=1615956, stack(0x0000010f22700000,0x0000010f22800000)]
  0x000002eefaf4a000 JavaThread "Timer-118570" [_thread_blocked, id=1615952, stack(0x0000010f22600000,0x0000010f22700000)]
  0x000002eefaf50800 JavaThread "Timer-118569" [_thread_blocked, id=1615948, stack(0x0000010f22500000,0x0000010f22600000)]
  0x000002eefaf50000 JavaThread "Timer-118568" [_thread_blocked, id=1615944, stack(0x0000010f22400000,0x0000010f22500000)]
  0x000002eefaf4f000 JavaThread "Timer-118567" [_thread_blocked, id=1615940, stack(0x0000010f22300000,0x0000010f22400000)]
  0x000002eefaf4d800 JavaThread "Timer-118566" [_thread_blocked, id=1615936, stack(0x0000010f22200000,0x0000010f22300000)]
  0x000002eefaf4b800 JavaThread "Timer-118565" [_thread_blocked, id=1615932, stack(0x0000010f22100000,0x0000010f22200000)]
  0x000002eefaf4d000 JavaThread "Timer-118564" [_thread_blocked, id=1615928, stack(0x0000010f22000000,0x0000010f22100000)]
  0x000002eefaf48800 JavaThread "Timer-118563" [_thread_blocked, id=1615924, stack(0x0000010f21f00000,0x0000010f22000000)]
  0x000002eefaf49000 JavaThread "Timer-118562" [_thread_blocked, id=1615920, stack(0x0000010f21e00000,0x0000010f21f00000)]
  0x000002eefaf4e800 JavaThread "Timer-118561" [_thread_blocked, id=1615916, stack(0x0000010f21d00000,0x0000010f21e00000)]
  0x000002eefaf4a800 JavaThread "Timer-118560" [_thread_blocked, id=1615912, stack(0x0000010f21c00000,0x0000010f21d00000)]
  0x000002eef9ab4000 JavaThread "Timer-118559" [_thread_blocked, id=1615908, stack(0x0000010f21b00000,0x0000010f21c00000)]
  0x000002eef9aba000 JavaThread "Timer-118558" [_thread_blocked, id=1615900, stack(0x0000010f21a00000,0x0000010f21b00000)]
  0x000002eef9ab9800 JavaThread "Timer-118557" [_thread_blocked, id=1615896, stack(0x0000010f21900000,0x0000010f21a00000)]
  0x000002eef9ab5800 JavaThread "Timer-118556" [_thread_blocked, id=1615892, stack(0x0000010f21800000,0x0000010f21900000)]
  0x000002eefaf47800 JavaThread "Timer-118555" [_thread_blocked, id=1615880, stack(0x0000010f21700000,0x0000010f21800000)]
  0x000002eefaf4c000 JavaThread "Timer-118554" [_thread_blocked, id=1615876, stack(0x0000010f21600000,0x0000010f21700000)]
  0x000002eef8e83800 JavaThread "Timer-118553" [_thread_blocked, id=1580844, stack(0x0000010f21500000,0x0000010f21600000)]
  0x000002eef8e85800 JavaThread "Timer-118552" [_thread_blocked, id=1152692, stack(0x0000010f21400000,0x0000010f21500000)]
  0x000002eef8e86800 JavaThread "Timer-118551" [_thread_blocked, id=1495324, stack(0x0000010f21300000,0x0000010f21400000)]
  0x000002eefac68800 JavaThread "Timer-118550" [_thread_blocked, id=7488, stack(0x0000010f21200000,0x0000010f21300000)]
  0x000002eefac62800 JavaThread "Timer-118549" [_thread_blocked, id=1611120, stack(0x0000010f21100000,0x0000010f21200000)]
  0x000002eefac67800 JavaThread "Timer-118548" [_thread_blocked, id=1615852, stack(0x0000010f21000000,0x0000010f21100000)]
  0x000002eefac67000 JavaThread "Timer-118547" [_thread_blocked, id=1582352, stack(0x0000010f20f00000,0x0000010f21000000)]
  0x000002eefac64000 JavaThread "Timer-118546" [_thread_blocked, id=1582372, stack(0x0000010f20e00000,0x0000010f20f00000)]
  0x000002eefac5a000 JavaThread "Timer-118545" [_thread_blocked, id=1582356, stack(0x0000010f20d00000,0x0000010f20e00000)]
  0x000002eefac61000 JavaThread "Timer-118544" [_thread_blocked, id=1572244, stack(0x0000010f20c00000,0x0000010f20d00000)]
  0x000002eef99fe800 JavaThread "Timer-118543" [_thread_blocked, id=1426568, stack(0x0000010f20b00000,0x0000010f20c00000)]
  0x000002eef9a05000 JavaThread "Timer-118542" [_thread_blocked, id=1594600, stack(0x0000010f20a00000,0x0000010f20b00000)]
  0x000002eef99fd800 JavaThread "Timer-118541" [_thread_blocked, id=1583172, stack(0x0000010f20900000,0x0000010f20a00000)]
  0x000002eef9a04800 JavaThread "Timer-118540" [_thread_blocked, id=1414968, stack(0x0000010f20800000,0x0000010f20900000)]
  0x000002eef99fd000 JavaThread "Timer-118539" [_thread_blocked, id=1495484, stack(0x0000010f20700000,0x0000010f20800000)]
  0x000002eef9a03800 JavaThread "Timer-118538" [_thread_blocked, id=1343648, stack(0x0000010f20600000,0x0000010f20700000)]
  0x000002eef99fc000 JavaThread "Timer-118537" [_thread_blocked, id=1552544, stack(0x0000010f20500000,0x0000010f20600000)]
  0x000002eef9a03000 JavaThread "Timer-118536" [_thread_blocked, id=1569276, stack(0x0000010f20400000,0x0000010f20500000)]
  0x000002eef99fb800 JavaThread "Timer-118535" [_thread_blocked, id=1488416, stack(0x0000010f20300000,0x0000010f20400000)]
  0x000002eefac8e000 JavaThread "Timer-118534" [_thread_blocked, id=1180064, stack(0x0000010f20200000,0x0000010f20300000)]
  0x000002eefac86800 JavaThread "Timer-118533" [_thread_blocked, id=1552476, stack(0x0000010f20100000,0x0000010f20200000)]
  0x000002eefac8d000 JavaThread "Timer-118532" [_thread_blocked, id=1491988, stack(0x0000010f20000000,0x0000010f20100000)]
  0x000002eefac87000 JavaThread "Timer-118531" [_thread_blocked, id=1491904, stack(0x0000010f1ff00000,0x0000010f20000000)]
  0x000002eefac89800 JavaThread "Timer-118530" [_thread_blocked, id=1560908, stack(0x0000010f1fe00000,0x0000010f1ff00000)]
  0x000002eefac8a000 JavaThread "Timer-118529" [_thread_blocked, id=1598460, stack(0x0000010f1fd00000,0x0000010f1fe00000)]
  0x000002eefacc2800 JavaThread "Timer-118528" [_thread_blocked, id=1495568, stack(0x0000010f1fc00000,0x0000010f1fd00000)]
  0x000002eefacc2000 JavaThread "Timer-118527" [_thread_blocked, id=1567740, stack(0x0000010f1fb00000,0x0000010f1fc00000)]
  0x000002eefacc1000 JavaThread "Timer-118526" [_thread_blocked, id=15024, stack(0x0000010f1fa00000,0x0000010f1fb00000)]
  0x000002eefacc3800 JavaThread "Timer-118525" [_thread_blocked, id=1574012, stack(0x0000010f1f900000,0x0000010f1fa00000)]
  0x000002eefacc6800 JavaThread "Timer-118524" [_thread_blocked, id=1501132, stack(0x0000010f1f800000,0x0000010f1f900000)]
  0x000002eefacc5800 JavaThread "Timer-118523" [_thread_blocked, id=1495180, stack(0x0000010f1f700000,0x0000010f1f800000)]
  0x000002eefacbf800 JavaThread "Timer-118522" [_thread_blocked, id=1189304, stack(0x0000010f1f600000,0x0000010f1f700000)]
  0x000002eefacc5000 JavaThread "Timer-118521" [_thread_blocked, id=1490568, stack(0x0000010f1f500000,0x0000010f1f600000)]
  0x000002eefac59800 JavaThread "Timer-118520" [_thread_blocked, id=1559844, stack(0x0000010f1f400000,0x0000010f1f500000)]
  0x000002eefac5f800 JavaThread "Timer-118519" [_thread_blocked, id=1615868, stack(0x0000010f1f300000,0x0000010f1f400000)]
  0x000002eefac5c800 JavaThread "Timer-118518" [_thread_blocked, id=1615864, stack(0x0000010f1f200000,0x0000010f1f300000)]
  0x000002eefac60000 JavaThread "Timer-118517" [_thread_blocked, id=1615860, stack(0x0000010f1f100000,0x0000010f1f200000)]
  0x000002eefac58000 JavaThread "Timer-118516" [_thread_blocked, id=1615856, stack(0x0000010f1f000000,0x0000010f1f100000)]
  0x000002eefac5e000 JavaThread "Timer-118515" [_thread_blocked, id=1615844, stack(0x0000010f1ed00000,0x0000010f1ee00000)]
  0x000002eefac5e800 JavaThread "Timer-118514" [_thread_blocked, id=1615840, stack(0x0000010f1ec00000,0x0000010f1ed00000)]
  0x000002eefac5d000 JavaThread "Timer-118513" [_thread_blocked, id=1615836, stack(0x0000010f1eb00000,0x0000010f1ec00000)]
  0x000002eefac58800 JavaThread "Timer-118512" [_thread_blocked, id=1615832, stack(0x0000010f1ea00000,0x0000010f1eb00000)]
  0x000002eefac5b800 JavaThread "Timer-118511" [_thread_blocked, id=1615828, stack(0x0000010f1e900000,0x0000010f1ea00000)]
  0x000002eefac5b000 JavaThread "Timer-118510" [_thread_blocked, id=1615824, stack(0x0000010f1e800000,0x0000010f1e900000)]
  0x000002eefac50800 JavaThread "Timer-118509" [_thread_blocked, id=1615820, stack(0x0000010f1e700000,0x0000010f1e800000)]
  0x000002eefac57000 JavaThread "Timer-118508" [_thread_blocked, id=1615816, stack(0x0000010f1e600000,0x0000010f1e700000)]
  0x000002eefac56800 JavaThread "Timer-118507" [_thread_blocked, id=1615812, stack(0x0000010f1e500000,0x0000010f1e600000)]
  0x000002eefac4f000 JavaThread "Timer-118506" [_thread_blocked, id=1615808, stack(0x0000010f1e400000,0x0000010f1e500000)]
  0x000002eefac55800 JavaThread "Timer-118505" [_thread_blocked, id=1615800, stack(0x0000010f1e300000,0x0000010f1e400000)]
  0x000002eefac4e000 JavaThread "Timer-118504" [_thread_blocked, id=1615796, stack(0x0000010f1e200000,0x0000010f1e300000)]
  0x000002eefac55000 JavaThread "Timer-118503" [_thread_blocked, id=1615792, stack(0x0000010f1e100000,0x0000010f1e200000)]
  0x000002eefac4d800 JavaThread "Timer-118502" [_thread_blocked, id=1615788, stack(0x0000010f1e000000,0x0000010f1e100000)]
  0x000002eefac53800 JavaThread "Timer-118501" [_thread_blocked, id=1615784, stack(0x0000010f1df00000,0x0000010f1e000000)]
  0x000002eefac52800 JavaThread "Timer-118500" [_thread_blocked, id=1615780, stack(0x0000010f1de00000,0x0000010f1df00000)]
  0x000002eefac51000 JavaThread "Timer-118499" [_thread_blocked, id=1615776, stack(0x0000010f1dd00000,0x0000010f1de00000)]
  0x000002eefac54000 JavaThread "Timer-118498" [_thread_blocked, id=1615772, stack(0x0000010f1dc00000,0x0000010f1dd00000)]
  0x000002eefac52000 JavaThread "Timer-118497" [_thread_blocked, id=1615768, stack(0x0000010f1db00000,0x0000010f1dc00000)]
  0x000002eefac4f800 JavaThread "Timer-118496" [_thread_blocked, id=1615764, stack(0x0000010f1da00000,0x0000010f1db00000)]
  0x000002eefac46000 JavaThread "Timer-118495" [_thread_blocked, id=1615760, stack(0x0000010f1d900000,0x0000010f1da00000)]
  0x000002eefac4c800 JavaThread "Timer-118494" [_thread_blocked, id=1615756, stack(0x0000010f1d800000,0x0000010f1d900000)]
  0x000002eefacbe000 JavaThread "Timer-118493" [_thread_blocked, id=1615752, stack(0x0000010f1d700000,0x0000010f1d800000)]
  0x000002eefacbf000 JavaThread "Timer-118492" [_thread_blocked, id=1615748, stack(0x0000010f1d600000,0x0000010f1d700000)]
  0x000002eefacc4000 JavaThread "Timer-118491" [_thread_blocked, id=1615740, stack(0x0000010f1d500000,0x0000010f1d600000)]
  0x000002eefacc0800 JavaThread "Timer-118490" [_thread_blocked, id=1615736, stack(0x0000010f1d400000,0x0000010f1d500000)]
  0x000002eefacb6800 JavaThread "Timer-118489" [_thread_blocked, id=1615732, stack(0x0000010f1d300000,0x0000010f1d400000)]
  0x000002eefacbd800 JavaThread "Timer-118488" [_thread_blocked, id=1615728, stack(0x0000010f1d200000,0x0000010f1d300000)]
  0x000002eefacbc000 JavaThread "Timer-118487" [_thread_blocked, id=1615724, stack(0x0000010f1d100000,0x0000010f1d200000)]
  0x000002eefacb7800 JavaThread "Timer-118486" [_thread_blocked, id=1615720, stack(0x0000010f1d000000,0x0000010f1d100000)]
  0x000002eefacbb000 JavaThread "Timer-118485" [_thread_blocked, id=1615716, stack(0x0000010f1cf00000,0x0000010f1d000000)]
  0x000002eef9a02000 JavaThread "Timer-118484" [_thread_blocked, id=1615712, stack(0x0000010f1ce00000,0x0000010f1cf00000)]
  0x000002eef99ff000 JavaThread "Timer-118483" [_thread_blocked, id=1615708, stack(0x0000010f1cd00000,0x0000010f1ce00000)]
  0x000002eef99fa800 JavaThread "Timer-118482" [_thread_blocked, id=1615704, stack(0x0000010f1cc00000,0x0000010f1cd00000)]
  0x000002eefac4c000 JavaThread "Timer-118481" [_thread_blocked, id=1615696, stack(0x0000010f1cb00000,0x0000010f1cc00000)]
  0x000002eefac4b000 JavaThread "Timer-118480" [_thread_blocked, id=1615684, stack(0x0000010f1ca00000,0x0000010f1cb00000)]
  0x000002eefac47800 JavaThread "Timer-118479" [_thread_blocked, id=1615676, stack(0x0000010f1c900000,0x0000010f1ca00000)]
  0x000002eefac48000 JavaThread "Timer-118478" [_thread_blocked, id=1615672, stack(0x0000010f1c800000,0x0000010f1c900000)]
  0x000002eefac44800 JavaThread "Timer-118477" [_thread_blocked, id=1615668, stack(0x0000010f1c700000,0x0000010f1c800000)]
  0x000002eefac45000 JavaThread "Timer-118476" [_thread_blocked, id=1615664, stack(0x0000010f1c600000,0x0000010f1c700000)]
  0x000002eefac49800 JavaThread "Timer-118475" [_thread_blocked, id=1615660, stack(0x0000010f1c500000,0x0000010f1c600000)]
  0x000002eefac46800 JavaThread "Timer-118474" [_thread_blocked, id=1615656, stack(0x0000010f1c400000,0x0000010f1c500000)]
  0x000002eefac49000 JavaThread "Timer-118473" [_thread_blocked, id=1615652, stack(0x0000010f1c300000,0x0000010f1c400000)]
  0x000002eefac4a800 JavaThread "Timer-118472" [_thread_blocked, id=1615648, stack(0x0000010f1c200000,0x0000010f1c300000)]
  0x000002eefac80800 JavaThread "Timer-118471" [_thread_blocked, id=1615644, stack(0x0000010f1c100000,0x0000010f1c200000)]
  0x000002eefac7f000 JavaThread "Timer-118470" [_thread_blocked, id=1615640, stack(0x0000010f1c000000,0x0000010f1c100000)]
  0x000002eefac84800 JavaThread "Timer-118469" [_thread_blocked, id=1615636, stack(0x0000010f1bf00000,0x0000010f1c000000)]
  0x000002eefac7e800 JavaThread "Timer-118468" [_thread_blocked, id=1615632, stack(0x0000010f1be00000,0x0000010f1bf00000)]
  0x000002eefac83800 JavaThread "Timer-118467" [_thread_blocked, id=1615628, stack(0x0000010f1bd00000,0x0000010f1be00000)]
  0x000002eefac81800 JavaThread "Timer-118466" [_thread_blocked, id=1615624, stack(0x0000010f1bc00000,0x0000010f1bd00000)]
  0x000002eefac82000 JavaThread "Timer-118465" [_thread_blocked, id=1615620, stack(0x0000010f1bb00000,0x0000010f1bc00000)]
  0x000002eefacb9800 JavaThread "Timer-118464" [_thread_blocked, id=1615616, stack(0x0000010f1ba00000,0x0000010f1bb00000)]
  0x000002eefacb8000 JavaThread "Timer-118463" [_thread_blocked, id=1615612, stack(0x0000010f1b900000,0x0000010f1ba00000)]
  0x000002eefacbc800 JavaThread "Timer-118462" [_thread_blocked, id=1615608, stack(0x0000010f1b800000,0x0000010f1b900000)]
  0x000002eef8e85000 JavaThread "Timer-118461" [_thread_blocked, id=1615604, stack(0x0000010f1b700000,0x0000010f1b800000)]
  0x000002eef8e82800 JavaThread "Timer-118460" [_thread_blocked, id=1615600, stack(0x0000010f1b600000,0x0000010f1b700000)]
  0x000002eef8e84000 JavaThread "Timer-118459" [_thread_blocked, id=1615596, stack(0x0000010f1b500000,0x0000010f1b600000)]
  0x000002eef8e81000 JavaThread "Timer-118458" [_thread_blocked, id=1615592, stack(0x0000010f1b400000,0x0000010f1b500000)]
  0x000002eef9ab5000 JavaThread "Timer-118457" [_thread_blocked, id=1615588, stack(0x0000010f1b300000,0x0000010f1b400000)]
  0x000002eef9abb000 JavaThread "Timer-118456" [_thread_blocked, id=1615584, stack(0x0000010f1b200000,0x0000010f1b300000)]
  0x000002eef9ab2000 JavaThread "Timer-118455" [_thread_blocked, id=1615580, stack(0x0000010f1b100000,0x0000010f1b200000)]
  0x000002eef9ab6800 JavaThread "Timer-118454" [_thread_blocked, id=1615576, stack(0x0000010f1b000000,0x0000010f1b100000)]
  0x000002eef9ab2800 JavaThread "Timer-118453" [_thread_blocked, id=1615572, stack(0x0000010f1af00000,0x0000010f1b000000)]
  0x000002eefac83000 JavaThread "Timer-118452" [_thread_blocked, id=1615568, stack(0x0000010f1ae00000,0x0000010f1af00000)]
  0x000002eefac80000 JavaThread "Timer-118451" [_thread_blocked, id=1615564, stack(0x0000010f1ad00000,0x0000010f1ae00000)]
  0x000002eefac77000 JavaThread "Timer-118450" [_thread_blocked, id=1615560, stack(0x0000010f1ac00000,0x0000010f1ad00000)]
  0x000002eefac7d800 JavaThread "Timer-118449" [_thread_blocked, id=1615556, stack(0x0000010f1ab00000,0x0000010f1ac00000)]
  0x000002eefac7d000 JavaThread "Timer-118448" [_thread_blocked, id=1615552, stack(0x0000010f1aa00000,0x0000010f1ab00000)]
  0x000002eefac11000 JavaThread "Timer-118447" [_thread_blocked, id=1615548, stack(0x0000010f1a900000,0x0000010f1aa00000)]
  0x000002eefac13800 JavaThread "Timer-118446" [_thread_blocked, id=1615544, stack(0x0000010f1a800000,0x0000010f1a900000)]
  0x000002eefac09000 JavaThread "Timer-118445" [_thread_blocked, id=1615540, stack(0x0000010f1a700000,0x0000010f1a800000)]
  0x000002eefac0f800 JavaThread "Timer-118444" [_thread_blocked, id=1615536, stack(0x0000010f1a600000,0x0000010f1a700000)]
  0x000002eefac0f000 JavaThread "Timer-118443" [_thread_blocked, id=1615532, stack(0x0000010f1a500000,0x0000010f1a600000)]
  0x000002eefac0e000 JavaThread "Timer-118442" [_thread_blocked, id=1615528, stack(0x0000010f1a400000,0x0000010f1a500000)]
  0x000002eefac0d800 JavaThread "Timer-118441" [_thread_blocked, id=1615524, stack(0x0000010f1a300000,0x0000010f1a400000)]
  0x000002eef8e87000 JavaThread "Timer-118440" [_thread_blocked, id=1615520, stack(0x0000010f1a200000,0x0000010f1a300000)]
  0x000002eef8e82000 JavaThread "Timer-118439" [_thread_blocked, id=1615516, stack(0x0000010f1a100000,0x0000010f1a200000)]
  0x000002eef8e79800 JavaThread "Timer-118438" [_thread_blocked, id=1615512, stack(0x0000010f1a000000,0x0000010f1a100000)]
  0x000002eef9ab8800 JavaThread "Timer-118437" [_thread_blocked, id=1615508, stack(0x0000010f19f00000,0x0000010f1a000000)]
  0x000002eef9ab8000 JavaThread "Timer-118436" [_thread_blocked, id=1615504, stack(0x0000010f19e00000,0x0000010f19f00000)]
  0x000002eef9ab3800 JavaThread "Timer-118435" [_thread_blocked, id=1615500, stack(0x0000010f19d00000,0x0000010f19e00000)]
  0x000002eef9ab7000 JavaThread "Timer-118434" [_thread_blocked, id=1615496, stack(0x0000010f19c00000,0x0000010f19d00000)]
  0x000002eef9aaa800 JavaThread "Timer-118433" [_thread_blocked, id=1615492, stack(0x0000010f19b00000,0x0000010f19c00000)]
  0x000002eef9aaf800 JavaThread "Timer-118432" [_thread_blocked, id=1615488, stack(0x0000010f19a00000,0x0000010f19b00000)]
  0x000002eef9aac000 JavaThread "Timer-118431" [_thread_blocked, id=1615484, stack(0x0000010f19900000,0x0000010f19a00000)]
  0x000002eef9ab0800 JavaThread "Timer-118430" [_thread_blocked, id=1615480, stack(0x0000010f19800000,0x0000010f19900000)]
  0x000002eef9ab1000 JavaThread "Timer-118429" [_thread_blocked, id=1615476, stack(0x0000010f19700000,0x0000010f19800000)]
  0x000002eef9aaf000 JavaThread "Timer-118428" [_thread_blocked, id=1615472, stack(0x0000010f19600000,0x0000010f19700000)]
  0x000002eefacb9000 JavaThread "Timer-118427" [_thread_blocked, id=1615468, stack(0x0000010f19500000,0x0000010f19600000)]
  0x000002eefacba800 JavaThread "Timer-118426" [_thread_blocked, id=1615464, stack(0x0000010f19400000,0x0000010f19500000)]
  0x000002eef9904800 JavaThread "Timer-118425" [_thread_blocked, id=1615460, stack(0x0000010f19300000,0x0000010f19400000)]
  0x000002eef9904000 JavaThread "Timer-118424" [_thread_blocked, id=1615456, stack(0x0000010f19200000,0x0000010f19300000)]
  0x000002eef9903000 JavaThread "Timer-118423" [_thread_blocked, id=1615452, stack(0x0000010f19100000,0x0000010f19200000)]
  0x000002eef9902800 JavaThread "Timer-118422" [_thread_blocked, id=1615448, stack(0x0000010f19000000,0x0000010f19100000)]
  0x000002eefac7a800 JavaThread "Timer-118421" [_thread_blocked, id=1615444, stack(0x0000010f18f00000,0x0000010f19000000)]
  0x000002eefac7a000 JavaThread "Timer-118420" [_thread_blocked, id=1615440, stack(0x0000010f18e00000,0x0000010f18f00000)]
  0x000002eefac79000 JavaThread "Timer-118419" [_thread_blocked, id=1615436, stack(0x0000010f18d00000,0x0000010f18e00000)]
  0x000002eefac7c000 JavaThread "Timer-118418" [_thread_blocked, id=1615432, stack(0x0000010f18c00000,0x0000010f18d00000)]
  0x000002eefac74800 JavaThread "Timer-118417" [_thread_blocked, id=1615428, stack(0x0000010f18b00000,0x0000010f18c00000)]
  0x000002eefac76000 JavaThread "Timer-118416" [_thread_blocked, id=1615424, stack(0x0000010f18a00000,0x0000010f18b00000)]
  0x000002eefac7b800 JavaThread "Timer-118415" [_thread_blocked, id=1615420, stack(0x0000010f18900000,0x0000010f18a00000)]
  0x000002eefac78800 JavaThread "Timer-118414" [_thread_blocked, id=1615416, stack(0x0000010f18800000,0x0000010f18900000)]
  0x000002eefac77800 JavaThread "Timer-118413" [_thread_blocked, id=1615412, stack(0x0000010f18700000,0x0000010f18800000)]
  0x000002eefac75800 JavaThread "Timer-118412" [_thread_blocked, id=1615408, stack(0x0000010f18600000,0x0000010f18700000)]
  0x000002eef951b000 JavaThread "Timer-118411" [_thread_blocked, id=1615404, stack(0x0000010f18500000,0x0000010f18600000)]
  0x000002eef9518000 JavaThread "Timer-118410" [_thread_blocked, id=1615400, stack(0x0000010f18400000,0x0000010f18500000)]
  0x000002eef9901000 JavaThread "Timer-118409" [_thread_blocked, id=1615396, stack(0x0000010f18300000,0x0000010f18400000)]
  0x000002eef9a01800 JavaThread "Timer-118408" [_thread_blocked, id=1615392, stack(0x0000010f18200000,0x0000010f18300000)]
  0x000002eefac08000 JavaThread "Timer-118407" [_thread_blocked, id=1615388, stack(0x0000010f18100000,0x0000010f18200000)]
  0x000002eefac0c000 JavaThread "Timer-118406" [_thread_blocked, id=1615384, stack(0x0000010f18000000,0x0000010f18100000)]
  0x000002eefac09800 JavaThread "Timer-118405" [_thread_blocked, id=1615380, stack(0x0000010f17f00000,0x0000010f18000000)]
  0x000002eefac06000 JavaThread "Timer-118404" [_thread_blocked, id=1615376, stack(0x0000010f17e00000,0x0000010f17f00000)]
  0x000002eefac0b000 JavaThread "Timer-118403" [_thread_blocked, id=1615372, stack(0x0000010f17d00000,0x0000010f17e00000)]
  0x000002eefac06800 JavaThread "Timer-118402" [_thread_blocked, id=1615364, stack(0x0000010f17c00000,0x0000010f17d00000)]
  0x000002eefac0c800 JavaThread "Timer-118401" [_thread_blocked, id=1615360, stack(0x0000010f17b00000,0x0000010f17c00000)]
  0x000002eefac03800 JavaThread "Timer-118400" [_thread_blocked, id=1615356, stack(0x0000010f17a00000,0x0000010f17b00000)]
  0x000002eefac04800 JavaThread "Timer-118399" [_thread_blocked, id=1615352, stack(0x0000010f17900000,0x0000010f17a00000)]
  0x000002eefac0a800 JavaThread "Timer-118398" [_thread_blocked, id=1615348, stack(0x0000010f17800000,0x0000010f17900000)]
  0x000002eefac07800 JavaThread "Timer-118397" [_thread_blocked, id=1615344, stack(0x0000010f17700000,0x0000010f17800000)]
  0x000002eefac03000 JavaThread "Timer-118396" [_thread_blocked, id=1615340, stack(0x0000010f17600000,0x0000010f17700000)]
  0x000002eefac05000 JavaThread "Timer-118395" [_thread_blocked, id=1615336, stack(0x0000010f17500000,0x0000010f17600000)]
  0x000002eef961d000 JavaThread "Timer-118394" [_thread_blocked, id=1615332, stack(0x0000010f17400000,0x0000010f17500000)]
  0x000002eef9624000 JavaThread "Timer-118393" [_thread_blocked, id=1615328, stack(0x0000010f17300000,0x0000010f17400000)]
  0x000002eef9621000 JavaThread "Timer-118392" [_thread_blocked, id=1615324, stack(0x0000010f17200000,0x0000010f17300000)]
  0x000002eef961f800 JavaThread "Timer-118391" [_thread_blocked, id=1615320, stack(0x0000010f17100000,0x0000010f17200000)]
  0x000002eef9623000 JavaThread "Timer-118390" [_thread_blocked, id=1615316, stack(0x0000010f17000000,0x0000010f17100000)]
  0x000002eef951a000 JavaThread "Timer-118389" [_thread_blocked, id=1615312, stack(0x0000010f16f00000,0x0000010f17000000)]
  0x000002eef9515800 JavaThread "Timer-118388" [_thread_blocked, id=1615308, stack(0x0000010f16e00000,0x0000010f16f00000)]
  0x000002eef9517000 JavaThread "Timer-118387" [_thread_blocked, id=1615304, stack(0x0000010f16d00000,0x0000010f16e00000)]
  0x000002eef951c800 JavaThread "Timer-118386" [_thread_blocked, id=1615300, stack(0x0000010f16c00000,0x0000010f16d00000)]
  0x000002eef9516800 JavaThread "Timer-118385" [_thread_blocked, id=1615296, stack(0x0000010f16b00000,0x0000010f16c00000)]
  0x000002eef9519800 JavaThread "Timer-118384" [_thread_blocked, id=1615288, stack(0x0000010f16a00000,0x0000010f16b00000)]
  0x000002eef9518800 JavaThread "Timer-118383" [_thread_blocked, id=1615284, stack(0x0000010f16900000,0x0000010f16a00000)]
  0x000002eef951b800 JavaThread "Timer-118382" [_thread_blocked, id=1615280, stack(0x0000010f16800000,0x0000010f16900000)]
  0x000002eef950e000 JavaThread "Timer-118381" [_thread_blocked, id=1615276, stack(0x0000010f16700000,0x0000010f16800000)]
  0x000002eef950f000 JavaThread "Timer-118380" [_thread_blocked, id=1615272, stack(0x0000010f16600000,0x0000010f16700000)]
  0x000002eef9515000 JavaThread "Timer-118379" [_thread_blocked, id=1615268, stack(0x0000010f16500000,0x0000010f16600000)]
  0x000002eef9513800 JavaThread "Timer-118378" [_thread_blocked, id=1615264, stack(0x0000010f16400000,0x0000010f16500000)]
  0x000002eef9514000 JavaThread "Timer-118377" [_thread_blocked, id=1615260, stack(0x0000010f16300000,0x0000010f16400000)]
  0x000002eef950c800 JavaThread "Timer-118376" [_thread_blocked, id=1615256, stack(0x0000010f16200000,0x0000010f16300000)]
  0x000002eef9512800 JavaThread "Timer-118375" [_thread_blocked, id=1615252, stack(0x0000010f16100000,0x0000010f16200000)]
  0x000002eef9510800 JavaThread "Timer-118374" [_thread_blocked, id=1615248, stack(0x0000010f16000000,0x0000010f16100000)]
  0x000002eef950f800 JavaThread "Timer-118373" [_thread_blocked, id=1615244, stack(0x0000010f15f00000,0x0000010f16000000)]
  0x000002eef9512000 JavaThread "Timer-118372" [_thread_blocked, id=1615240, stack(0x0000010f15e00000,0x0000010f15f00000)]
  0x000002eef9511000 JavaThread "Timer-118371" [_thread_blocked, id=1615236, stack(0x0000010f15d00000,0x0000010f15e00000)]
  0x000002eef950d800 JavaThread "Timer-118370" [_thread_blocked, id=1615232, stack(0x0000010f15c00000,0x0000010f15d00000)]
  0x000002eef950c000 JavaThread "Timer-118369" [_thread_blocked, id=1615228, stack(0x0000010f15b00000,0x0000010f15c00000)]
  0x000002eef950b000 JavaThread "Timer-118368" [_thread_blocked, id=1615224, stack(0x0000010f15a00000,0x0000010f15b00000)]
  0x000002eef950a800 JavaThread "Timer-118367" [_thread_blocked, id=1615220, stack(0x0000010f15900000,0x0000010f15a00000)]
  0x000002eef8e80800 JavaThread "Timer-118366" [_thread_blocked, id=1615216, stack(0x0000010f15800000,0x0000010f15900000)]
  0x000002eef8e7a800 JavaThread "Timer-118365" [_thread_blocked, id=1615212, stack(0x0000010f15700000,0x0000010f15800000)]
  0x000002eef8e7f800 JavaThread "Timer-118364" [_thread_blocked, id=1615208, stack(0x0000010f15600000,0x0000010f15700000)]
  0x000002eef8e7c000 JavaThread "Timer-118363" [_thread_blocked, id=1615204, stack(0x0000010f15500000,0x0000010f15600000)]
  0x000002eef8e7f000 JavaThread "Timer-118362" [_thread_blocked, id=1615200, stack(0x0000010f15400000,0x0000010f15500000)]
  0x000002eef8e7e000 JavaThread "Timer-118361" [_thread_blocked, id=1615196, stack(0x0000010f15300000,0x0000010f15400000)]
  0x000002eef8e79000 JavaThread "Timer-118360" [_thread_blocked, id=1615192, stack(0x0000010f15200000,0x0000010f15300000)]
  0x000002eef8e7d800 JavaThread "Timer-118359" [_thread_blocked, id=1615188, stack(0x0000010f15100000,0x0000010f15200000)]
  0x000002eef9509800 JavaThread "Timer-118358" [_thread_blocked, id=1615184, stack(0x0000010f15000000,0x0000010f15100000)]
  0x000002eef9503800 JavaThread "Timer-118357" [_thread_blocked, id=1615180, stack(0x0000010f14f00000,0x0000010f15000000)]
  0x000002eef9504000 JavaThread "Timer-118356" [_thread_blocked, id=1615176, stack(0x0000010f14e00000,0x0000010f14f00000)]
  0x000002eef9502000 JavaThread "Timer-118355" [_thread_blocked, id=1615172, stack(0x0000010f14d00000,0x0000010f14e00000)]
  0x000002eef9509000 JavaThread "Timer-118354" [_thread_blocked, id=1615168, stack(0x0000010f14c00000,0x0000010f14d00000)]
  0x000002eef9aad800 JavaThread "Timer-118353" [_thread_blocked, id=1615164, stack(0x0000010f14b00000,0x0000010f14c00000)]
  0x000002eef9aac800 JavaThread "Timer-118352" [_thread_blocked, id=1615160, stack(0x0000010f14a00000,0x0000010f14b00000)]
  0x000002eef9aab000 JavaThread "Timer-118351" [_thread_blocked, id=1615156, stack(0x0000010f14900000,0x0000010f14a00000)]
  0x000002eef9aae000 JavaThread "Timer-118350" [_thread_blocked, id=1615152, stack(0x0000010f14800000,0x0000010f14900000)]
  0x000002eef9ae8000 JavaThread "Timer-118349" [_thread_blocked, id=1615148, stack(0x0000010f14700000,0x0000010f14800000)]
  0x000002eef9ae6000 JavaThread "Timer-118348" [_thread_blocked, id=1615144, stack(0x0000010f14600000,0x0000010f14700000)]
  0x000002eef9ae4800 JavaThread "Timer-118347" [_thread_blocked, id=1615140, stack(0x0000010f14500000,0x0000010f14600000)]
  0x000002eef9ae9000 JavaThread "Timer-118346" [_thread_blocked, id=1615136, stack(0x0000010f14400000,0x0000010f14500000)]
  0x000002eef9ae5000 JavaThread "Timer-118345" [_thread_blocked, id=1615132, stack(0x0000010f14300000,0x0000010f14400000)]
  0x000002eef9aea800 JavaThread "Timer-118344" [_thread_blocked, id=1615128, stack(0x0000010f14200000,0x0000010f14300000)]
  0x000002eef9ae9800 JavaThread "Timer-118343" [_thread_blocked, id=1615124, stack(0x0000010f14100000,0x0000010f14200000)]
  0x000002eef9ae7800 JavaThread "Timer-118342" [_thread_blocked, id=1615120, stack(0x0000010f14000000,0x0000010f14100000)]
  0x000002eef9ae6800 JavaThread "Timer-118341" [_thread_blocked, id=1615116, stack(0x0000010f13f00000,0x0000010f14000000)]
  0x000002eef9add000 JavaThread "Timer-118340" [_thread_blocked, id=1615112, stack(0x0000010f13e00000,0x0000010f13f00000)]
  0x000002eef9ae3800 JavaThread "Timer-118339" [_thread_blocked, id=1615108, stack(0x0000010f13d00000,0x0000010f13e00000)]
  0x000002eef9adc000 JavaThread "Timer-118338" [_thread_blocked, id=1615100, stack(0x0000010f13c00000,0x0000010f13d00000)]
  0x000002eef9ae3000 JavaThread "Timer-118337" [_thread_blocked, id=1615096, stack(0x0000010f13b00000,0x0000010f13c00000)]
  0x000002eef9adb800 JavaThread "Timer-118336" [_thread_blocked, id=1615092, stack(0x0000010f13a00000,0x0000010f13b00000)]
  0x000002eef9ae2000 JavaThread "Timer-118335" [_thread_blocked, id=1615088, stack(0x0000010f13900000,0x0000010f13a00000)]
  0x000002eef9ae0000 JavaThread "Timer-118334" [_thread_blocked, id=1615084, stack(0x0000010f13800000,0x0000010f13900000)]
  0x000002eef9adf000 JavaThread "Timer-118333" [_thread_blocked, id=1615080, stack(0x0000010f13700000,0x0000010f13800000)]
  0x000002eef9ade800 JavaThread "Timer-118332" [_thread_blocked, id=1615076, stack(0x0000010f13600000,0x0000010f13700000)]
  0x000002eef9ada800 JavaThread "Timer-118331" [_thread_blocked, id=1615072, stack(0x0000010f13500000,0x0000010f13600000)]
  0x000002eef9add800 JavaThread "Timer-118330" [_thread_blocked, id=1615068, stack(0x0000010f13400000,0x0000010f13500000)]
  0x000002eef9ae1800 JavaThread "Timer-118329" [_thread_blocked, id=1615064, stack(0x0000010f13300000,0x0000010f13400000)]
  0x000002eef9ae0800 JavaThread "Timer-118328" [_thread_blocked, id=1615060, stack(0x0000010f13200000,0x0000010f13300000)]
  0x000002eef930a800 JavaThread "Timer-118327" [_thread_blocked, id=1615056, stack(0x0000010f13100000,0x0000010f13200000)]
  0x000002eef930b800 JavaThread "Timer-118326" [_thread_blocked, id=1615052, stack(0x0000010f13000000,0x0000010f13100000)]
  0x000002eef930c000 JavaThread "Timer-118325" [_thread_blocked, id=1615048, stack(0x0000010f12f00000,0x0000010f13000000)]
  0x000002eef9311800 JavaThread "Timer-118324" [_thread_blocked, id=1615044, stack(0x0000010f12e00000,0x0000010f12f00000)]
  0x000002eef930a000 JavaThread "Timer-118323" [_thread_blocked, id=1615040, stack(0x0000010f12d00000,0x0000010f12e00000)]
  0x000002eef930f000 JavaThread "Timer-118322" [_thread_blocked, id=1615036, stack(0x0000010f12c00000,0x0000010f12d00000)]
  0x000002eef9310800 JavaThread "Timer-118321" [_thread_blocked, id=1615032, stack(0x0000010f12b00000,0x0000010f12c00000)]
  0x000002eef930e800 JavaThread "Timer-118320" [_thread_blocked, id=1615028, stack(0x0000010f12a00000,0x0000010f12b00000)]
  0x000002eef99fa000 JavaThread "Timer-118319" [_thread_blocked, id=1615024, stack(0x0000010f12900000,0x0000010f12a00000)]
  0x000002eef9a00800 JavaThread "Timer-118318" [_thread_blocked, id=1615020, stack(0x0000010f12800000,0x0000010f12900000)]
  0x000002eef99f9000 JavaThread "Timer-118317" [_thread_blocked, id=1615016, stack(0x0000010f12700000,0x0000010f12800000)]
  0x000002eef9a00000 JavaThread "Timer-118316" [_thread_blocked, id=1615012, stack(0x0000010f12600000,0x0000010f12700000)]
  0x000002eef99f1800 JavaThread "Timer-118315" [_thread_blocked, id=1615008, stack(0x0000010f12500000,0x0000010f12600000)]
  0x000002eef99f8800 JavaThread "Timer-118314" [_thread_blocked, id=1615004, stack(0x0000010f12400000,0x0000010f12500000)]
  0x000002eef99f1000 JavaThread "Timer-118313" [_thread_blocked, id=1615000, stack(0x0000010f12300000,0x0000010f12400000)]
  0x000002eef99f7800 JavaThread "Timer-118312" [_thread_blocked, id=1614996, stack(0x0000010f12200000,0x0000010f12300000)]
  0x000002eef99f0000 JavaThread "Timer-118311" [_thread_blocked, id=1614992, stack(0x0000010f12100000,0x0000010f12200000)]
  0x000002eef99f6000 JavaThread "Timer-118310" [_thread_blocked, id=1614988, stack(0x0000010f12000000,0x0000010f12100000)]
  0x000002eef99f4000 JavaThread "Timer-118309" [_thread_blocked, id=1614984, stack(0x0000010f11f00000,0x0000010f12000000)]
  0x000002eef99f3000 JavaThread "Timer-118308" [_thread_blocked, id=1614980, stack(0x0000010f11e00000,0x0000010f11f00000)]
  0x000002eef99f5800 JavaThread "Timer-118307" [_thread_blocked, id=1614976, stack(0x0000010f11d00000,0x0000010f11e00000)]
  0x000002eef99f2800 JavaThread "Timer-118306" [_thread_blocked, id=1614964, stack(0x0000010f11c00000,0x0000010f11d00000)]
  0x000002eef99f7000 JavaThread "Timer-118305" [_thread_blocked, id=1614960, stack(0x0000010f11b00000,0x0000010f11c00000)]
  0x000002eef99f4800 JavaThread "Timer-118304" [_thread_blocked, id=1614956, stack(0x0000010f11a00000,0x0000010f11b00000)]
  0x000002eef99e8800 JavaThread "Timer-118303" [_thread_blocked, id=1614952, stack(0x0000010f11900000,0x0000010f11a00000)]
  0x000002eef99ef800 JavaThread "Timer-118302" [_thread_blocked, id=1614948, stack(0x0000010f11800000,0x0000010f11900000)]
  0x000002eef99ee000 JavaThread "Timer-118301" [_thread_blocked, id=1614944, stack(0x0000010f11700000,0x0000010f11800000)]
  0x000002eef99ee800 JavaThread "Timer-118300" [_thread_blocked, id=1614940, stack(0x0000010f11600000,0x0000010f11700000)]
  0x000002eef99ed000 JavaThread "Timer-118299" [_thread_blocked, id=1614936, stack(0x0000010f11500000,0x0000010f11600000)]
  0x000002eef99e8000 JavaThread "Timer-118298" [_thread_blocked, id=1614932, stack(0x0000010f11400000,0x0000010f11500000)]
  0x000002eef99ec800 JavaThread "Timer-118297" [_thread_blocked, id=1614928, stack(0x0000010f11300000,0x0000010f11400000)]
  0x000002eef99e5000 JavaThread "Timer-118296" [_thread_blocked, id=1614924, stack(0x0000010f11200000,0x0000010f11300000)]
  0x000002eef9901800 JavaThread "Timer-118295" [_thread_blocked, id=1614920, stack(0x0000010f11100000,0x0000010f11200000)]
  0x000002eef9905800 JavaThread "Timer-118294" [_thread_blocked, id=1614916, stack(0x0000010f11000000,0x0000010f11100000)]
  0x000002eef98f9800 JavaThread "Timer-118293" [_thread_blocked, id=1614912, stack(0x0000010f10f00000,0x0000010f11000000)]
  0x000002eef99eb800 JavaThread "Timer-118292" [_thread_blocked, id=1614908, stack(0x0000010f10e00000,0x0000010f10f00000)]
  0x000002eef99e7000 JavaThread "Timer-118291" [_thread_blocked, id=1614904, stack(0x0000010f10d00000,0x0000010f10e00000)]
  0x000002eef99eb000 JavaThread "Timer-118290" [_thread_blocked, id=1614896, stack(0x0000010f10c00000,0x0000010f10d00000)]
  0x000002eef99e5800 JavaThread "Timer-118289" [_thread_blocked, id=1614892, stack(0x0000010f10b00000,0x0000010f10c00000)]
  0x000002eef99ea000 JavaThread "Timer-118288" [_thread_blocked, id=1614888, stack(0x0000010f10a00000,0x0000010f10b00000)]
  0x000002eef99e6800 JavaThread "Timer-118287" [_thread_blocked, id=1614884, stack(0x0000010f10900000,0x0000010f10a00000)]
  0x000002eef99e9800 JavaThread "Timer-118286" [_thread_blocked, id=1614880, stack(0x0000010f10800000,0x0000010f10900000)]
  0x000002eef99dd800 JavaThread "Timer-118285" [_thread_blocked, id=1614876, stack(0x0000010f10700000,0x0000010f10800000)]
  0x000002eef99e2800 JavaThread "Timer-118284" [_thread_blocked, id=1614872, stack(0x0000010f10600000,0x0000010f10700000)]
  0x000002eef99df800 JavaThread "Timer-118283" [_thread_blocked, id=1614868, stack(0x0000010f10500000,0x0000010f10600000)]
  0x000002eef99e2000 JavaThread "Timer-118282" [_thread_blocked, id=1614864, stack(0x0000010f10400000,0x0000010f10500000)]
  0x000002eef99e3800 JavaThread "Timer-118281" [_thread_blocked, id=1614860, stack(0x0000010f10300000,0x0000010f10400000)]
  0x000002eef99e4000 JavaThread "Timer-118280" [_thread_blocked, id=1614856, stack(0x0000010f10200000,0x0000010f10300000)]
  0x000002eef99de000 JavaThread "Timer-118279" [_thread_blocked, id=1614852, stack(0x0000010f10100000,0x0000010f10200000)]
  0x000002eef99e1000 JavaThread "Timer-118278" [_thread_blocked, id=611080, stack(0x0000010f10000000,0x0000010f10100000)]
  0x000002eef9900000 JavaThread "Timer-118277" [_thread_blocked, id=611084, stack(0x0000010f0ff00000,0x0000010f10000000)]
  0x000002eef98f8800 JavaThread "Timer-118276" [_thread_blocked, id=1495152, stack(0x0000010f0fe00000,0x0000010f0ff00000)]
  0x000002eef98ff800 JavaThread "Timer-118275" [_thread_blocked, id=1329876, stack(0x0000010f0fd00000,0x0000010f0fe00000)]
  0x000002eef98f8000 JavaThread "Timer-118274" [_thread_blocked, id=1149916, stack(0x0000010f0fc00000,0x0000010f0fd00000)]
  0x000002eef98fe800 JavaThread "Timer-118273" [_thread_blocked, id=1613140, stack(0x0000010f0fb00000,0x0000010f0fc00000)]
  0x000002eef98fa000 JavaThread "Timer-118272" [_thread_blocked, id=1613108, stack(0x0000010f0fa00000,0x0000010f0fb00000)]
  0x000002eef98fe000 JavaThread "Timer-118271" [_thread_blocked, id=611940, stack(0x0000010f0f900000,0x0000010f0fa00000)]
  0x000002eef98f6800 JavaThread "Timer-118270" [_thread_blocked, id=1614436, stack(0x0000010f0f800000,0x0000010f0f900000)]
  0x000002eef98fd000 JavaThread "Timer-118269" [_thread_blocked, id=1614272, stack(0x0000010f0f700000,0x0000010f0f800000)]
  0x000002eef98fb000 JavaThread "Timer-118268" [_thread_blocked, id=1600476, stack(0x0000010f0f600000,0x0000010f0f700000)]
  0x000002eef98f5800 JavaThread "Timer-118267" [_thread_blocked, id=1600472, stack(0x0000010f0f500000,0x0000010f0f600000)]
  0x000002eef98fc800 JavaThread "Timer-118266" [_thread_blocked, id=1600484, stack(0x0000010f0f400000,0x0000010f0f500000)]
  0x000002eef98f7000 JavaThread "Timer-118265" [_thread_blocked, id=1614440, stack(0x0000010f0f300000,0x0000010f0f400000)]
  0x000002eef98fb800 JavaThread "Timer-118264" [_thread_blocked, id=1613968, stack(0x0000010f0f200000,0x0000010f0f300000)]
  0x000002eef98f4000 JavaThread "Timer-118263" [_thread_blocked, id=1612724, stack(0x0000010f0f100000,0x0000010f0f200000)]
  0x000002eef98f3800 JavaThread "Timer-118262" [_thread_blocked, id=1609488, stack(0x0000010f0f000000,0x0000010f0f100000)]
  0x000002eef98f1000 JavaThread "Timer-118261" [_thread_blocked, id=1613644, stack(0x0000010f0ed00000,0x0000010f0ee00000)]
  0x000002eef98f2800 JavaThread "Timer-118260" [_thread_blocked, id=1612732, stack(0x0000010f0ec00000,0x0000010f0ed00000)]
  0x000002eef98f0800 JavaThread "Timer-118259" [_thread_blocked, id=1613964, stack(0x0000010f0eb00000,0x0000010f0ec00000)]
  0x000002eef98f2000 JavaThread "Timer-118258" [_thread_blocked, id=1609348, stack(0x0000010f0ea00000,0x0000010f0eb00000)]
  0x000002eef98f5000 JavaThread "Timer-118257" [_thread_blocked, id=1613592, stack(0x0000010f0e900000,0x0000010f0ea00000)]
  0x000002eef98e8800 JavaThread "Timer-118256" [_thread_blocked, id=1614844, stack(0x0000010f0e800000,0x0000010f0e900000)]
  0x000002eef98ef800 JavaThread "Timer-118255" [_thread_blocked, id=1614840, stack(0x0000010f0e700000,0x0000010f0e800000)]
  0x000002eef98ea000 JavaThread "Timer-118254" [_thread_blocked, id=1614836, stack(0x0000010f0e600000,0x0000010f0e700000)]
  0x000002eef98ee000 JavaThread "Timer-118253" [_thread_blocked, id=1614832, stack(0x0000010f0e500000,0x0000010f0e600000)]
  0x000002eef98ef000 JavaThread "Timer-118252" [_thread_blocked, id=1614828, stack(0x0000010f0e400000,0x0000010f0e500000)]
  0x000002eef98e6800 JavaThread "Timer-118251" [_thread_blocked, id=1614824, stack(0x0000010f0e300000,0x0000010f0e400000)]
  0x000002eef98e7000 JavaThread "Timer-118250" [_thread_blocked, id=1614816, stack(0x0000010f0e200000,0x0000010f0e300000)]
  0x000002eef98e9800 JavaThread "Timer-118249" [_thread_blocked, id=1614812, stack(0x0000010f0e100000,0x0000010f0e200000)]
  0x000002eef98e8000 JavaThread "Timer-118248" [_thread_blocked, id=1614808, stack(0x0000010f0e000000,0x0000010f0e100000)]
  0x000002eef99df000 JavaThread "Timer-118247" [_thread_blocked, id=1614804, stack(0x0000010f0df00000,0x0000010f0e000000)]
  0x000002eef99e0800 JavaThread "Timer-118246" [_thread_blocked, id=1614800, stack(0x0000010f0de00000,0x0000010f0df00000)]
  0x000002eef9159800 JavaThread "Timer-118245" [_thread_blocked, id=1614796, stack(0x0000010f0dd00000,0x0000010f0de00000)]
  0x000002eef915f000 JavaThread "Timer-118244" [_thread_blocked, id=1614792, stack(0x0000010f0dc00000,0x0000010f0dd00000)]
  0x000002eef915d000 JavaThread "Timer-118243" [_thread_blocked, id=1614788, stack(0x0000010f0db00000,0x0000010f0dc00000)]
  0x000002eef915d800 JavaThread "Timer-118242" [_thread_blocked, id=1614784, stack(0x0000010f0da00000,0x0000010f0db00000)]
  0x000002eef915c000 JavaThread "Timer-118241" [_thread_blocked, id=1614780, stack(0x0000010f0d900000,0x0000010f0da00000)]
  0x000002eef915b000 JavaThread "Timer-118240" [_thread_blocked, id=1614776, stack(0x0000010f0d800000,0x0000010f0d900000)]
  0x000002eef9160000 JavaThread "Timer-118239" [_thread_blocked, id=1614772, stack(0x0000010f0d700000,0x0000010f0d800000)]
  0x000002eef915a800 JavaThread "Timer-118238" [_thread_blocked, id=1614768, stack(0x0000010f0d600000,0x0000010f0d700000)]
  0x000002eef915e800 JavaThread "Timer-118237" [_thread_blocked, id=1614764, stack(0x0000010f0d500000,0x0000010f0d600000)]
  0x000002eef9152000 JavaThread "Timer-118236" [_thread_blocked, id=1614760, stack(0x0000010f0d400000,0x0000010f0d500000)]
  0x000002eef9622800 JavaThread "Timer-118235" [_thread_blocked, id=1614756, stack(0x0000010f0d300000,0x0000010f0d400000)]
  0x000002eef961e800 JavaThread "Timer-118234" [_thread_blocked, id=1614752, stack(0x0000010f0d200000,0x0000010f0d300000)]
  0x000002eef9621800 JavaThread "Timer-118233" [_thread_blocked, id=1614748, stack(0x0000010f0d100000,0x0000010f0d200000)]
  0x000002eef961b800 JavaThread "Timer-118232" [_thread_blocked, id=1614744, stack(0x0000010f0d000000,0x0000010f0d100000)]
  0x000002eef961c000 JavaThread "Timer-118231" [_thread_blocked, id=1614740, stack(0x0000010f0cf00000,0x0000010f0d000000)]
  0x000002eef9620000 JavaThread "Timer-118230" [_thread_blocked, id=1614736, stack(0x0000010f0ce00000,0x0000010f0cf00000)]
  0x000002eef961d800 JavaThread "Timer-118229" [_thread_blocked, id=1614732, stack(0x0000010f0cd00000,0x0000010f0ce00000)]
  0x000002eef9614000 JavaThread "Timer-118228" [_thread_blocked, id=1614728, stack(0x0000010f0cc00000,0x0000010f0cd00000)]
  0x000002eef9617000 JavaThread "Timer-118227" [_thread_blocked, id=1614724, stack(0x0000010f0cb00000,0x0000010f0cc00000)]
  0x000002eef9616000 JavaThread "Timer-118226" [_thread_blocked, id=1614720, stack(0x0000010f0ca00000,0x0000010f0cb00000)]
  0x000002eef961a800 JavaThread "Timer-118225" [_thread_blocked, id=1614716, stack(0x0000010f0c900000,0x0000010f0ca00000)]
  0x000002eef9614800 JavaThread "Timer-118224" [_thread_blocked, id=1614712, stack(0x0000010f0c800000,0x0000010f0c900000)]
  0x000002eef9619000 JavaThread "Timer-118223" [_thread_blocked, id=1614708, stack(0x0000010f0c700000,0x0000010f0c800000)]
  0x000002eef9618800 JavaThread "Timer-118222" [_thread_blocked, id=1614704, stack(0x0000010f0c600000,0x0000010f0c700000)]
  0x000002eef961a000 JavaThread "Timer-118221" [_thread_blocked, id=1614700, stack(0x0000010f0c500000,0x0000010f0c600000)]
  0x000002eef9612800 JavaThread "Timer-118220" [_thread_blocked, id=1614696, stack(0x0000010f0c400000,0x0000010f0c500000)]
  0x000002eef9617800 JavaThread "Timer-118219" [_thread_blocked, id=1614692, stack(0x0000010f0c300000,0x0000010f0c400000)]
  0x000002eef8e7b000 JavaThread "Timer-118218" [_thread_blocked, id=1614688, stack(0x0000010f0c200000,0x0000010f0c300000)]
  0x000002eef8e78000 JavaThread "Timer-118217" [_thread_blocked, id=1614684, stack(0x0000010f0c100000,0x0000010f0c200000)]
  0x000002eef8e7c800 JavaThread "Timer-118216" [_thread_blocked, id=1614680, stack(0x0000010f0c000000,0x0000010f0c100000)]
  0x000002eef8e74800 JavaThread "Timer-118215" [_thread_blocked, id=1614676, stack(0x0000010f0bf00000,0x0000010f0c000000)]
  0x000002eef8e73800 JavaThread "Timer-118214" [_thread_blocked, id=1614672, stack(0x0000010f0be00000,0x0000010f0bf00000)]
  0x000002eef8e73000 JavaThread "Timer-118213" [_thread_blocked, id=1614668, stack(0x0000010f0bd00000,0x0000010f0be00000)]
  0x000002eef8e71800 JavaThread "Timer-118212" [_thread_blocked, id=1614664, stack(0x0000010f0bc00000,0x0000010f0bd00000)]
  0x000002eef9615800 JavaThread "Timer-118211" [_thread_blocked, id=1614660, stack(0x0000010f0bb00000,0x0000010f0bc00000)]
  0x000002eef9613000 JavaThread "Timer-118210" [_thread_blocked, id=1614656, stack(0x0000010f0ba00000,0x0000010f0bb00000)]
  0x000002eef960b000 JavaThread "Timer-118209" [_thread_blocked, id=1614652, stack(0x0000010f0b900000,0x0000010f0ba00000)]
  0x000002eef9611800 JavaThread "Timer-118208" [_thread_blocked, id=1614648, stack(0x0000010f0b800000,0x0000010f0b900000)]
  0x000002eef9506800 JavaThread "Timer-118207" [_thread_blocked, id=1614644, stack(0x0000010f0b700000,0x0000010f0b800000)]
  0x000002eef9507000 JavaThread "Timer-118206" [_thread_blocked, id=1614640, stack(0x0000010f0b600000,0x0000010f0b700000)]
  0x000002eef9505000 JavaThread "Timer-118205" [_thread_blocked, id=1614636, stack(0x0000010f0b500000,0x0000010f0b600000)]
  0x000002eef9505800 JavaThread "Timer-118204" [_thread_blocked, id=1614632, stack(0x0000010f0b400000,0x0000010f0b500000)]
  0x000002eef9508000 JavaThread "Timer-118203" [_thread_blocked, id=1614628, stack(0x0000010f0b300000,0x0000010f0b400000)]
  0x000002eef94fd800 JavaThread "Timer-118202" [_thread_blocked, id=1614624, stack(0x0000010f0b200000,0x0000010f0b300000)]
  0x000002eef94fc000 JavaThread "Timer-118201" [_thread_blocked, id=1614620, stack(0x0000010f0b100000,0x0000010f0b200000)]
  0x000002eef94fc800 JavaThread "Timer-118200" [_thread_blocked, id=1614616, stack(0x0000010f0b000000,0x0000010f0b100000)]
  0x000002eef9500800 JavaThread "Timer-118199" [_thread_blocked, id=1614612, stack(0x0000010f0af00000,0x0000010f0b000000)]
  0x000002eef9502800 JavaThread "Timer-118198" [_thread_blocked, id=1614608, stack(0x0000010f0ae00000,0x0000010f0af00000)]
  0x000002eef9501000 JavaThread "Timer-118197" [_thread_blocked, id=1614604, stack(0x0000010f0ad00000,0x0000010f0ae00000)]
  0x000002eef94fe000 JavaThread "Timer-118196" [_thread_blocked, id=1614600, stack(0x0000010f0ac00000,0x0000010f0ad00000)]
  0x000002eef94ff800 JavaThread "Timer-118195" [_thread_blocked, id=1614596, stack(0x0000010f0ab00000,0x0000010f0ac00000)]
  0x000002eef94ff000 JavaThread "Timer-118194" [_thread_blocked, id=1614592, stack(0x0000010f0aa00000,0x0000010f0ab00000)]
  0x000002eef94f4800 JavaThread "Timer-118193" [_thread_blocked, id=1614588, stack(0x0000010f0a900000,0x0000010f0aa00000)]
  0x000002eef94fb000 JavaThread "Timer-118192" [_thread_blocked, id=1614584, stack(0x0000010f0a800000,0x0000010f0a900000)]
  0x000002eef94fa800 JavaThread "Timer-118191" [_thread_blocked, id=1614580, stack(0x0000010f0a700000,0x0000010f0a800000)]
  0x000002eef94f9800 JavaThread "Timer-118190" [_thread_blocked, id=1614576, stack(0x0000010f0a600000,0x0000010f0a700000)]
  0x000002eef94f2000 JavaThread "Timer-118189" [_thread_blocked, id=1614572, stack(0x0000010f0a500000,0x0000010f0a600000)]
  0x000002eef94f8000 JavaThread "Timer-118188" [_thread_blocked, id=1614568, stack(0x0000010f0a400000,0x0000010f0a500000)]
  0x000002eef94f7800 JavaThread "Timer-118187" [_thread_blocked, id=1614564, stack(0x0000010f0a300000,0x0000010f0a400000)]
  0x000002eef9611000 JavaThread "Timer-118186" [_thread_blocked, id=1614560, stack(0x0000010f0a200000,0x0000010f0a300000)]
  0x000002eef9159000 JavaThread "Timer-118185" [_thread_blocked, id=1614556, stack(0x0000010f0a100000,0x0000010f0a200000)]
  0x000002eef8e70800 JavaThread "Timer-118184" [_thread_blocked, id=1614552, stack(0x0000010f0a000000,0x0000010f0a100000)]
  0x000002eef8e76000 JavaThread "Timer-118183" [_thread_blocked, id=1614548, stack(0x0000010f09f00000,0x0000010f0a000000)]
  0x000002eef8e77800 JavaThread "Timer-118182" [_thread_blocked, id=1614544, stack(0x0000010f09e00000,0x0000010f09f00000)]
  0x000002eef94f9000 JavaThread "Timer-118181" [_thread_blocked, id=1614540, stack(0x0000010f09d00000,0x0000010f09e00000)]
  0x000002eef94f6800 JavaThread "Timer-118180" [_thread_blocked, id=1614536, stack(0x0000010f09c00000,0x0000010f09d00000)]
  0x000002eef94f3000 JavaThread "Timer-118179" [_thread_blocked, id=1614532, stack(0x0000010f09b00000,0x0000010f09c00000)]
  0x000002eef94f6000 JavaThread "Timer-118178" [_thread_blocked, id=1614528, stack(0x0000010f09a00000,0x0000010f09b00000)]
  0x000002eef9151800 JavaThread "Timer-118177" [_thread_blocked, id=1614524, stack(0x0000010f09900000,0x0000010f09a00000)]
  0x000002eef9310000 JavaThread "Timer-118176" [_thread_blocked, id=1614520, stack(0x0000010f09800000,0x0000010f09900000)]
  0x000002eef930d800 JavaThread "Timer-118175" [_thread_blocked, id=1614516, stack(0x0000010f09700000,0x0000010f09800000)]
  0x000002eef930d000 JavaThread "Timer-118174" [_thread_blocked, id=1614512, stack(0x0000010f09600000,0x0000010f09700000)]
  0x000002eef9302800 JavaThread "Timer-118173" [_thread_blocked, id=1614508, stack(0x0000010f09500000,0x0000010f09600000)]
  0x000002eef9309000 JavaThread "Timer-118172" [_thread_blocked, id=1614504, stack(0x0000010f09400000,0x0000010f09500000)]
  0x000002eef9308800 JavaThread "Timer-118171" [_thread_blocked, id=1614500, stack(0x0000010f09300000,0x0000010f09400000)]
  0x000002eef98ed000 JavaThread "Timer-118170" [_thread_blocked, id=1614496, stack(0x0000010f09200000,0x0000010f09300000)]
  0x000002eef98eb800 JavaThread "Timer-118169" [_thread_blocked, id=1614492, stack(0x0000010f09100000,0x0000010f09200000)]
  0x000002eef98ec800 JavaThread "Timer-118168" [_thread_blocked, id=1614488, stack(0x0000010f09000000,0x0000010f09100000)]
  0x000002eef98e5800 JavaThread "Timer-118167" [_thread_blocked, id=1614484, stack(0x0000010f08f00000,0x0000010f09000000)]
  0x000002eef98eb000 JavaThread "Timer-118166" [_thread_blocked, id=1614480, stack(0x0000010f08e00000,0x0000010f08f00000)]
  0x000002eef98de000 JavaThread "Timer-118165" [_thread_blocked, id=1614476, stack(0x0000010f08d00000,0x0000010f08e00000)]
  0x000002eef98e4000 JavaThread "Timer-118164" [_thread_blocked, id=1614472, stack(0x0000010f08c00000,0x0000010f08d00000)]
  0x000002eef98e3800 JavaThread "Timer-118163" [_thread_blocked, id=1614468, stack(0x0000010f08b00000,0x0000010f08c00000)]
  0x000002eef98e0800 JavaThread "Timer-118162" [_thread_blocked, id=1614464, stack(0x0000010f08a00000,0x0000010f08b00000)]
  0x000002eef98e2800 JavaThread "Timer-118161" [_thread_blocked, id=1614460, stack(0x0000010f08900000,0x0000010f08a00000)]
  0x000002eef98e2000 JavaThread "Timer-118160" [_thread_blocked, id=1614456, stack(0x0000010f08800000,0x0000010f08900000)]
  0x000002eef98e5000 JavaThread "Timer-118159" [_thread_blocked, id=1614452, stack(0x0000010f08700000,0x0000010f08800000)]
  0x000002eef98e1000 JavaThread "Timer-118158" [_thread_blocked, id=1614448, stack(0x0000010f08600000,0x0000010f08700000)]
  0x000002eef98d9000 JavaThread "Timer-118157" [_thread_blocked, id=1614444, stack(0x0000010f08500000,0x0000010f08600000)]
  0x000002eef98df800 JavaThread "Timer-118156" [_thread_blocked, id=1614428, stack(0x0000010f08400000,0x0000010f08500000)]
  0x000002eef98dc800 JavaThread "Timer-118155" [_thread_blocked, id=1614424, stack(0x0000010f08300000,0x0000010f08400000)]
  0x000002eef98d9800 JavaThread "Timer-118154" [_thread_blocked, id=1614420, stack(0x0000010f08200000,0x0000010f08300000)]
  0x000002eef98db000 JavaThread "Timer-118153" [_thread_blocked, id=1614416, stack(0x0000010f08100000,0x0000010f08200000)]
  0x000002eef98d8000 JavaThread "Timer-118152" [_thread_blocked, id=1614412, stack(0x0000010f08000000,0x0000010f08100000)]
  0x000002eef98df000 JavaThread "Timer-118151" [_thread_blocked, id=1614408, stack(0x0000010f07f00000,0x0000010f08000000)]
  0x000002eef98dd800 JavaThread "Timer-118150" [_thread_blocked, id=1614392, stack(0x0000010f07e00000,0x0000010f07f00000)]
  0x000002eef98dc000 JavaThread "Timer-118149" [_thread_blocked, id=1614384, stack(0x0000010f07d00000,0x0000010f07e00000)]
  0x000002eef98da800 JavaThread "Timer-118148" [_thread_blocked, id=1614380, stack(0x0000010f07c00000,0x0000010f07d00000)]
  0x000002eef98d0800 JavaThread "Timer-118147" [_thread_blocked, id=1614376, stack(0x0000010f07b00000,0x0000010f07c00000)]
  0x000002eef98d7800 JavaThread "Timer-118146" [_thread_blocked, id=1614372, stack(0x0000010f07a00000,0x0000010f07b00000)]
  0x000002eef98d6800 JavaThread "Timer-118145" [_thread_blocked, id=1614368, stack(0x0000010f07900000,0x0000010f07a00000)]
  0x000002eef98d6000 JavaThread "Timer-118144" [_thread_blocked, id=1614364, stack(0x0000010f07800000,0x0000010f07900000)]
  0x000002eef98ce800 JavaThread "Timer-118143" [_thread_blocked, id=1614360, stack(0x0000010f07700000,0x0000010f07800000)]
  0x000002eef98d5000 JavaThread "Timer-118142" [_thread_blocked, id=1614356, stack(0x0000010f07600000,0x0000010f07700000)]
  0x000002eef98d4800 JavaThread "Timer-118141" [_thread_blocked, id=1614352, stack(0x0000010f07500000,0x0000010f07600000)]
  0x000002eef98d3800 JavaThread "Timer-118140" [_thread_blocked, id=1614348, stack(0x0000010f07400000,0x0000010f07500000)]
  0x000002eef98d3000 JavaThread "Timer-118139" [_thread_blocked, id=1614344, stack(0x0000010f07300000,0x0000010f07400000)]
  0x000002eef98d0000 JavaThread "Timer-118138" [_thread_blocked, id=1614340, stack(0x0000010f07200000,0x0000010f07300000)]
  0x000002eef98cf000 JavaThread "Timer-118137" [_thread_blocked, id=1614336, stack(0x0000010f07100000,0x0000010f07200000)]
  0x000002eef98d2000 JavaThread "Timer-118136" [_thread_blocked, id=1614332, stack(0x0000010f07000000,0x0000010f07100000)]
  0x000002eef98d1800 JavaThread "Timer-118135" [_thread_blocked, id=1614328, stack(0x0000010f06f00000,0x0000010f07000000)]
  0x000002eef98c7000 JavaThread "Timer-118134" [_thread_blocked, id=1614324, stack(0x0000010f06e00000,0x0000010f06f00000)]
  0x000002eef98cd800 JavaThread "Timer-118133" [_thread_blocked, id=1614320, stack(0x0000010f06d00000,0x0000010f06e00000)]
  0x000002eef98c6000 JavaThread "Timer-118132" [_thread_blocked, id=1614316, stack(0x0000010f06c00000,0x0000010f06d00000)]
  0x000002eef98cd000 JavaThread "Timer-118131" [_thread_blocked, id=1614312, stack(0x0000010f06b00000,0x0000010f06c00000)]
  0x000002eef98c5800 JavaThread "Timer-118130" [_thread_blocked, id=1614308, stack(0x0000010f06a00000,0x0000010f06b00000)]
  0x000002eef98cc000 JavaThread "Timer-118129" [_thread_blocked, id=1614304, stack(0x0000010f06900000,0x0000010f06a00000)]
  0x000002eef98cb800 JavaThread "Timer-118128" [_thread_blocked, id=1614300, stack(0x0000010f06800000,0x0000010f06900000)]
  0x000002eef98c9000 JavaThread "Timer-118127" [_thread_blocked, id=1614296, stack(0x0000010f06700000,0x0000010f06800000)]
  0x000002eef98ca800 JavaThread "Timer-118126" [_thread_blocked, id=1614292, stack(0x0000010f06600000,0x0000010f06700000)]
  0x000002eef98c8800 JavaThread "Timer-118125" [_thread_blocked, id=1614288, stack(0x0000010f06500000,0x0000010f06600000)]
  0x000002eef98c7800 JavaThread "Timer-118124" [_thread_blocked, id=1614284, stack(0x0000010f06400000,0x0000010f06500000)]
  0x000002eef98ca000 JavaThread "Timer-118123" [_thread_blocked, id=1614280, stack(0x0000010f06300000,0x0000010f06400000)]
  0x000002eef912e000 JavaThread "Timer-118122" [_thread_blocked, id=1614276, stack(0x0000010f06200000,0x0000010f06300000)]
  0x000002eef912d800 JavaThread "Timer-118121" [_thread_blocked, id=1614268, stack(0x0000010f06100000,0x0000010f06200000)]
  0x000002eef912c800 JavaThread "Timer-118120" [_thread_blocked, id=1614264, stack(0x0000010f06000000,0x0000010f06100000)]
  0x000002eef912c000 JavaThread "Timer-118119" [_thread_blocked, id=1614260, stack(0x0000010f05f00000,0x0000010f06000000)]
  0x000002eef912b000 JavaThread "Timer-118118" [_thread_blocked, id=1614256, stack(0x0000010f05e00000,0x0000010f05f00000)]
  0x000002eef912a800 JavaThread "Timer-118117" [_thread_blocked, id=1614252, stack(0x0000010f05d00000,0x0000010f05e00000)]
  0x000002eef9123000 JavaThread "Timer-118116" [_thread_blocked, id=1614248, stack(0x0000010f05c00000,0x0000010f05d00000)]
  0x000002eef9129800 JavaThread "Timer-118115" [_thread_blocked, id=1614244, stack(0x0000010f05b00000,0x0000010f05c00000)]
  0x000002eef9128000 JavaThread "Timer-118114" [_thread_blocked, id=1614240, stack(0x0000010f05a00000,0x0000010f05b00000)]
  0x000002eef9127800 JavaThread "Timer-118113" [_thread_blocked, id=1614236, stack(0x0000010f05900000,0x0000010f05a00000)]
  0x000002eef9122000 JavaThread "Timer-118112" [_thread_blocked, id=1614232, stack(0x0000010f05800000,0x0000010f05900000)]
  0x000002eef9129000 JavaThread "Timer-118111" [_thread_blocked, id=1614228, stack(0x0000010f05700000,0x0000010f05800000)]
  0x000002eef9123800 JavaThread "Timer-118110" [_thread_blocked, id=1614224, stack(0x0000010f05600000,0x0000010f05700000)]
  0x000002eef9120800 JavaThread "Timer-118109" [_thread_blocked, id=1614220, stack(0x0000010f05500000,0x0000010f05600000)]
  0x000002eef9126800 JavaThread "Timer-118108" [_thread_blocked, id=1614216, stack(0x0000010f05400000,0x0000010f05500000)]
  0x000002eef9125000 JavaThread "Timer-118107" [_thread_blocked, id=1614212, stack(0x0000010f05300000,0x0000010f05400000)]
  0x000002eef9120000 JavaThread "Timer-118106" [_thread_blocked, id=1614208, stack(0x0000010f05200000,0x0000010f05300000)]
  0x000002eef9124800 JavaThread "Timer-118105" [_thread_blocked, id=1614204, stack(0x0000010f05100000,0x0000010f05200000)]
  0x000002eef9609800 JavaThread "Timer-118104" [_thread_blocked, id=1614200, stack(0x0000010f05000000,0x0000010f05100000)]
  0x000002eef960e000 JavaThread "Timer-118103" [_thread_blocked, id=1614196, stack(0x0000010f04f00000,0x0000010f05000000)]
  0x000002eef9307000 JavaThread "Timer-118102" [_thread_blocked, id=1614192, stack(0x0000010f04e00000,0x0000010f04f00000)]
  0x000002eef960f800 JavaThread "Timer-118101" [_thread_blocked, id=1614188, stack(0x0000010f04d00000,0x0000010f04e00000)]
  0x000002eef9610000 JavaThread "Timer-118100" [_thread_blocked, id=1614184, stack(0x0000010f04c00000,0x0000010f04d00000)]
  0x000002eef960d000 JavaThread "Timer-118099" [_thread_blocked, id=1614180, stack(0x0000010f04b00000,0x0000010f04c00000)]
  0x000002eef9608000 JavaThread "Timer-118098" [_thread_blocked, id=1614176, stack(0x0000010f04a00000,0x0000010f04b00000)]
  0x000002eef960a000 JavaThread "Timer-118097" [_thread_blocked, id=1614172, stack(0x0000010f04900000,0x0000010f04a00000)]
  0x000002eef9608800 JavaThread "Timer-118096" [_thread_blocked, id=1614168, stack(0x0000010f04800000,0x0000010f04900000)]
  0x000002eef960e800 JavaThread "Timer-118095" [_thread_blocked, id=1614164, stack(0x0000010f04700000,0x0000010f04800000)]
  0x000002eef960c800 JavaThread "Timer-118094" [_thread_blocked, id=1614160, stack(0x0000010f04600000,0x0000010f04700000)]
  0x000002eef9607000 JavaThread "Timer-118093" [_thread_blocked, id=1614156, stack(0x0000010f04500000,0x0000010f04600000)]
  0x000002eef960b800 JavaThread "Timer-118092" [_thread_blocked, id=1614152, stack(0x0000010f04400000,0x0000010f04500000)]
  0x000002eef95ff800 JavaThread "Timer-118091" [_thread_blocked, id=1614148, stack(0x0000010f04300000,0x0000010f04400000)]
  0x000002eef9606800 JavaThread "Timer-118090" [_thread_blocked, id=1614144, stack(0x0000010f04200000,0x0000010f04300000)]
  0x000002eef95ff000 JavaThread "Timer-118089" [_thread_blocked, id=1614140, stack(0x0000010f04100000,0x0000010f04200000)]
  0x000002eef9605000 JavaThread "Timer-118088" [_thread_blocked, id=1614136, stack(0x0000010f04000000,0x0000010f04100000)]
  0x000002eef9604000 JavaThread "Timer-118087" [_thread_blocked, id=1614132, stack(0x0000010f03f00000,0x0000010f04000000)]
  0x000002eef9605800 JavaThread "Timer-118086" [_thread_blocked, id=1614128, stack(0x0000010f03e00000,0x0000010f03f00000)]
  0x000002eef9602800 JavaThread "Timer-118085" [_thread_blocked, id=1614120, stack(0x0000010f03d00000,0x0000010f03e00000)]
  0x000002eef9601000 JavaThread "Timer-118084" [_thread_blocked, id=1614116, stack(0x0000010f03c00000,0x0000010f03d00000)]
  0x000002eef9603800 JavaThread "Timer-118083" [_thread_blocked, id=1614112, stack(0x0000010f03b00000,0x0000010f03c00000)]
  0x000002eef95fe000 JavaThread "Timer-118082" [_thread_blocked, id=1614108, stack(0x0000010f03a00000,0x0000010f03b00000)]
  0x000002eef9602000 JavaThread "Timer-118081" [_thread_blocked, id=1614104, stack(0x0000010f03900000,0x0000010f03a00000)]
  0x000002eef9600800 JavaThread "Timer-118080" [_thread_blocked, id=1614100, stack(0x0000010f03800000,0x0000010f03900000)]
  0x000002eef95f6800 JavaThread "Timer-118079" [_thread_blocked, id=1614096, stack(0x0000010f03700000,0x0000010f03800000)]
  0x000002eef95fd800 JavaThread "Timer-118078" [_thread_blocked, id=1614092, stack(0x0000010f03600000,0x0000010f03700000)]
  0x000002eef95fc800 JavaThread "Timer-118077" [_thread_blocked, id=1614088, stack(0x0000010f03500000,0x0000010f03600000)]
  0x000002eef95fc000 JavaThread "Timer-118076" [_thread_blocked, id=1614084, stack(0x0000010f03400000,0x0000010f03500000)]
  0x000002eef95f4800 JavaThread "Timer-118075" [_thread_blocked, id=1614080, stack(0x0000010f03300000,0x0000010f03400000)]
  0x000002eef95f9800 JavaThread "Timer-118074" [_thread_blocked, id=1614076, stack(0x0000010f03200000,0x0000010f03300000)]
  0x000002eef95f9000 JavaThread "Timer-118073" [_thread_blocked, id=1614072, stack(0x0000010f03100000,0x0000010f03200000)]
  0x000002eef95f6000 JavaThread "Timer-118072" [_thread_blocked, id=1614068, stack(0x0000010f03000000,0x0000010f03100000)]
  0x000002eef95f5000 JavaThread "Timer-118071" [_thread_blocked, id=1614064, stack(0x0000010f02f00000,0x0000010f03000000)]
  0x000002eef95f8000 JavaThread "Timer-118070" [_thread_blocked, id=1614060, stack(0x0000010f02e00000,0x0000010f02f00000)]
  0x000002eef95fb000 JavaThread "Timer-118069" [_thread_blocked, id=1614056, stack(0x0000010f02d00000,0x0000010f02e00000)]
  0x000002eef95f7800 JavaThread "Timer-118068" [_thread_blocked, id=1614052, stack(0x0000010f02c00000,0x0000010f02d00000)]
  0x000002eef95fa800 JavaThread "Timer-118067" [_thread_blocked, id=1614048, stack(0x0000010f02b00000,0x0000010f02c00000)]
  0x000002eef962d800 JavaThread "Timer-118066" [_thread_blocked, id=1614044, stack(0x0000010f02a00000,0x0000010f02b00000)]
  0x000002eef9634800 JavaThread "Timer-118065" [_thread_blocked, id=1614040, stack(0x0000010f02900000,0x0000010f02a00000)]
  0x000002eef8e76800 JavaThread "Timer-118064" [_thread_blocked, id=1614036, stack(0x0000010f02800000,0x0000010f02900000)]
  0x000002eef8e75000 JavaThread "Timer-118063" [_thread_blocked, id=1614032, stack(0x0000010f02700000,0x0000010f02800000)]
  0x000002eef9156000 JavaThread "Timer-118062" [_thread_blocked, id=1614028, stack(0x0000010f02600000,0x0000010f02700000)]
  0x000002eef9155000 JavaThread "Timer-118061" [_thread_blocked, id=1614024, stack(0x0000010f02500000,0x0000010f02600000)]
  0x000002eef9158000 JavaThread "Timer-118060" [_thread_blocked, id=1614020, stack(0x0000010f02400000,0x0000010f02500000)]
  0x000002eef9157800 JavaThread "Timer-118059" [_thread_blocked, id=1614016, stack(0x0000010f02300000,0x0000010f02400000)]
  0x000002eef9156800 JavaThread "Timer-118058" [_thread_blocked, id=1614012, stack(0x0000010f02200000,0x0000010f02300000)]
  0x000002eef9153000 JavaThread "Timer-118057" [_thread_blocked, id=1614008, stack(0x0000010f02100000,0x0000010f02200000)]
  0x000002eef9154800 JavaThread "Timer-118056" [_thread_blocked, id=1614004, stack(0x0000010f02000000,0x0000010f02100000)]
  0x000002eef9153800 JavaThread "Timer-118055" [_thread_blocked, id=1614000, stack(0x0000010f01f00000,0x0000010f02000000)]
  0x000002eef914a000 JavaThread "Timer-118054" [_thread_blocked, id=1613996, stack(0x0000010f01e00000,0x0000010f01f00000)]
  0x000002eef9150800 JavaThread "Timer-118053" [_thread_blocked, id=1613992, stack(0x0000010f01d00000,0x0000010f01e00000)]
  0x000002eef9149000 JavaThread "Timer-118052" [_thread_blocked, id=1613988, stack(0x0000010f01c00000,0x0000010f01d00000)]
  0x000002eef914c000 JavaThread "Timer-118051" [_thread_blocked, id=1613984, stack(0x0000010f01b00000,0x0000010f01c00000)]
  0x000002eef914f000 JavaThread "Timer-118050" [_thread_blocked, id=1613980, stack(0x0000010f01a00000,0x0000010f01b00000)]
  0x000002eef914b800 JavaThread "Timer-118049" [_thread_blocked, id=1613976, stack(0x0000010f01900000,0x0000010f01a00000)]
  0x000002eef914a800 JavaThread "Timer-118048" [_thread_blocked, id=1613972, stack(0x0000010f01800000,0x0000010f01900000)]
  0x000002eef914d800 JavaThread "Timer-118047" [_thread_blocked, id=1613960, stack(0x0000010f01700000,0x0000010f01800000)]
  0x000002eef914e800 JavaThread "Timer-118046" [_thread_blocked, id=1613948, stack(0x0000010f01600000,0x0000010f01700000)]
  0x000002eef9150000 JavaThread "Timer-118045" [_thread_blocked, id=1613944, stack(0x0000010f01500000,0x0000010f01600000)]
  0x000002eef914d000 JavaThread "Timer-118044" [_thread_blocked, id=1613940, stack(0x0000010f01400000,0x0000010f01500000)]
  0x000002eef9141800 JavaThread "Timer-118043" [_thread_blocked, id=1613936, stack(0x0000010f01300000,0x0000010f01400000)]
  0x000002eef9144800 JavaThread "Timer-118042" [_thread_blocked, id=1613932, stack(0x0000010f01200000,0x0000010f01300000)]
  0x000002eef9142800 JavaThread "Timer-118041" [_thread_blocked, id=1613928, stack(0x0000010f01100000,0x0000010f01200000)]
  0x000002eef9148800 JavaThread "Timer-118040" [_thread_blocked, id=1613924, stack(0x0000010f01000000,0x0000010f01100000)]
  0x000002eef9146000 JavaThread "Timer-118039" [_thread_blocked, id=1613920, stack(0x0000010f00f00000,0x0000010f01000000)]
  0x000002eef911f000 JavaThread "Timer-118038" [_thread_blocked, id=1613916, stack(0x0000010f00e00000,0x0000010f00f00000)]
  0x000002eef9126000 JavaThread "Timer-118037" [_thread_blocked, id=1613912, stack(0x0000010f00d00000,0x0000010f00e00000)]
  0x000002eef9121800 JavaThread "Timer-118036" [_thread_blocked, id=1613908, stack(0x0000010f00c00000,0x0000010f00d00000)]
  0x000002eef911e800 JavaThread "Timer-118035" [_thread_blocked, id=1613904, stack(0x0000010f00b00000,0x0000010f00c00000)]
  0x000002eef911c000 JavaThread "Timer-118034" [_thread_blocked, id=1613900, stack(0x0000010f00a00000,0x0000010f00b00000)]
  0x000002eef911b800 JavaThread "Timer-118033" [_thread_blocked, id=1613896, stack(0x0000010f00900000,0x0000010f00a00000)]
  0x000002eef911d000 JavaThread "Timer-118032" [_thread_blocked, id=1613892, stack(0x0000010f00800000,0x0000010f00900000)]
  0x000002eef911d800 JavaThread "Timer-118031" [_thread_blocked, id=1613888, stack(0x0000010f00700000,0x0000010f00800000)]
  0x000002eef911a800 JavaThread "Timer-118030" [_thread_blocked, id=1613884, stack(0x0000010f00600000,0x0000010f00700000)]
  0x000002eef9113000 JavaThread "Timer-118029" [_thread_blocked, id=1613880, stack(0x0000010f00500000,0x0000010f00600000)]
  0x000002eef911a000 JavaThread "Timer-118028" [_thread_blocked, id=1613876, stack(0x0000010f00400000,0x0000010f00500000)]
  0x000002eef9112000 JavaThread "Timer-118027" [_thread_blocked, id=1613872, stack(0x0000010f00300000,0x0000010f00400000)]
  0x000002eef9119000 JavaThread "Timer-118026" [_thread_blocked, id=1613868, stack(0x0000010f00200000,0x0000010f00300000)]
  0x000002eef9630800 JavaThread "Timer-118025" [_thread_blocked, id=1613864, stack(0x0000010f00100000,0x0000010f00200000)]
  0x000002eef962f000 JavaThread "Timer-118024" [_thread_blocked, id=1613860, stack(0x0000010f00000000,0x0000010f00100000)]
  0x000002eef962d000 JavaThread "Timer-118023" [_thread_blocked, id=1613856, stack(0x0000010efff00000,0x0000010f00000000)]
  0x000002eef9630000 JavaThread "Timer-118022" [_thread_blocked, id=1613852, stack(0x0000010effe00000,0x0000010efff00000)]
  0x000002eef9631800 JavaThread "Timer-118021" [_thread_blocked, id=1613848, stack(0x0000010effd00000,0x0000010effe00000)]
  0x000002eef962e800 JavaThread "Timer-118020" [_thread_blocked, id=1613844, stack(0x0000010effc00000,0x0000010effd00000)]
  0x000002eef9633000 JavaThread "Timer-118019" [_thread_blocked, id=1613840, stack(0x0000010effb00000,0x0000010effc00000)]
  0x000002eef9633800 JavaThread "Timer-118018" [_thread_blocked, id=1613836, stack(0x0000010effa00000,0x0000010effb00000)]
  0x000002eef9111800 JavaThread "Timer-118017" [_thread_blocked, id=1613832, stack(0x0000010eff900000,0x0000010effa00000)]
  0x000002eef9118800 JavaThread "Timer-118016" [_thread_blocked, id=1613828, stack(0x0000010eff800000,0x0000010eff900000)]
  0x000002eef9117800 JavaThread "Timer-118015" [_thread_blocked, id=1553864, stack(0x0000010eff700000,0x0000010eff800000)]
  0x000002eef8e6d800 JavaThread "Timer-118014" [_thread_blocked, id=1605444, stack(0x0000010eff600000,0x0000010eff700000)]
  0x000002eef8e70000 JavaThread "Timer-118013" [_thread_blocked, id=1554404, stack(0x0000010eff500000,0x0000010eff600000)]
  0x000002eef9110000 JavaThread "Timer-118012" [_thread_blocked, id=1602356, stack(0x0000010eff400000,0x0000010eff500000)]
  0x000002eef9117000 JavaThread "Timer-118011" [_thread_blocked, id=1606488, stack(0x0000010eff300000,0x0000010eff400000)]
  0x000002eef9115800 JavaThread "Timer-118010" [_thread_blocked, id=1608248, stack(0x0000010eff200000,0x0000010eff300000)]
  0x000002eef910f000 JavaThread "Timer-118009" [_thread_blocked, id=1609988, stack(0x0000010eff100000,0x0000010eff200000)]
  0x000002eef9116000 JavaThread "Timer-118008" [_thread_blocked, id=1495420, stack(0x0000010eff000000,0x0000010eff100000)]
  0x000002eef9113800 JavaThread "Timer-118007" [_thread_blocked, id=1572168, stack(0x0000010efef00000,0x0000010eff000000)]
  0x000002eef9110800 JavaThread "Timer-118006" [_thread_blocked, id=1572172, stack(0x0000010efee00000,0x0000010efef00000)]
  0x000002eef9114800 JavaThread "Timer-118005" [_thread_blocked, id=1613652, stack(0x0000010efeb00000,0x0000010efec00000)]
  0x000002eef9107800 JavaThread "Timer-118004" [_thread_blocked, id=1613648, stack(0x0000010efea00000,0x0000010efeb00000)]
  0x000002eef910e800 JavaThread "Timer-118003" [_thread_blocked, id=1613656, stack(0x0000010efe900000,0x0000010efea00000)]
  0x000002eef9107000 JavaThread "Timer-118002" [_thread_blocked, id=1613660, stack(0x0000010efe800000,0x0000010efe900000)]
  0x000002eef910d800 JavaThread "Timer-118001" [_thread_blocked, id=1613632, stack(0x0000010efe700000,0x0000010efe800000)]
  0x000002eef910d000 JavaThread "Timer-118000" [_thread_blocked, id=1613628, stack(0x0000010efe600000,0x0000010efe700000)]
  0x000002eef910b800 JavaThread "Timer-117999" [_thread_blocked, id=1613636, stack(0x0000010efe500000,0x0000010efe600000)]
  0x000002eef9109000 JavaThread "Timer-117998" [_thread_blocked, id=1613640, stack(0x0000010efe400000,0x0000010efe500000)]
  0x000002eef910c000 JavaThread "Timer-117997" [_thread_blocked, id=1613596, stack(0x0000010efe300000,0x0000010efe400000)]
  0x000002eef9106000 JavaThread "Timer-117996" [_thread_blocked, id=1613588, stack(0x0000010efe200000,0x0000010efe300000)]
  0x000002eef9632000 JavaThread "Timer-117995" [_thread_blocked, id=1613600, stack(0x0000010efe100000,0x0000010efe200000)]
  0x000002eef9626000 JavaThread "Timer-117994" [_thread_blocked, id=1584468, stack(0x0000010efe000000,0x0000010efe100000)]
  0x000002eef962c000 JavaThread "Timer-117993" [_thread_blocked, id=1501288, stack(0x0000010efdf00000,0x0000010efe000000)]
  0x000002eef962b800 JavaThread "Timer-117992" [_thread_blocked, id=1195048, stack(0x0000010efde00000,0x0000010efdf00000)]
  0x000002eef9624800 JavaThread "Timer-117991" [_thread_blocked, id=1457084, stack(0x0000010efdd00000,0x0000010efde00000)]
  0x000002eef962a800 JavaThread "Timer-117990" [_thread_blocked, id=1583132, stack(0x0000010efdc00000,0x0000010efdd00000)]
  0x000002eef962a000 JavaThread "Timer-117989" [_thread_blocked, id=1495184, stack(0x0000010efdb00000,0x0000010efdc00000)]
  0x000002eef9628800 JavaThread "Timer-117988" [_thread_blocked, id=1501108, stack(0x0000010efda00000,0x0000010efdb00000)]
  0x000002eef9627800 JavaThread "Timer-117987" [_thread_blocked, id=1613104, stack(0x0000010efd900000,0x0000010efda00000)]
  0x000002eef9627000 JavaThread "Timer-117986" [_thread_blocked, id=611968, stack(0x0000010efd800000,0x0000010efd900000)]
  0x000002eef9625800 JavaThread "Timer-117985" [_thread_blocked, id=611872, stack(0x0000010efd700000,0x0000010efd800000)]
  0x000002eef9629000 JavaThread "Timer-117984" [_thread_blocked, id=1605372, stack(0x0000010efd600000,0x0000010efd700000)]
  0x000002eef8ec8800 JavaThread "Timer-117983" [_thread_blocked, id=1604988, stack(0x0000010efd500000,0x0000010efd600000)]
  0x000002eef8ec8000 JavaThread "Timer-117982" [_thread_blocked, id=1580836, stack(0x0000010efd400000,0x0000010efd500000)]
  0x000002eef8ec7000 JavaThread "Timer-117981" [_thread_blocked, id=1613820, stack(0x0000010efd300000,0x0000010efd400000)]
  0x000002eef8ec6800 JavaThread "Timer-117980" [_thread_blocked, id=1613816, stack(0x0000010efd200000,0x0000010efd300000)]
  0x000002eef8ec5800 JavaThread "Timer-117979" [_thread_blocked, id=1613812, stack(0x0000010efd100000,0x0000010efd200000)]
  0x000002eef8ec5000 JavaThread "Timer-117978" [_thread_blocked, id=1613808, stack(0x0000010efd000000,0x0000010efd100000)]
  0x000002eef8ec9800 JavaThread "Timer-117977" [_thread_blocked, id=1613804, stack(0x0000010efcf00000,0x0000010efd000000)]
  0x000002eef8ebd800 JavaThread "Timer-117976" [_thread_blocked, id=1613800, stack(0x0000010efce00000,0x0000010efcf00000)]
  0x000002eef8ec4000 JavaThread "Timer-117975" [_thread_blocked, id=1613796, stack(0x0000010efcd00000,0x0000010efce00000)]
  0x000002eef8ebf000 JavaThread "Timer-117974" [_thread_blocked, id=1613792, stack(0x0000010efcc00000,0x0000010efcd00000)]
  0x000002eef8ec2800 JavaThread "Timer-117973" [_thread_blocked, id=1613788, stack(0x0000010efcb00000,0x0000010efcc00000)]
  0x000002eef8ec3800 JavaThread "Timer-117972" [_thread_blocked, id=1613784, stack(0x0000010efca00000,0x0000010efcb00000)]
  0x000002eef8ec2000 JavaThread "Timer-117971" [_thread_blocked, id=1613780, stack(0x0000010efc900000,0x0000010efca00000)]
  0x000002eef8eba800 JavaThread "Timer-117970" [_thread_blocked, id=1613776, stack(0x0000010efc800000,0x0000010efc900000)]
  0x000002eef8ec1000 JavaThread "Timer-117969" [_thread_blocked, id=1613772, stack(0x0000010efc700000,0x0000010efc800000)]
  0x000002eef8eb9800 JavaThread "Timer-117968" [_thread_blocked, id=1613768, stack(0x0000010efc600000,0x0000010efc700000)]
  0x000002eef8ebf800 JavaThread "Timer-117967" [_thread_blocked, id=1613764, stack(0x0000010efc500000,0x0000010efc600000)]
  0x000002eef8ebe000 JavaThread "Timer-117966" [_thread_blocked, id=1613760, stack(0x0000010efc400000,0x0000010efc500000)]
  0x000002eef8ebb000 JavaThread "Timer-117965" [_thread_blocked, id=1613756, stack(0x0000010efc300000,0x0000010efc400000)]
  0x000002eef8ec0800 JavaThread "Timer-117964" [_thread_blocked, id=1613752, stack(0x0000010efc200000,0x0000010efc300000)]
  0x000002eef8ebc000 JavaThread "Timer-117963" [_thread_blocked, id=1613748, stack(0x0000010efc100000,0x0000010efc200000)]
  0x000002eef8ebc800 JavaThread "Timer-117962" [_thread_blocked, id=1613744, stack(0x0000010efc000000,0x0000010efc100000)]
  0x000002eef8eb4000 JavaThread "Timer-117961" [_thread_blocked, id=1613740, stack(0x0000010efbf00000,0x0000010efc000000)]
  0x000002eef8eb3800 JavaThread "Timer-117960" [_thread_blocked, id=1613736, stack(0x0000010efbe00000,0x0000010efbf00000)]
  0x000002eef8eb2800 JavaThread "Timer-117959" [_thread_blocked, id=1613732, stack(0x0000010efbd00000,0x0000010efbe00000)]
  0x000002eef8eb2000 JavaThread "Timer-117958" [_thread_blocked, id=1613728, stack(0x0000010efbc00000,0x0000010efbd00000)]
  0x000002eef8eb9000 JavaThread "Timer-117957" [_thread_blocked, id=1613724, stack(0x0000010efbb00000,0x0000010efbc00000)]
  0x000002eef8eb5000 JavaThread "Timer-117956" [_thread_blocked, id=1613720, stack(0x0000010efba00000,0x0000010efbb00000)]
  0x000002eef8eb1000 JavaThread "Timer-117955" [_thread_blocked, id=1613716, stack(0x0000010efb900000,0x0000010efba00000)]
  0x000002eef8eb8000 JavaThread "Timer-117954" [_thread_blocked, id=1613712, stack(0x0000010efb800000,0x0000010efb900000)]
  0x000002eef8eb0800 JavaThread "Timer-117953" [_thread_blocked, id=1613708, stack(0x0000010efb700000,0x0000010efb800000)]
  0x000002eef8eb6800 JavaThread "Timer-117952" [_thread_blocked, id=1613704, stack(0x0000010efb600000,0x0000010efb700000)]
  0x000002eef8eb7800 JavaThread "Timer-117951" [_thread_blocked, id=1613700, stack(0x0000010efb500000,0x0000010efb600000)]
  0x000002eef8eb6000 JavaThread "Timer-117950" [_thread_blocked, id=1613696, stack(0x0000010efb400000,0x0000010efb500000)]
  0x000002eef8ea9000 JavaThread "Timer-117949" [_thread_blocked, id=1613692, stack(0x0000010efb300000,0x0000010efb400000)]
  0x000002eef8eaf800 JavaThread "Timer-117948" [_thread_blocked, id=1613688, stack(0x0000010efb200000,0x0000010efb300000)]
  0x000002eef8ea8000 JavaThread "Timer-117947" [_thread_blocked, id=1613684, stack(0x0000010efb100000,0x0000010efb200000)]
  0x000002eef8ea9800 JavaThread "Timer-117946" [_thread_blocked, id=1613676, stack(0x0000010efb000000,0x0000010efb100000)]
  0x000002eef8eaf000 JavaThread "Timer-117945" [_thread_blocked, id=1613672, stack(0x0000010efaf00000,0x0000010efb000000)]
  0x000002eef8eab000 JavaThread "Timer-117944" [_thread_blocked, id=1613668, stack(0x0000010efae00000,0x0000010efaf00000)]
  0x000002eef8eaa800 JavaThread "Timer-117943" [_thread_blocked, id=1613664, stack(0x0000010efad00000,0x0000010efae00000)]
  0x000002eef94f5000 JavaThread "Timer-117942" [_thread_blocked, id=1613624, stack(0x0000010efac00000,0x0000010efad00000)]
  0x000002eef94f3800 JavaThread "Timer-117941" [_thread_blocked, id=1613620, stack(0x0000010efab00000,0x0000010efac00000)]
  0x000002eef94ea800 JavaThread "Timer-117940" [_thread_blocked, id=1613616, stack(0x0000010efaa00000,0x0000010efab00000)]
  0x000002eef94f1800 JavaThread "Timer-117939" [_thread_blocked, id=1613612, stack(0x0000010efa900000,0x0000010efaa00000)]
  0x000002eef94ea000 JavaThread "Timer-117938" [_thread_blocked, id=1613608, stack(0x0000010efa800000,0x0000010efa900000)]
  0x000002eef94f0800 JavaThread "Timer-117937" [_thread_blocked, id=1613604, stack(0x0000010efa700000,0x0000010efa800000)]
  0x000002eef94eb800 JavaThread "Timer-117936" [_thread_blocked, id=1613584, stack(0x0000010efa600000,0x0000010efa700000)]
  0x000002eef94f0000 JavaThread "Timer-117935" [_thread_blocked, id=1613580, stack(0x0000010efa500000,0x0000010efa600000)]
  0x000002eef94ef000 JavaThread "Timer-117934" [_thread_blocked, id=1613576, stack(0x0000010efa400000,0x0000010efa500000)]
  0x000002eef94ee800 JavaThread "Timer-117933" [_thread_blocked, id=1613572, stack(0x0000010efa300000,0x0000010efa400000)]
  0x000002eef94ed800 JavaThread "Timer-117932" [_thread_blocked, id=1613568, stack(0x0000010efa200000,0x0000010efa300000)]
  0x000002eef94ed000 JavaThread "Timer-117931" [_thread_blocked, id=1613564, stack(0x0000010efa100000,0x0000010efa200000)]
  0x000002eef94ec000 JavaThread "Timer-117930" [_thread_blocked, id=1613560, stack(0x0000010efa000000,0x0000010efa100000)]
  0x000002eef94e2800 JavaThread "Timer-117929" [_thread_blocked, id=1613556, stack(0x0000010ef9f00000,0x0000010efa000000)]
  0x000002eef94e9000 JavaThread "Timer-117928" [_thread_blocked, id=1613552, stack(0x0000010ef9e00000,0x0000010ef9f00000)]
  0x000002eef94e8800 JavaThread "Timer-117927" [_thread_blocked, id=1613548, stack(0x0000010ef9d00000,0x0000010ef9e00000)]
  0x000002eef94e7800 JavaThread "Timer-117926" [_thread_blocked, id=1613544, stack(0x0000010ef9c00000,0x0000010ef9d00000)]
  0x000002eef94e7000 JavaThread "Timer-117925" [_thread_blocked, id=1613540, stack(0x0000010ef9b00000,0x0000010ef9c00000)]
  0x000002eef94e4800 JavaThread "Timer-117924" [_thread_blocked, id=1613536, stack(0x0000010ef9a00000,0x0000010ef9b00000)]
  0x000002eef94e0000 JavaThread "Timer-117923" [_thread_blocked, id=1613532, stack(0x0000010ef9900000,0x0000010ef9a00000)]
  0x000002eef94e5800 JavaThread "Timer-117922" [_thread_blocked, id=1613528, stack(0x0000010ef9800000,0x0000010ef9900000)]
  0x000002eef94e4000 JavaThread "Timer-117921" [_thread_blocked, id=1613524, stack(0x0000010ef9700000,0x0000010ef9800000)]
  0x000002eef94e6000 JavaThread "Timer-117920" [_thread_blocked, id=1613520, stack(0x0000010ef9600000,0x0000010ef9700000)]
  0x000002eef94de800 JavaThread "Timer-117919" [_thread_blocked, id=1613516, stack(0x0000010ef9500000,0x0000010ef9600000)]
  0x000002eef94de000 JavaThread "Timer-117918" [_thread_blocked, id=1613512, stack(0x0000010ef9400000,0x0000010ef9500000)]
  0x000002eef94dd000 JavaThread "Timer-117917" [_thread_blocked, id=1613508, stack(0x0000010ef9300000,0x0000010ef9400000)]
  0x000002eef94e1800 JavaThread "Timer-117916" [_thread_blocked, id=1613504, stack(0x0000010ef9200000,0x0000010ef9300000)]
  0x000002eef94dc800 JavaThread "Timer-117915" [_thread_blocked, id=1613500, stack(0x0000010ef9100000,0x0000010ef9200000)]
  0x000002eef94e3000 JavaThread "Timer-117914" [_thread_blocked, id=1613496, stack(0x0000010ef9000000,0x0000010ef9100000)]
  0x000002eef94df800 JavaThread "Timer-117913" [_thread_blocked, id=1613492, stack(0x0000010ef8f00000,0x0000010ef9000000)]
  0x000002eef94e1000 JavaThread "Timer-117912" [_thread_blocked, id=1613484, stack(0x0000010ef8e00000,0x0000010ef8f00000)]
  0x000002eef7fa3800 JavaThread "Timer-117911" [_thread_blocked, id=1613480, stack(0x0000010ef8d00000,0x0000010ef8e00000)]
  0x000002eef7fa2800 JavaThread "Timer-117910" [_thread_blocked, id=1613476, stack(0x0000010ef8c00000,0x0000010ef8d00000)]
  0x000002eef8e72000 JavaThread "Timer-117909" [_thread_blocked, id=1613472, stack(0x0000010ef8b00000,0x0000010ef8c00000)]
  0x000002eef8e6f000 JavaThread "Timer-117908" [_thread_blocked, id=1613468, stack(0x0000010ef8a00000,0x0000010ef8b00000)]
  0x000002eef8e6e800 JavaThread "Timer-117907" [_thread_blocked, id=1613464, stack(0x0000010ef8900000,0x0000010ef8a00000)]
  0x000002eef8e66000 JavaThread "Timer-117906" [_thread_blocked, id=1613460, stack(0x0000010ef8800000,0x0000010ef8900000)]
  0x000002eef8e6d000 JavaThread "Timer-117905" [_thread_blocked, id=1613456, stack(0x0000010ef8700000,0x0000010ef8800000)]
  0x000002eef8e65800 JavaThread "Timer-117904" [_thread_blocked, id=1613452, stack(0x0000010ef8600000,0x0000010ef8700000)]
  0x000002eef8e6c000 JavaThread "Timer-117903" [_thread_blocked, id=1613448, stack(0x0000010ef8500000,0x0000010ef8600000)]
  0x000002eef8e67800 JavaThread "Timer-117902" [_thread_blocked, id=1613444, stack(0x0000010ef8400000,0x0000010ef8500000)]
  0x000002eef8e6b800 JavaThread "Timer-117901" [_thread_blocked, id=1613440, stack(0x0000010ef8300000,0x0000010ef8400000)]
  0x000002eef8e64800 JavaThread "Timer-117900" [_thread_blocked, id=1613436, stack(0x0000010ef8200000,0x0000010ef8300000)]
  0x000002eef8e67000 JavaThread "Timer-117899" [_thread_blocked, id=1613432, stack(0x0000010ef8100000,0x0000010ef8200000)]
  0x000002eef8e69000 JavaThread "Timer-117898" [_thread_blocked, id=1613424, stack(0x0000010ef8000000,0x0000010ef8100000)]
  0x000002eef8e68800 JavaThread "Timer-117897" [_thread_blocked, id=1613420, stack(0x0000010ef7f00000,0x0000010ef8000000)]
  0x000002eef8e6a000 JavaThread "Timer-117896" [_thread_blocked, id=1613416, stack(0x0000010ef7e00000,0x0000010ef7f00000)]
  0x000002eef8e63800 JavaThread "Timer-117895" [_thread_blocked, id=1613412, stack(0x0000010ef7d00000,0x0000010ef7e00000)]
  0x000002eef8e6a800 JavaThread "Timer-117894" [_thread_blocked, id=1613408, stack(0x0000010ef7c00000,0x0000010ef7d00000)]
  0x000002eef8e5c000 JavaThread "Timer-117893" [_thread_blocked, id=1613404, stack(0x0000010ef7b00000,0x0000010ef7c00000)]
  0x000002eef8e63000 JavaThread "Timer-117892" [_thread_blocked, id=1613400, stack(0x0000010ef7a00000,0x0000010ef7b00000)]
  0x000002eef8e5b800 JavaThread "Timer-117891" [_thread_blocked, id=1613396, stack(0x0000010ef7900000,0x0000010ef7a00000)]
  0x000002eef8e62000 JavaThread "Timer-117890" [_thread_blocked, id=1613392, stack(0x0000010ef7800000,0x0000010ef7900000)]
  0x000002eef8e5a800 JavaThread "Timer-117889" [_thread_blocked, id=1613388, stack(0x0000010ef7700000,0x0000010ef7800000)]
  0x000002eef8e61800 JavaThread "Timer-117888" [_thread_blocked, id=1613384, stack(0x0000010ef7600000,0x0000010ef7700000)]
  0x000002eef8e5a000 JavaThread "Timer-117887" [_thread_blocked, id=1613380, stack(0x0000010ef7500000,0x0000010ef7600000)]
  0x000002eef8e5d800 JavaThread "Timer-117886" [_thread_blocked, id=1613376, stack(0x0000010ef7400000,0x0000010ef7500000)]
  0x000002eef9306000 JavaThread "Timer-117885" [_thread_blocked, id=1613372, stack(0x0000010ef7300000,0x0000010ef7400000)]
  0x000002eef9307800 JavaThread "Timer-117884" [_thread_blocked, id=1613368, stack(0x0000010ef7200000,0x0000010ef7300000)]
  0x000002eef9301800 JavaThread "Timer-117883" [_thread_blocked, id=1613364, stack(0x0000010ef7100000,0x0000010ef7200000)]
  0x000002eef9305800 JavaThread "Timer-117882" [_thread_blocked, id=1613360, stack(0x0000010ef7000000,0x0000010ef7100000)]
  0x000002eef9304000 JavaThread "Timer-117881" [_thread_blocked, id=1613356, stack(0x0000010ef6f00000,0x0000010ef7000000)]
  0x000002eef9304800 JavaThread "Timer-117880" [_thread_blocked, id=1613352, stack(0x0000010ef6e00000,0x0000010ef6f00000)]
  0x000002eef9303000 JavaThread "Timer-117879" [_thread_blocked, id=1613348, stack(0x0000010ef6d00000,0x0000010ef6e00000)]
  0x000002eef9301000 JavaThread "Timer-117878" [_thread_blocked, id=1613344, stack(0x0000010ef6c00000,0x0000010ef6d00000)]
  0x000002eef92ff800 JavaThread "Timer-117877" [_thread_blocked, id=1613340, stack(0x0000010ef6b00000,0x0000010ef6c00000)]
  0x000002eef92fe800 JavaThread "Timer-117876" [_thread_blocked, id=1613336, stack(0x0000010ef6a00000,0x0000010ef6b00000)]
  0x000002eef92fe000 JavaThread "Timer-117875" [_thread_blocked, id=1613332, stack(0x0000010ef6900000,0x0000010ef6a00000)]
  0x000002eef9300000 JavaThread "Timer-117874" [_thread_blocked, id=1613328, stack(0x0000010ef6800000,0x0000010ef6900000)]
  0x000002eef92fd000 JavaThread "Timer-117873" [_thread_blocked, id=1613324, stack(0x0000010ef6700000,0x0000010ef6800000)]
  0x000002eef92f5800 JavaThread "Timer-117872" [_thread_blocked, id=1613320, stack(0x0000010ef6600000,0x0000010ef6700000)]
  0x000002eef910a800 JavaThread "Timer-117871" [_thread_blocked, id=1613316, stack(0x0000010ef6500000,0x0000010ef6600000)]
  0x000002eef910a000 JavaThread "Timer-117870" [_thread_blocked, id=1613312, stack(0x0000010ef6400000,0x0000010ef6500000)]
  0x000002eef9108800 JavaThread "Timer-117869" [_thread_blocked, id=1613308, stack(0x0000010ef6300000,0x0000010ef6400000)]
  0x000002eef90fe800 JavaThread "Timer-117868" [_thread_blocked, id=1613304, stack(0x0000010ef6200000,0x0000010ef6300000)]
  0x000002eef9103000 JavaThread "Timer-117867" [_thread_blocked, id=1613300, stack(0x0000010ef6100000,0x0000010ef6200000)]
  0x000002eef9101800 JavaThread "Timer-117866" [_thread_blocked, id=1613296, stack(0x0000010ef6000000,0x0000010ef6100000)]
  0x000002eef9102800 JavaThread "Timer-117865" [_thread_blocked, id=1613292, stack(0x0000010ef5f00000,0x0000010ef6000000)]
  0x000002eef9101000 JavaThread "Timer-117864" [_thread_blocked, id=1613288, stack(0x0000010ef5e00000,0x0000010ef5f00000)]
  0x000002eef92fc000 JavaThread "Timer-117863" [_thread_blocked, id=1613284, stack(0x0000010ef5d00000,0x0000010ef5e00000)]
  0x000002eef92f4800 JavaThread "Timer-117862" [_thread_blocked, id=1613280, stack(0x0000010ef5c00000,0x0000010ef5d00000)]
  0x000002eef92f7000 JavaThread "Timer-117861" [_thread_blocked, id=1613276, stack(0x0000010ef5b00000,0x0000010ef5c00000)]
  0x000002eef92f7800 JavaThread "Timer-117860" [_thread_blocked, id=1613272, stack(0x0000010ef5a00000,0x0000010ef5b00000)]
  0x000002eef92f6000 JavaThread "Timer-117859" [_thread_blocked, id=1613268, stack(0x0000010ef5900000,0x0000010ef5a00000)]
  0x000002eef92fb800 JavaThread "Timer-117858" [_thread_blocked, id=1613264, stack(0x0000010ef5800000,0x0000010ef5900000)]
  0x000002eef92fa800 JavaThread "Timer-117857" [_thread_blocked, id=1613260, stack(0x0000010ef5700000,0x0000010ef5800000)]
  0x000002eef92fa000 JavaThread "Timer-117856" [_thread_blocked, id=1613256, stack(0x0000010ef5600000,0x0000010ef5700000)]
  0x000002eef92f8800 JavaThread "Timer-117855" [_thread_blocked, id=1613252, stack(0x0000010ef5500000,0x0000010ef5600000)]
  0x000002eef92f9000 JavaThread "Timer-117854" [_thread_blocked, id=1613248, stack(0x0000010ef5400000,0x0000010ef5500000)]
  0x000002eef92f4000 JavaThread "Timer-117853" [_thread_blocked, id=1613244, stack(0x0000010ef5300000,0x0000010ef5400000)]
  0x000002eef92ee800 JavaThread "Timer-117852" [_thread_blocked, id=1613240, stack(0x0000010ef5200000,0x0000010ef5300000)]
  0x000002eef92ee000 JavaThread "Timer-117851" [_thread_blocked, id=1613236, stack(0x0000010ef5100000,0x0000010ef5200000)]
  0x000002eef92ec800 JavaThread "Timer-117850" [_thread_blocked, id=1613232, stack(0x0000010ef5000000,0x0000010ef5100000)]
  0x000002eef92f3000 JavaThread "Timer-117849" [_thread_blocked, id=1613228, stack(0x0000010ef4f00000,0x0000010ef5000000)]
  0x000002eef92f2800 JavaThread "Timer-117848" [_thread_blocked, id=1613224, stack(0x0000010ef4e00000,0x0000010ef4f00000)]
  0x000002eef92ed000 JavaThread "Timer-117847" [_thread_blocked, id=1613220, stack(0x0000010ef4d00000,0x0000010ef4e00000)]
  0x000002eef92f0000 JavaThread "Timer-117846" [_thread_blocked, id=1613216, stack(0x0000010ef4c00000,0x0000010ef4d00000)]
  0x000002eef92f1000 JavaThread "Timer-117845" [_thread_blocked, id=1613212, stack(0x0000010ef4b00000,0x0000010ef4c00000)]
  0x000002eef92f1800 JavaThread "Timer-117844" [_thread_blocked, id=1613208, stack(0x0000010ef4a00000,0x0000010ef4b00000)]
  0x000002eef92ef800 JavaThread "Timer-117843" [_thread_blocked, id=1613204, stack(0x0000010ef4900000,0x0000010ef4a00000)]
  0x000002eef92e5000 JavaThread "Timer-117842" [_thread_blocked, id=1613200, stack(0x0000010ef4800000,0x0000010ef4900000)]
  0x000002eef92e9800 JavaThread "Timer-117841" [_thread_blocked, id=1613196, stack(0x0000010ef4700000,0x0000010ef4800000)]
  0x000002eef92e8800 JavaThread "Timer-117840" [_thread_blocked, id=1613192, stack(0x0000010ef4600000,0x0000010ef4700000)]
  0x000002eef92eb800 JavaThread "Timer-117839" [_thread_blocked, id=1613188, stack(0x0000010ef4500000,0x0000010ef4600000)]
  0x000002eef92e8000 JavaThread "Timer-117838" [_thread_blocked, id=1613184, stack(0x0000010ef4400000,0x0000010ef4500000)]
  0x000002eef92e7000 JavaThread "Timer-117837" [_thread_blocked, id=1613180, stack(0x0000010ef4300000,0x0000010ef4400000)]
  0x000002eef92eb000 JavaThread "Timer-117836" [_thread_blocked, id=1613176, stack(0x0000010ef4200000,0x0000010ef4300000)]
  0x000002eef92e5800 JavaThread "Timer-117835" [_thread_blocked, id=1613172, stack(0x0000010ef4100000,0x0000010ef4200000)]
  0x000002eef92e6800 JavaThread "Timer-117834" [_thread_blocked, id=1613168, stack(0x0000010ef4000000,0x0000010ef4100000)]
  0x000002eef92ea000 JavaThread "Timer-117833" [_thread_blocked, id=1613164, stack(0x0000010ef3f00000,0x0000010ef4000000)]
  0x000002eef92de000 JavaThread "Timer-117832" [_thread_blocked, id=1613160, stack(0x0000010ef3e00000,0x0000010ef3f00000)]
  0x000002eef92dd800 JavaThread "Timer-117831" [_thread_blocked, id=1613156, stack(0x0000010ef3d00000,0x0000010ef3e00000)]
  0x000002eef92df800 JavaThread "Timer-117830" [_thread_blocked, id=1613152, stack(0x0000010ef3c00000,0x0000010ef3d00000)]
  0x000002eef92e0800 JavaThread "Timer-117829" [_thread_blocked, id=1613148, stack(0x0000010ef3b00000,0x0000010ef3c00000)]
  0x000002eef92df000 JavaThread "Timer-117828" [_thread_blocked, id=1613144, stack(0x0000010ef3a00000,0x0000010ef3b00000)]
  0x000002eef92e4000 JavaThread "Timer-117827" [_thread_blocked, id=1613136, stack(0x0000010ef3900000,0x0000010ef3a00000)]
  0x000002eef8eae000 JavaThread "Timer-117826" [_thread_blocked, id=1613132, stack(0x0000010ef3800000,0x0000010ef3900000)]
  0x000002eef8ead800 JavaThread "Timer-117825" [_thread_blocked, id=1613128, stack(0x0000010ef3700000,0x0000010ef3800000)]
  0x000002eef8eac000 JavaThread "Timer-117824" [_thread_blocked, id=1613124, stack(0x0000010ef3600000,0x0000010ef3700000)]
  0x000002eef8eac800 JavaThread "Timer-117823" [_thread_blocked, id=1613120, stack(0x0000010ef3500000,0x0000010ef3600000)]
  0x000002eef8ea7800 JavaThread "Timer-117822" [_thread_blocked, id=1613116, stack(0x0000010ef3400000,0x0000010ef3500000)]
  0x000002eef8ea1800 JavaThread "Timer-117821" [_thread_blocked, id=1613112, stack(0x0000010ef3300000,0x0000010ef3400000)]
  0x000002eef8ea0000 JavaThread "Timer-117820" [_thread_blocked, id=1613100, stack(0x0000010ef3200000,0x0000010ef3300000)]
  0x000002eef8ea6800 JavaThread "Timer-117819" [_thread_blocked, id=1613096, stack(0x0000010ef3100000,0x0000010ef3200000)]
  0x000002eef8ea6000 JavaThread "Timer-117818" [_thread_blocked, id=1613092, stack(0x0000010ef3000000,0x0000010ef3100000)]
  0x000002eef8ea0800 JavaThread "Timer-117817" [_thread_blocked, id=1613088, stack(0x0000010ef2f00000,0x0000010ef3000000)]
  0x000002eef7fa2000 JavaThread "Timer-117816" [_thread_blocked, id=1613084, stack(0x0000010ef2e00000,0x0000010ef2f00000)]
  0x000002eef7fa5000 JavaThread "Timer-117815" [_thread_blocked, id=1613080, stack(0x0000010ef2d00000,0x0000010ef2e00000)]
  0x000002eef7fa6800 JavaThread "Timer-117814" [_thread_blocked, id=1613076, stack(0x0000010ef2c00000,0x0000010ef2d00000)]
  0x000002eef7fa4000 JavaThread "Timer-117813" [_thread_blocked, id=1613072, stack(0x0000010ef2b00000,0x0000010ef2c00000)]
  0x000002eef7fa1000 JavaThread "Timer-117812" [_thread_blocked, id=1613068, stack(0x0000010ef2a00000,0x0000010ef2b00000)]
  0x000002eef7fa0800 JavaThread "Timer-117811" [_thread_blocked, id=1613064, stack(0x0000010ef2900000,0x0000010ef2a00000)]
  0x000002eef7f9f000 JavaThread "Timer-117810" [_thread_blocked, id=1613060, stack(0x0000010ef2800000,0x0000010ef2900000)]
  0x000002eef7fa5800 JavaThread "Timer-117809" [_thread_blocked, id=1613056, stack(0x0000010ef2700000,0x0000010ef2800000)]
  0x000002eef7f9f800 JavaThread "Timer-117808" [_thread_blocked, id=1613052, stack(0x0000010ef2600000,0x0000010ef2700000)]
  0x000002eef7f9e000 JavaThread "Timer-117807" [_thread_blocked, id=1613048, stack(0x0000010ef2500000,0x0000010ef2600000)]
  0x000002eef7f96800 JavaThread "Timer-117806" [_thread_blocked, id=1613044, stack(0x0000010ef2400000,0x0000010ef2500000)]
  0x000002eef7f98000 JavaThread "Timer-117805" [_thread_blocked, id=1613040, stack(0x0000010ef2300000,0x0000010ef2400000)]
  0x000002eef7f9c000 JavaThread "Timer-117804" [_thread_blocked, id=1613036, stack(0x0000010ef2200000,0x0000010ef2300000)]
  0x000002eef92e3800 JavaThread "Timer-117803" [_thread_blocked, id=1613032, stack(0x0000010ef2100000,0x0000010ef2200000)]
  0x000002eef9143000 JavaThread "Timer-117802" [_thread_blocked, id=1613028, stack(0x0000010ef2000000,0x0000010ef2100000)]
  0x000002eef9147000 JavaThread "Timer-117801" [_thread_blocked, id=1613024, stack(0x0000010ef1f00000,0x0000010ef2000000)]
  0x000002eef7f9a800 JavaThread "Timer-117800" [_thread_blocked, id=1613020, stack(0x0000010ef1e00000,0x0000010ef1f00000)]
  0x000002eef7f99000 JavaThread "Timer-117799" [_thread_blocked, id=1613016, stack(0x0000010ef1d00000,0x0000010ef1e00000)]
  0x000002eef7f97800 JavaThread "Timer-117798" [_thread_blocked, id=1613012, stack(0x0000010ef1c00000,0x0000010ef1d00000)]
  0x000002eef7f99800 JavaThread "Timer-117797" [_thread_blocked, id=1613008, stack(0x0000010ef1b00000,0x0000010ef1c00000)]
  0x000002eef7f9d800 JavaThread "Timer-117796" [_thread_blocked, id=1613004, stack(0x0000010ef1a00000,0x0000010ef1b00000)]
  0x000002eef7f9c800 JavaThread "Timer-117795" [_thread_blocked, id=1613000, stack(0x0000010ef1900000,0x0000010ef1a00000)]
  0x000002eef7f9b000 JavaThread "Timer-117794" [_thread_blocked, id=1612996, stack(0x0000010ef1800000,0x0000010ef1900000)]
  0x000002eef7f8f000 JavaThread "Timer-117793" [_thread_blocked, id=1612992, stack(0x0000010ef1700000,0x0000010ef1800000)]
  0x000002eef7f95000 JavaThread "Timer-117792" [_thread_blocked, id=1612988, stack(0x0000010ef1600000,0x0000010ef1700000)]
  0x000002eef7f8f800 JavaThread "Timer-117791" [_thread_blocked, id=1612984, stack(0x0000010ef1500000,0x0000010ef1600000)]
  0x000002eef7f94800 JavaThread "Timer-117790" [_thread_blocked, id=1612980, stack(0x0000010ef1400000,0x0000010ef1500000)]
  0x000002eef7f93800 JavaThread "Timer-117789" [_thread_blocked, id=1612976, stack(0x0000010ef1300000,0x0000010ef1400000)]
  0x000002eef7f90800 JavaThread "Timer-117788" [_thread_blocked, id=1612972, stack(0x0000010ef1200000,0x0000010ef1300000)]
  0x000002eef7f96000 JavaThread "Timer-117787" [_thread_blocked, id=1612968, stack(0x0000010ef1100000,0x0000010ef1200000)]
  0x000002eef7f93000 JavaThread "Timer-117786" [_thread_blocked, id=1612964, stack(0x0000010ef1000000,0x0000010ef1100000)]
  0x000002eef7f8c000 JavaThread "Timer-117785" [_thread_blocked, id=1612960, stack(0x0000010ef0f00000,0x0000010ef1000000)]
  0x000002eef7f91000 JavaThread "Timer-117784" [_thread_blocked, id=1612956, stack(0x0000010ef0e00000,0x0000010ef0f00000)]
  0x000002eef9145800 JavaThread "Timer-117783" [_thread_blocked, id=1612952, stack(0x0000010ef0d00000,0x0000010ef0e00000)]
  0x000002eef9147800 JavaThread "Timer-117782" [_thread_blocked, id=1612948, stack(0x0000010ef0c00000,0x0000010ef0d00000)]
  0x000002eef9141000 JavaThread "Timer-117781" [_thread_blocked, id=1612944, stack(0x0000010ef0b00000,0x0000010ef0c00000)]
  0x000002eef9144000 JavaThread "Timer-117780" [_thread_blocked, id=1612940, stack(0x0000010ef0a00000,0x0000010ef0b00000)]
  0x000002eef9139800 JavaThread "Timer-117779" [_thread_blocked, id=1612936, stack(0x0000010ef0900000,0x0000010ef0a00000)]
  0x000002eef9140000 JavaThread "Timer-117778" [_thread_blocked, id=1612932, stack(0x0000010ef0800000,0x0000010ef0900000)]
  0x000002eef9138800 JavaThread "Timer-117777" [_thread_blocked, id=1612928, stack(0x0000010ef0700000,0x0000010ef0800000)]
  0x000002eef913a000 JavaThread "Timer-117776" [_thread_blocked, id=1612924, stack(0x0000010ef0600000,0x0000010ef0700000)]
  0x000002eef7f8e000 JavaThread "Timer-117775" [_thread_blocked, id=1612920, stack(0x0000010ef0500000,0x0000010ef0600000)]
  0x000002eef7f8c800 JavaThread "Timer-117774" [_thread_blocked, id=1612916, stack(0x0000010ef0400000,0x0000010ef0500000)]
  0x000002eef9104800 JavaThread "Timer-117773" [_thread_blocked, id=1612912, stack(0x0000010ef0300000,0x0000010ef0400000)]
  0x000002eef9105800 JavaThread "Timer-117772" [_thread_blocked, id=1612908, stack(0x0000010ef0200000,0x0000010ef0300000)]
  0x000002eef90ff800 JavaThread "Timer-117771" [_thread_blocked, id=1612904, stack(0x0000010ef0100000,0x0000010ef0200000)]
  0x000002eef9100000 JavaThread "Timer-117770" [_thread_blocked, id=1612900, stack(0x0000010ef0000000,0x0000010ef0100000)]
  0x000002eef9104000 JavaThread "Timer-117769" [_thread_blocked, id=1612896, stack(0x0000010eeff00000,0x0000010ef0000000)]
  0x000002eef90f7000 JavaThread "Timer-117768" [_thread_blocked, id=1612892, stack(0x0000010eefe00000,0x0000010eeff00000)]
  0x000002eef90fa000 JavaThread "Timer-117767" [_thread_blocked, id=1612888, stack(0x0000010eefd00000,0x0000010eefe00000)]
  0x000002eef90fd000 JavaThread "Timer-117766" [_thread_blocked, id=1612884, stack(0x0000010eefc00000,0x0000010eefd00000)]
  0x000002eef90f9800 JavaThread "Timer-117765" [_thread_blocked, id=1612880, stack(0x0000010eefb00000,0x0000010eefc00000)]
  0x000002eef90fc800 JavaThread "Timer-117764" [_thread_blocked, id=1612872, stack(0x0000010eefa00000,0x0000010eefb00000)]
  0x000002eef90fe000 JavaThread "Timer-117763" [_thread_blocked, id=1612868, stack(0x0000010eef900000,0x0000010eefa00000)]
  0x000002eef90f8800 JavaThread "Timer-117762" [_thread_blocked, id=1612864, stack(0x0000010eef800000,0x0000010eef900000)]
  0x000002eef90fb000 JavaThread "Timer-117761" [_thread_blocked, id=1612860, stack(0x0000010eef700000,0x0000010eef800000)]
  0x000002eef90fb800 JavaThread "Timer-117760" [_thread_blocked, id=1612856, stack(0x0000010eef600000,0x0000010eef700000)]
  0x000002eef90f8000 JavaThread "Timer-117759" [_thread_blocked, id=1612852, stack(0x0000010eef500000,0x0000010eef600000)]
  0x000002eef90ef800 JavaThread "Timer-117758" [_thread_blocked, id=1612848, stack(0x0000010eef400000,0x0000010eef500000)]
  0x000002eef90f5800 JavaThread "Timer-117757" [_thread_blocked, id=1612844, stack(0x0000010eef300000,0x0000010eef400000)]
  0x000002eef90f5000 JavaThread "Timer-117756" [_thread_blocked, id=1612840, stack(0x0000010eef200000,0x0000010eef300000)]
  0x000002eef90f4000 JavaThread "Timer-117755" [_thread_blocked, id=1612836, stack(0x0000010eef100000,0x0000010eef200000)]
  0x000002eef90f6800 JavaThread "Timer-117754" [_thread_blocked, id=1612832, stack(0x0000010eef000000,0x0000010eef100000)]
  0x000002eef7f8b000 JavaThread "Timer-117753" [_thread_blocked, id=1612828, stack(0x0000010eeef00000,0x0000010eef000000)]
  0x000002eef7f92000 JavaThread "Timer-117752" [_thread_blocked, id=1612824, stack(0x0000010eeee00000,0x0000010eeef00000)]
  0x000002eef7f8d800 JavaThread "Timer-117751" [_thread_blocked, id=1612820, stack(0x0000010eeed00000,0x0000010eeee00000)]
  0x000002eef7f83800 JavaThread "Timer-117750" [_thread_blocked, id=1612816, stack(0x0000010eeec00000,0x0000010eeed00000)]
  0x000002eef06f1800 JavaThread "Timer-117749" [_thread_blocked, id=1612812, stack(0x0000010eee900000,0x0000010eeea00000)]
  0x000002eef92e2800 JavaThread "Timer-117748" [_thread_blocked, id=1612808, stack(0x0000010eee800000,0x0000010eee900000)]
  0x000002eef92e1000 JavaThread "Timer-117747" [_thread_blocked, id=1612804, stack(0x0000010eee700000,0x0000010eee800000)]
  0x000002eef92e2000 JavaThread "Timer-117746" [_thread_blocked, id=1609540, stack(0x0000010eee600000,0x0000010eee700000)]
  0x000002eef92dc800 JavaThread "Timer-117745" [_thread_blocked, id=1612736, stack(0x0000010eee500000,0x0000010eee600000)]
  0x000002eef92dc000 JavaThread "Timer-117744" [_thread_blocked, id=1610324, stack(0x0000010eee400000,0x0000010eee500000)]
  0x000002eef92db000 JavaThread "Timer-117743" [_thread_blocked, id=1611408, stack(0x0000010eee300000,0x0000010eee400000)]
  0x000002eef92d3800 JavaThread "Timer-117742" [_thread_blocked, id=1509776, stack(0x0000010eee200000,0x0000010eee300000)]
  0x000002eef92da800 JavaThread "Timer-117741" [_thread_blocked, id=1598700, stack(0x0000010eee100000,0x0000010eee200000)]
  0x000002eef92d3000 JavaThread "Timer-117740" [_thread_blocked, id=1612796, stack(0x0000010eee000000,0x0000010eee100000)]
  0x000002eef92d9800 JavaThread "Timer-117739" [_thread_blocked, id=1612792, stack(0x0000010eedf00000,0x0000010eee000000)]
  0x000002eef92d5000 JavaThread "Timer-117738" [_thread_blocked, id=1612788, stack(0x0000010eede00000,0x0000010eedf00000)]
  0x000002eef92d9000 JavaThread "Timer-117737" [_thread_blocked, id=1612784, stack(0x0000010eedd00000,0x0000010eede00000)]
  0x000002eef92d2000 JavaThread "Timer-117736" [_thread_blocked, id=1612780, stack(0x0000010eedc00000,0x0000010eedd00000)]
  0x000002eef92d4800 JavaThread "Timer-117735" [_thread_blocked, id=1612776, stack(0x0000010eedb00000,0x0000010eedc00000)]
  0x000002eef92d8000 JavaThread "Timer-117734" [_thread_blocked, id=1612772, stack(0x0000010eeda00000,0x0000010eedb00000)]
  0x000002eef92d7800 JavaThread "Timer-117733" [_thread_blocked, id=1612768, stack(0x0000010eed900000,0x0000010eeda00000)]
  0x000002eef92d1800 JavaThread "Timer-117732" [_thread_blocked, id=1612764, stack(0x0000010eed800000,0x0000010eed900000)]
  0x000002eef92d6800 JavaThread "Timer-117731" [_thread_blocked, id=1612760, stack(0x0000010eed700000,0x0000010eed800000)]
  0x000002eef92d6000 JavaThread "Timer-117730" [_thread_blocked, id=1612756, stack(0x0000010eed600000,0x0000010eed700000)]
  0x000002eef8cd1000 JavaThread "Timer-117729" [_thread_blocked, id=1612752, stack(0x0000010eed500000,0x0000010eed600000)]
  0x000002eef8cd0000 JavaThread "Timer-117728" [_thread_blocked, id=1612748, stack(0x0000010eed400000,0x0000010eed500000)]
  0x000002eef8cd4000 JavaThread "Timer-117727" [_thread_blocked, id=1612744, stack(0x0000010eed300000,0x0000010eed400000)]
  0x000002eef8cd2800 JavaThread "Timer-117726" [_thread_blocked, id=1612740, stack(0x0000010eed200000,0x0000010eed300000)]
  0x000002eef8cd1800 JavaThread "Timer-117725" [_thread_blocked, id=1612716, stack(0x0000010eed100000,0x0000010eed200000)]
  0x000002eef8cd4800 JavaThread "Timer-117724" [_thread_blocked, id=1612712, stack(0x0000010eed000000,0x0000010eed100000)]
  0x000002eef8ccf800 JavaThread "Timer-117723" [_thread_blocked, id=1612708, stack(0x0000010eecf00000,0x0000010eed000000)]
  0x000002eef8cd5800 JavaThread "Timer-117722" [_thread_blocked, id=1612704, stack(0x0000010eece00000,0x0000010eecf00000)]
  0x000002eef8cd3000 JavaThread "Timer-117721" [_thread_blocked, id=1612700, stack(0x0000010eecd00000,0x0000010eece00000)]
  0x000002eef8cc8000 JavaThread "Timer-117720" [_thread_blocked, id=1612696, stack(0x0000010eecc00000,0x0000010eecd00000)]
  0x000002eef8cce800 JavaThread "Timer-117719" [_thread_blocked, id=1612692, stack(0x0000010eecb00000,0x0000010eecc00000)]
  0x000002eef913f800 JavaThread "Timer-117718" [_thread_blocked, id=1612688, stack(0x0000010eeca00000,0x0000010eecb00000)]
  0x000002eef913e800 JavaThread "Timer-117717" [_thread_blocked, id=1612684, stack(0x0000010eec900000,0x0000010eeca00000)]
  0x000002eef913e000 JavaThread "Timer-117716" [_thread_blocked, id=1612680, stack(0x0000010eec800000,0x0000010eec900000)]
  0x000002eef913d000 JavaThread "Timer-117715" [_thread_blocked, id=1612676, stack(0x0000010eec700000,0x0000010eec800000)]
  0x000002eef913c800 JavaThread "Timer-117714" [_thread_blocked, id=1612672, stack(0x0000010eec600000,0x0000010eec700000)]
  0x000002eef913b800 JavaThread "Timer-117713" [_thread_blocked, id=1612668, stack(0x0000010eec500000,0x0000010eec600000)]
  0x000002eef913b000 JavaThread "Timer-117712" [_thread_blocked, id=1612664, stack(0x0000010eec400000,0x0000010eec500000)]
  0x000002eef9131000 JavaThread "Timer-117711" [_thread_blocked, id=1612660, stack(0x0000010eec300000,0x0000010eec400000)]
  0x000002eef9138000 JavaThread "Timer-117710" [_thread_blocked, id=1612656, stack(0x0000010eec200000,0x0000010eec300000)]
  0x000002eef9130800 JavaThread "Timer-117709" [_thread_blocked, id=1612652, stack(0x0000010eec100000,0x0000010eec200000)]
  0x000002eef9136800 JavaThread "Timer-117708" [_thread_blocked, id=1612648, stack(0x0000010eec000000,0x0000010eec100000)]
  0x000002eef9137000 JavaThread "Timer-117707" [_thread_blocked, id=1612644, stack(0x0000010eebf00000,0x0000010eec000000)]
  0x000002eef9134000 JavaThread "Timer-117706" [_thread_blocked, id=1612640, stack(0x0000010eebe00000,0x0000010eebf00000)]
  0x000002eef9133800 JavaThread "Timer-117705" [_thread_blocked, id=1612636, stack(0x0000010eebd00000,0x0000010eebe00000)]
  0x000002eef9132800 JavaThread "Timer-117704" [_thread_blocked, id=1612628, stack(0x0000010eebc00000,0x0000010eebd00000)]
  0x000002eef9135000 JavaThread "Timer-117703" [_thread_blocked, id=1612624, stack(0x0000010eebb00000,0x0000010eebc00000)]
  0x000002eef8ea5000 JavaThread "Timer-117702" [_thread_blocked, id=1612620, stack(0x0000010eeba00000,0x0000010eebb00000)]
  0x000002eef8ea4800 JavaThread "Timer-117701" [_thread_blocked, id=1612616, stack(0x0000010eeb900000,0x0000010eeba00000)]
  0x000002eef8ea3800 JavaThread "Timer-117700" [_thread_blocked, id=1612612, stack(0x0000010eeb800000,0x0000010eeb900000)]
  0x000002eef8ea3000 JavaThread "Timer-117699" [_thread_blocked, id=1612608, stack(0x0000010eeb700000,0x0000010eeb800000)]
  0x000002eef8ea2000 JavaThread "Timer-117698" [_thread_blocked, id=1612604, stack(0x0000010eeb600000,0x0000010eeb700000)]
  0x000002eef8e98800 JavaThread "Timer-117697" [_thread_blocked, id=1612600, stack(0x0000010eeb500000,0x0000010eeb600000)]
  0x000002eef8e9f000 JavaThread "Timer-117696" [_thread_blocked, id=1612596, stack(0x0000010eeb400000,0x0000010eeb500000)]
  0x000002eef8e97800 JavaThread "Timer-117695" [_thread_blocked, id=1612592, stack(0x0000010eeb300000,0x0000010eeb400000)]
  0x000002eef8e9e800 JavaThread "Timer-117694" [_thread_blocked, id=1612588, stack(0x0000010eeb200000,0x0000010eeb300000)]
  0x000002eef8e9d800 JavaThread "Timer-117693" [_thread_blocked, id=1612584, stack(0x0000010eeb100000,0x0000010eeb200000)]
  0x000002eef8e9a000 JavaThread "Timer-117692" [_thread_blocked, id=1612580, stack(0x0000010eeb000000,0x0000010eeb100000)]
  0x000002eef8e9d000 JavaThread "Timer-117691" [_thread_blocked, id=1612576, stack(0x0000010eeaf00000,0x0000010eeb000000)]
  0x000002eef8e96000 JavaThread "Timer-117690" [_thread_blocked, id=1612572, stack(0x0000010eeae00000,0x0000010eeaf00000)]
  0x000002eef8cc7000 JavaThread "Timer-117689" [_thread_blocked, id=1612568, stack(0x0000010eead00000,0x0000010eeae00000)]
  0x000002eef8cc9800 JavaThread "Timer-117688" [_thread_blocked, id=1612564, stack(0x0000010eeac00000,0x0000010eead00000)]
  0x000002eef8cca000 JavaThread "Timer-117687" [_thread_blocked, id=1612560, stack(0x0000010eeab00000,0x0000010eeac00000)]
  0x000002eef8cc8800 JavaThread "Timer-117686" [_thread_blocked, id=1612556, stack(0x0000010eeaa00000,0x0000010eeab00000)]
  0x000002eef8cce000 JavaThread "Timer-117685" [_thread_blocked, id=1612552, stack(0x0000010eea900000,0x0000010eeaa00000)]
  0x000002eef8ccd000 JavaThread "Timer-117684" [_thread_blocked, id=1612548, stack(0x0000010eea800000,0x0000010eea900000)]
  0x000002eef8ccc800 JavaThread "Timer-117683" [_thread_blocked, id=1612544, stack(0x0000010eea700000,0x0000010eea800000)]
  0x000002eef8ccb000 JavaThread "Timer-117682" [_thread_blocked, id=1612540, stack(0x0000010eea600000,0x0000010eea700000)]
  0x000002eef8ccb800 JavaThread "Timer-117681" [_thread_blocked, id=1612536, stack(0x0000010eea500000,0x0000010eea600000)]
  0x000002eef8cc6800 JavaThread "Timer-117680" [_thread_blocked, id=1612532, stack(0x0000010eea400000,0x0000010eea500000)]
  0x000002eef8cc5800 JavaThread "Timer-117679" [_thread_blocked, id=1612528, stack(0x0000010eea300000,0x0000010eea400000)]
  0x000002eef8cc2800 JavaThread "Timer-117678" [_thread_blocked, id=1612524, stack(0x0000010eea200000,0x0000010eea300000)]
  0x000002eef8cbf800 JavaThread "Timer-117677" [_thread_blocked, id=1612520, stack(0x0000010eea100000,0x0000010eea200000)]
  0x000002eef8cc3800 JavaThread "Timer-117676" [_thread_blocked, id=1612516, stack(0x0000010eea000000,0x0000010eea100000)]
  0x000002eef8cc4000 JavaThread "Timer-117675" [_thread_blocked, id=1612512, stack(0x0000010ee9f00000,0x0000010eea000000)]
  0x000002eef8cc2000 JavaThread "Timer-117674" [_thread_blocked, id=1612508, stack(0x0000010ee9e00000,0x0000010ee9f00000)]
  0x000002eef8cc1000 JavaThread "Timer-117673" [_thread_blocked, id=1612504, stack(0x0000010ee9d00000,0x0000010ee9e00000)]
  0x000002eef8cc0000 JavaThread "Timer-117672" [_thread_blocked, id=1612500, stack(0x0000010ee9c00000,0x0000010ee9d00000)]
  0x000002eef8cc5000 JavaThread "Timer-117671" [_thread_blocked, id=1612496, stack(0x0000010ee9b00000,0x0000010ee9c00000)]
  0x000002eef8cb8000 JavaThread "Timer-117670" [_thread_blocked, id=1612492, stack(0x0000010ee9a00000,0x0000010ee9b00000)]
  0x000002eef8cbe800 JavaThread "Timer-117669" [_thread_blocked, id=1612488, stack(0x0000010ee9900000,0x0000010ee9a00000)]
  0x000002eef8cbe000 JavaThread "Timer-117668" [_thread_blocked, id=1612484, stack(0x0000010ee9800000,0x0000010ee9900000)]
  0x000002eef7f8a800 JavaThread "Timer-117667" [_thread_blocked, id=1612480, stack(0x0000010ee9700000,0x0000010ee9800000)]
  0x000002eef7f84800 JavaThread "Timer-117666" [_thread_blocked, id=1612476, stack(0x0000010ee9600000,0x0000010ee9700000)]
  0x000002eef7f86000 JavaThread "Timer-117665" [_thread_blocked, id=1612472, stack(0x0000010ee9500000,0x0000010ee9600000)]
  0x000002eef7f89800 JavaThread "Timer-117664" [_thread_blocked, id=1612468, stack(0x0000010ee9400000,0x0000010ee9500000)]
  0x000002eef7f83000 JavaThread "Timer-117663" [_thread_blocked, id=1612464, stack(0x0000010ee9300000,0x0000010ee9400000)]
  0x000002eef7f82000 JavaThread "Timer-117662" [_thread_blocked, id=1612460, stack(0x0000010ee9200000,0x0000010ee9300000)]
  0x000002eef7f89000 JavaThread "Timer-117661" [_thread_blocked, id=1612456, stack(0x0000010ee9100000,0x0000010ee9200000)]
  0x000002eef9132000 JavaThread "Timer-117660" [_thread_blocked, id=1612452, stack(0x0000010ee9000000,0x0000010ee9100000)]
  0x000002eef9135800 JavaThread "Timer-117659" [_thread_blocked, id=1612448, stack(0x0000010ee8f00000,0x0000010ee9000000)]
  0x000002eef916d800 JavaThread "Timer-117658" [_thread_blocked, id=1612444, stack(0x0000010ee8e00000,0x0000010ee8f00000)]
  0x000002eef916c000 JavaThread "Timer-117657" [_thread_blocked, id=1612440, stack(0x0000010ee8d00000,0x0000010ee8e00000)]
  0x000002eef9170800 JavaThread "Timer-117656" [_thread_blocked, id=1612436, stack(0x0000010ee8c00000,0x0000010ee8d00000)]
  0x000002eef916f800 JavaThread "Timer-117655" [_thread_blocked, id=1612432, stack(0x0000010ee8b00000,0x0000010ee8c00000)]
  0x000002eef916c800 JavaThread "Timer-117654" [_thread_blocked, id=1612424, stack(0x0000010ee8a00000,0x0000010ee8b00000)]
  0x000002eef916e000 JavaThread "Timer-117653" [_thread_blocked, id=1612420, stack(0x0000010ee8900000,0x0000010ee8a00000)]
  0x000002eef916f000 JavaThread "Timer-117652" [_thread_blocked, id=1612416, stack(0x0000010ee8800000,0x0000010ee8900000)]
  0x000002eef9164800 JavaThread "Timer-117651" [_thread_blocked, id=1612412, stack(0x0000010ee8700000,0x0000010ee8800000)]
  0x000002eef916b000 JavaThread "Timer-117650" [_thread_blocked, id=1612408, stack(0x0000010ee8600000,0x0000010ee8700000)]
  0x000002eef9163800 JavaThread "Timer-117649" [_thread_blocked, id=1612404, stack(0x0000010ee8500000,0x0000010ee8600000)]
  0x000002eef916a800 JavaThread "Timer-117648" [_thread_blocked, id=1612400, stack(0x0000010ee8400000,0x0000010ee8500000)]
  0x000002eef9165000 JavaThread "Timer-117647" [_thread_blocked, id=1612396, stack(0x0000010ee8300000,0x0000010ee8400000)]
  0x000002eef9169800 JavaThread "Timer-117646" [_thread_blocked, id=1612392, stack(0x0000010ee8200000,0x0000010ee8300000)]
  0x000002eef9169000 JavaThread "Timer-117645" [_thread_blocked, id=1612388, stack(0x0000010ee8100000,0x0000010ee8200000)]
  0x000002eef9168000 JavaThread "Timer-117644" [_thread_blocked, id=1612384, stack(0x0000010ee8000000,0x0000010ee8100000)]
  0x000002eef9163000 JavaThread "Timer-117643" [_thread_blocked, id=1612380, stack(0x0000010ee7f00000,0x0000010ee8000000)]
  0x000002eef9160800 JavaThread "Timer-117642" [_thread_blocked, id=1612376, stack(0x0000010ee7e00000,0x0000010ee7f00000)]
  0x000002eef9167800 JavaThread "Timer-117641" [_thread_blocked, id=1612372, stack(0x0000010ee7d00000,0x0000010ee7e00000)]
  0x000002eef9162000 JavaThread "Timer-117640" [_thread_blocked, id=1612368, stack(0x0000010ee7c00000,0x0000010ee7d00000)]
  0x000002eef9166800 JavaThread "Timer-117639" [_thread_blocked, id=1612364, stack(0x0000010ee7b00000,0x0000010ee7c00000)]
  0x000002eef9161800 JavaThread "Timer-117638" [_thread_blocked, id=1612360, stack(0x0000010ee7a00000,0x0000010ee7b00000)]
  0x000002eef9166000 JavaThread "Timer-117637" [_thread_blocked, id=1612356, stack(0x0000010ee7900000,0x0000010ee7a00000)]
  0x000002eef8c7d800 JavaThread "Timer-117636" [_thread_blocked, id=1612352, stack(0x0000010ee7800000,0x0000010ee7900000)]
  0x000002eef8c7c800 JavaThread "Timer-117635" [_thread_blocked, id=1612348, stack(0x0000010ee7700000,0x0000010ee7800000)]
  0x000002eef8c83800 JavaThread "Timer-117634" [_thread_blocked, id=1612344, stack(0x0000010ee7600000,0x0000010ee7700000)]
  0x000002eef8c82000 JavaThread "Timer-117633" [_thread_blocked, id=1612340, stack(0x0000010ee7500000,0x0000010ee7600000)]
  0x000002eef8e9c000 JavaThread "Timer-117632" [_thread_blocked, id=1612336, stack(0x0000010ee7400000,0x0000010ee7500000)]
  0x000002eef90f2800 JavaThread "Timer-117631" [_thread_blocked, id=1612332, stack(0x0000010ee7300000,0x0000010ee7400000)]
  0x000002eef90ef000 JavaThread "Timer-117630" [_thread_blocked, id=1612328, stack(0x0000010ee7200000,0x0000010ee7300000)]
  0x000002eef90f2000 JavaThread "Timer-117629" [_thread_blocked, id=1612324, stack(0x0000010ee7100000,0x0000010ee7200000)]
  0x000002eef90f1000 JavaThread "Timer-117628" [_thread_blocked, id=1612320, stack(0x0000010ee7000000,0x0000010ee7100000)]
  0x000002eef90f0800 JavaThread "Timer-117627" [_thread_blocked, id=1612316, stack(0x0000010ee6f00000,0x0000010ee7000000)]
  0x000002eef90f3800 JavaThread "Timer-117626" [_thread_blocked, id=1612312, stack(0x0000010ee6e00000,0x0000010ee6f00000)]
  0x000002eef8ad8800 JavaThread "Timer-117625" [_thread_blocked, id=1612308, stack(0x0000010ee6d00000,0x0000010ee6e00000)]
  0x000002eef8ad4800 JavaThread "Timer-117624" [_thread_blocked, id=1612304, stack(0x0000010ee6c00000,0x0000010ee6d00000)]
  0x000002eef8ad2800 JavaThread "Timer-117623" [_thread_blocked, id=1612300, stack(0x0000010ee6b00000,0x0000010ee6c00000)]
  0x000002eef8ad7000 JavaThread "Timer-117622" [_thread_blocked, id=1612296, stack(0x0000010ee6a00000,0x0000010ee6b00000)]
  0x000002eef8ad1800 JavaThread "Timer-117621" [_thread_blocked, id=1612292, stack(0x0000010ee6900000,0x0000010ee6a00000)]
  0x000002eef8ad5800 JavaThread "Timer-117620" [_thread_blocked, id=1612288, stack(0x0000010ee6800000,0x0000010ee6900000)]
  0x000002eef8c7c000 JavaThread "Timer-117619" [_thread_blocked, id=1612284, stack(0x0000010ee6700000,0x0000010ee6800000)]
  0x000002eef8c81000 JavaThread "Timer-117618" [_thread_blocked, id=1612280, stack(0x0000010ee6600000,0x0000010ee6700000)]
  0x000002eef8c7f800 JavaThread "Timer-117617" [_thread_blocked, id=1612276, stack(0x0000010ee6500000,0x0000010ee6600000)]
  0x000002eef8c7e000 JavaThread "Timer-117616" [_thread_blocked, id=1612272, stack(0x0000010ee6400000,0x0000010ee6500000)]
  0x000002eef8c7f000 JavaThread "Timer-117615" [_thread_blocked, id=1612268, stack(0x0000010ee6300000,0x0000010ee6400000)]
  0x000002eef8c82800 JavaThread "Timer-117614" [_thread_blocked, id=1612264, stack(0x0000010ee6200000,0x0000010ee6300000)]
  0x000002eef8c80800 JavaThread "Timer-117613" [_thread_blocked, id=1612260, stack(0x0000010ee6100000,0x0000010ee6200000)]
  0x000002eef8c75000 JavaThread "Timer-117612" [_thread_blocked, id=1612256, stack(0x0000010ee6000000,0x0000010ee6100000)]
  0x000002eef8c7a800 JavaThread "Timer-117611" [_thread_blocked, id=1612252, stack(0x0000010ee5f00000,0x0000010ee6000000)]
  0x000002eef8c75800 JavaThread "Timer-117610" [_thread_blocked, id=1612248, stack(0x0000010ee5e00000,0x0000010ee5f00000)]
  0x000002eef8c74000 JavaThread "Timer-117609" [_thread_blocked, id=1612240, stack(0x0000010ee5d00000,0x0000010ee5e00000)]
  0x000002eef8c7b000 JavaThread "Timer-117608" [_thread_blocked, id=1612236, stack(0x0000010ee5c00000,0x0000010ee5d00000)]
  0x000002eef8c78000 JavaThread "Timer-117607" [_thread_blocked, id=1612232, stack(0x0000010ee5b00000,0x0000010ee5c00000)]
  0x000002eef8c76800 JavaThread "Timer-117606" [_thread_blocked, id=1612228, stack(0x0000010ee5a00000,0x0000010ee5b00000)]
  0x000002eef8c73800 JavaThread "Timer-117605" [_thread_blocked, id=1612224, stack(0x0000010ee5900000,0x0000010ee5a00000)]
  0x000002eef8c78800 JavaThread "Timer-117604" [_thread_blocked, id=1612220, stack(0x0000010ee5800000,0x0000010ee5900000)]
  0x000002eef8c77000 JavaThread "Timer-117603" [_thread_blocked, id=1612216, stack(0x0000010ee5700000,0x0000010ee5800000)]
  0x000002eef8c79800 JavaThread "Timer-117602" [_thread_blocked, id=1612212, stack(0x0000010ee5600000,0x0000010ee5700000)]
  0x000002eef8c72800 JavaThread "Timer-117601" [_thread_blocked, id=1612208, stack(0x0000010ee5500000,0x0000010ee5600000)]
  0x000002eef8c6b000 JavaThread "Timer-117600" [_thread_blocked, id=1612204, stack(0x0000010ee5400000,0x0000010ee5500000)]
  0x000002eef8c72000 JavaThread "Timer-117599" [_thread_blocked, id=1612200, stack(0x0000010ee5300000,0x0000010ee5400000)]
  0x000002eef8c71000 JavaThread "Timer-117598" [_thread_blocked, id=1612196, stack(0x0000010ee5200000,0x0000010ee5300000)]
  0x000002eef8c69800 JavaThread "Timer-117597" [_thread_blocked, id=1612192, stack(0x0000010ee5100000,0x0000010ee5200000)]
  0x000002eef8c6e000 JavaThread "Timer-117596" [_thread_blocked, id=1612188, stack(0x0000010ee5000000,0x0000010ee5100000)]
  0x000002eef8c6d800 JavaThread "Timer-117595" [_thread_blocked, id=1612184, stack(0x0000010ee4f00000,0x0000010ee5000000)]
  0x000002eef8c6a800 JavaThread "Timer-117594" [_thread_blocked, id=1612180, stack(0x0000010ee4e00000,0x0000010ee4f00000)]
  0x000002eef8c70800 JavaThread "Timer-117593" [_thread_blocked, id=1612176, stack(0x0000010ee4d00000,0x0000010ee4e00000)]
  0x000002eef8e99000 JavaThread "Timer-117592" [_thread_blocked, id=1612172, stack(0x0000010ee4c00000,0x0000010ee4d00000)]
  0x000002eef8e97000 JavaThread "Timer-117591" [_thread_blocked, id=1612168, stack(0x0000010ee4b00000,0x0000010ee4c00000)]
  0x000002eef8e9b800 JavaThread "Timer-117590" [_thread_blocked, id=1612164, stack(0x0000010ee4a00000,0x0000010ee4b00000)]
  0x000002eef8e9a800 JavaThread "Timer-117589" [_thread_blocked, id=1612160, stack(0x0000010ee4900000,0x0000010ee4a00000)]
  0x000002eef8e8e800 JavaThread "Timer-117588" [_thread_blocked, id=1612156, stack(0x0000010ee4800000,0x0000010ee4900000)]
  0x000002eef8e95800 JavaThread "Timer-117587" [_thread_blocked, id=1612152, stack(0x0000010ee4700000,0x0000010ee4800000)]
  0x000002eef8e94000 JavaThread "Timer-117586" [_thread_blocked, id=1612148, stack(0x0000010ee4600000,0x0000010ee4700000)]
  0x000002eef7f81800 JavaThread "Timer-117585" [_thread_blocked, id=1612144, stack(0x0000010ee4500000,0x0000010ee4600000)]
  0x000002eef7f88000 JavaThread "Timer-117584" [_thread_blocked, id=1612140, stack(0x0000010ee4400000,0x0000010ee4500000)]
  0x000002eef7f87800 JavaThread "Timer-117583" [_thread_blocked, id=1612136, stack(0x0000010ee4300000,0x0000010ee4400000)]
  0x000002eef7f86800 JavaThread "Timer-117582" [_thread_blocked, id=1612132, stack(0x0000010ee4200000,0x0000010ee4300000)]
  0x000002eef7f85000 JavaThread "Timer-117581" [_thread_blocked, id=1612128, stack(0x0000010ee4100000,0x0000010ee4200000)]
  0x000002eef7f7a000 JavaThread "Timer-117580" [_thread_blocked, id=1612124, stack(0x0000010ee4000000,0x0000010ee4100000)]
  0x000002eef7f7b800 JavaThread "Timer-117579" [_thread_blocked, id=1612120, stack(0x0000010ee3f00000,0x0000010ee4000000)]
  0x000002eef7f80800 JavaThread "Timer-117578" [_thread_blocked, id=1612116, stack(0x0000010ee3e00000,0x0000010ee3f00000)]
  0x000002eef7f80000 JavaThread "Timer-117577" [_thread_blocked, id=1612112, stack(0x0000010ee3d00000,0x0000010ee3e00000)]
  0x000002eef7f78800 JavaThread "Timer-117576" [_thread_blocked, id=1612108, stack(0x0000010ee3c00000,0x0000010ee3d00000)]
  0x000002eef7f7d800 JavaThread "Timer-117575" [_thread_blocked, id=1612104, stack(0x0000010ee3b00000,0x0000010ee3c00000)]
  0x000002eef7f7c000 JavaThread "Timer-117574" [_thread_blocked, id=1612100, stack(0x0000010ee3a00000,0x0000010ee3b00000)]
  0x000002eef7f7f000 JavaThread "Timer-117573" [_thread_blocked, id=1612096, stack(0x0000010ee3900000,0x0000010ee3a00000)]
  0x000002eef7f77800 JavaThread "Timer-117572" [_thread_blocked, id=1612092, stack(0x0000010ee3800000,0x0000010ee3900000)]
  0x000002eef7f7a800 JavaThread "Timer-117571" [_thread_blocked, id=1612088, stack(0x0000010ee3700000,0x0000010ee3800000)]
  0x000002eef7f79000 JavaThread "Timer-117570" [_thread_blocked, id=1612084, stack(0x0000010ee3600000,0x0000010ee3700000)]
  0x000002eef7f7d000 JavaThread "Timer-117569" [_thread_blocked, id=1612080, stack(0x0000010ee3500000,0x0000010ee3600000)]
  0x000002eef7f7e800 JavaThread "Timer-117568" [_thread_blocked, id=1612076, stack(0x0000010ee3400000,0x0000010ee3500000)]
  0x000002eef7f70000 JavaThread "Timer-117567" [_thread_blocked, id=1612072, stack(0x0000010ee3300000,0x0000010ee3400000)]
  0x000002eef7f77000 JavaThread "Timer-117566" [_thread_blocked, id=1612068, stack(0x0000010ee3200000,0x0000010ee3300000)]
  0x000002eef7f71800 JavaThread "Timer-117565" [_thread_blocked, id=1612064, stack(0x0000010ee3100000,0x0000010ee3200000)]
  0x000002eef7f6f800 JavaThread "Timer-117564" [_thread_blocked, id=1612060, stack(0x0000010ee3000000,0x0000010ee3100000)]
  0x000002eef7f73000 JavaThread "Timer-117563" [_thread_blocked, id=1612056, stack(0x0000010ee2f00000,0x0000010ee3000000)]
  0x000002eef7f74800 JavaThread "Timer-117562" [_thread_blocked, id=1612052, stack(0x0000010ee2e00000,0x0000010ee2f00000)]
  0x000002eef8c6c000 JavaThread "Timer-117561" [_thread_blocked, id=1612048, stack(0x0000010ee2d00000,0x0000010ee2e00000)]
  0x000002eef8c6f800 JavaThread "Timer-117560" [_thread_blocked, id=1612044, stack(0x0000010ee2c00000,0x0000010ee2d00000)]
  0x000002eef8c6c800 JavaThread "Timer-117559" [_thread_blocked, id=1612040, stack(0x0000010ee2b00000,0x0000010ee2c00000)]
  0x000002eef8c68000 JavaThread "Timer-117558" [_thread_blocked, id=1612036, stack(0x0000010ee2a00000,0x0000010ee2b00000)]
  0x000002eef8c6f000 JavaThread "Timer-117557" [_thread_blocked, id=1612032, stack(0x0000010ee2900000,0x0000010ee2a00000)]
  0x000002eef8c62000 JavaThread "Timer-117556" [_thread_blocked, id=1612028, stack(0x0000010ee2800000,0x0000010ee2900000)]
  0x000002eef8c66800 JavaThread "Timer-117555" [_thread_blocked, id=1612020, stack(0x0000010ee2700000,0x0000010ee2800000)]
  0x000002eef8c69000 JavaThread "Timer-117554" [_thread_blocked, id=1612016, stack(0x0000010ee2600000,0x0000010ee2700000)]
  0x000002eef8c67800 JavaThread "Timer-117553" [_thread_blocked, id=1612012, stack(0x0000010ee2500000,0x0000010ee2600000)]
  0x000002eef8c66000 JavaThread "Timer-117552" [_thread_blocked, id=1612008, stack(0x0000010ee2400000,0x0000010ee2500000)]
  0x000002eef8c65000 JavaThread "Timer-117551" [_thread_blocked, id=1612004, stack(0x0000010ee2300000,0x0000010ee2400000)]
  0x000002eef8c5d800 JavaThread "Timer-117550" [_thread_blocked, id=1612000, stack(0x0000010ee2200000,0x0000010ee2300000)]
  0x000002eef8c64800 JavaThread "Timer-117549" [_thread_blocked, id=1611996, stack(0x0000010ee2100000,0x0000010ee2200000)]
  0x000002eef8c60800 JavaThread "Timer-117548" [_thread_blocked, id=1611992, stack(0x0000010ee2000000,0x0000010ee2100000)]
  0x000002eef8c5d000 JavaThread "Timer-117547" [_thread_blocked, id=1611988, stack(0x0000010ee1f00000,0x0000010ee2000000)]
  0x000002eef8c63800 JavaThread "Timer-117546" [_thread_blocked, id=1611984, stack(0x0000010ee1e00000,0x0000010ee1f00000)]
  0x000002eef8c5c000 JavaThread "Timer-117545" [_thread_blocked, id=1611980, stack(0x0000010ee1d00000,0x0000010ee1e00000)]
  0x000002eef8c63000 JavaThread "Timer-117544" [_thread_blocked, id=1611976, stack(0x0000010ee1c00000,0x0000010ee1d00000)]
  0x000002eef8c5f000 JavaThread "Timer-117543" [_thread_blocked, id=1611972, stack(0x0000010ee1b00000,0x0000010ee1c00000)]
  0x000002eef8c5b800 JavaThread "Timer-117542" [_thread_blocked, id=1611968, stack(0x0000010ee1a00000,0x0000010ee1b00000)]
  0x000002eef8c61800 JavaThread "Timer-117541" [_thread_blocked, id=1611964, stack(0x0000010ee1900000,0x0000010ee1a00000)]
  0x000002eef8c5a800 JavaThread "Timer-117540" [_thread_blocked, id=1611960, stack(0x0000010ee1800000,0x0000010ee1900000)]
  0x000002eef8c60000 JavaThread "Timer-117539" [_thread_blocked, id=1611956, stack(0x0000010ee1700000,0x0000010ee1800000)]
  0x000002eef8c5e800 JavaThread "Timer-117538" [_thread_blocked, id=1611952, stack(0x0000010ee1600000,0x0000010ee1700000)]
  0x000002eef8c57800 JavaThread "Timer-117537" [_thread_blocked, id=1611948, stack(0x0000010ee1500000,0x0000010ee1600000)]
  0x000002eef8c5a000 JavaThread "Timer-117536" [_thread_blocked, id=1611944, stack(0x0000010ee1400000,0x0000010ee1500000)]
  0x000002eef8c57000 JavaThread "Timer-117535" [_thread_blocked, id=1611940, stack(0x0000010ee1300000,0x0000010ee1400000)]
  0x000002eef8c59000 JavaThread "Timer-117534" [_thread_blocked, id=1611936, stack(0x0000010ee1200000,0x0000010ee1300000)]
  0x000002eef8c54000 JavaThread "Timer-117533" [_thread_blocked, id=1611932, stack(0x0000010ee1100000,0x0000010ee1200000)]
  0x000002eef8c56000 JavaThread "Timer-117532" [_thread_blocked, id=1611928, stack(0x0000010ee1000000,0x0000010ee1100000)]
  0x000002eef8c55800 JavaThread "Timer-117531" [_thread_blocked, id=1611924, stack(0x0000010ee0f00000,0x0000010ee1000000)]
  0x000002eef8c58800 JavaThread "Timer-117530" [_thread_blocked, id=1611920, stack(0x0000010ee0e00000,0x0000010ee0f00000)]
  0x000002eef8c54800 JavaThread "Timer-117529" [_thread_blocked, id=1611916, stack(0x0000010ee0d00000,0x0000010ee0e00000)]
  0x000002eef8c92800 JavaThread "Timer-117528" [_thread_blocked, id=1611912, stack(0x0000010ee0c00000,0x0000010ee0d00000)]
  0x000002eef8c91800 JavaThread "Timer-117527" [_thread_blocked, id=1611908, stack(0x0000010ee0b00000,0x0000010ee0c00000)]
  0x000002eef8e60800 JavaThread "Timer-117526" [_thread_blocked, id=1611904, stack(0x0000010ee0a00000,0x0000010ee0b00000)]
  0x000002eef8e60000 JavaThread "Timer-117525" [_thread_blocked, id=1611900, stack(0x0000010ee0900000,0x0000010ee0a00000)]
  0x000002eef8e5d000 JavaThread "Timer-117524" [_thread_blocked, id=1611896, stack(0x0000010ee0800000,0x0000010ee0900000)]
  0x000002eef8e5f000 JavaThread "Timer-117523" [_thread_blocked, id=1611892, stack(0x0000010ee0700000,0x0000010ee0800000)]
  0x000002eef8e5e800 JavaThread "Timer-117522" [_thread_blocked, id=1611888, stack(0x0000010ee0600000,0x0000010ee0700000)]
  0x000002eef8e52800 JavaThread "Timer-117521" [_thread_blocked, id=1611884, stack(0x0000010ee0500000,0x0000010ee0600000)]
  0x000002eef8e59000 JavaThread "Timer-117520" [_thread_blocked, id=1611880, stack(0x0000010ee0400000,0x0000010ee0500000)]
  0x000002eef8e56000 JavaThread "Timer-117519" [_thread_blocked, id=1611876, stack(0x0000010ee0300000,0x0000010ee0400000)]
  0x000002eef8e57800 JavaThread "Timer-117518" [_thread_blocked, id=1611872, stack(0x0000010ee0200000,0x0000010ee0300000)]
  0x000002eef8e54800 JavaThread "Timer-117517" [_thread_blocked, id=1611868, stack(0x0000010ee0100000,0x0000010ee0200000)]
  0x000002eef8e51800 JavaThread "Timer-117516" [_thread_blocked, id=1611864, stack(0x0000010ee0000000,0x0000010ee0100000)]
  0x000002eef8e58800 JavaThread "Timer-117515" [_thread_blocked, id=1611860, stack(0x0000010edff00000,0x0000010ee0000000)]
  0x000002eef8e55800 JavaThread "Timer-117514" [_thread_blocked, id=1611856, stack(0x0000010edfe00000,0x0000010edff00000)]
  0x000002eef8e57000 JavaThread "Timer-117513" [_thread_blocked, id=1611852, stack(0x0000010edfd00000,0x0000010edfe00000)]
  0x000002eef8e54000 JavaThread "Timer-117512" [_thread_blocked, id=1611848, stack(0x0000010edfc00000,0x0000010edfd00000)]
  0x000002eef8e50000 JavaThread "Timer-117511" [_thread_blocked, id=1611844, stack(0x0000010edfb00000,0x0000010edfc00000)]
  0x000002eef8e53000 JavaThread "Timer-117510" [_thread_blocked, id=1611836, stack(0x0000010edfa00000,0x0000010edfb00000)]
  0x000002eef8e4a000 JavaThread "Timer-117509" [_thread_blocked, id=1611832, stack(0x0000010edf900000,0x0000010edfa00000)]
  0x000002eef8e51000 JavaThread "Timer-117508" [_thread_blocked, id=1611828, stack(0x0000010edf800000,0x0000010edf900000)]
  0x000002eef8e4f800 JavaThread "Timer-117507" [_thread_blocked, id=1611824, stack(0x0000010edf700000,0x0000010edf800000)]
  0x000002eef8e4b000 JavaThread "Timer-117506" [_thread_blocked, id=1611820, stack(0x0000010edf600000,0x0000010edf700000)]
  0x000002eef8e48000 JavaThread "Timer-117505" [_thread_blocked, id=1611816, stack(0x0000010edf500000,0x0000010edf600000)]
  0x000002eef8e4e800 JavaThread "Timer-117504" [_thread_blocked, id=1611812, stack(0x0000010edf400000,0x0000010edf500000)]
  0x000002eef8e48800 JavaThread "Timer-117503" [_thread_blocked, id=1611808, stack(0x0000010edf300000,0x0000010edf400000)]
  0x000002eef8e4d000 JavaThread "Timer-117502" [_thread_blocked, id=1611804, stack(0x0000010edf200000,0x0000010edf300000)]
  0x000002eef8e4c800 JavaThread "Timer-117501" [_thread_blocked, id=1611800, stack(0x0000010edf100000,0x0000010edf200000)]
  0x000002eef8e91800 JavaThread "Timer-117500" [_thread_blocked, id=1611796, stack(0x0000010edf000000,0x0000010edf100000)]
  0x000002eef8e92800 JavaThread "Timer-117499" [_thread_blocked, id=1611792, stack(0x0000010edef00000,0x0000010edf000000)]
  0x000002eef8e94800 JavaThread "Timer-117498" [_thread_blocked, id=1611788, stack(0x0000010edee00000,0x0000010edef00000)]
  0x000002eef8e93000 JavaThread "Timer-117497" [_thread_blocked, id=1611784, stack(0x0000010eded00000,0x0000010edee00000)]
  0x000002eef8e8a000 JavaThread "Timer-117496" [_thread_blocked, id=1611780, stack(0x0000010edec00000,0x0000010eded00000)]
  0x000002eef8e91000 JavaThread "Timer-117495" [_thread_blocked, id=1582180, stack(0x0000010edeb00000,0x0000010edec00000)]
  0x000002eef8e90000 JavaThread "Timer-117494" [_thread_blocked, id=1610724, stack(0x0000010edea00000,0x0000010edeb00000)]
  0x000002eef8e8e000 JavaThread "Timer-117493" [_thread_blocked, id=1588844, stack(0x0000010ede700000,0x0000010ede800000)]
  0x000002eef8e8c800 JavaThread "Timer-117492" [_thread_blocked, id=1565636, stack(0x0000010ede600000,0x0000010ede700000)]
  0x000002eef8e8b800 JavaThread "Timer-117491" [_thread_blocked, id=1609352, stack(0x0000010ede500000,0x0000010ede600000)]
  0x000002eef8e8b000 JavaThread "Timer-117490" [_thread_blocked, id=1605304, stack(0x0000010ede400000,0x0000010ede500000)]
  0x000002eef8e89800 JavaThread "Timer-117489" [_thread_blocked, id=21596, stack(0x0000010ede300000,0x0000010ede400000)]
  0x000002eef8e8f800 JavaThread "Timer-117488" [_thread_blocked, id=1605140, stack(0x0000010ede200000,0x0000010ede300000)]
  0x000002eef8e8d000 JavaThread "Timer-117487" [_thread_blocked, id=1611400, stack(0x0000010ede100000,0x0000010ede200000)]
  0x000002eef85a5000 JavaThread "Timer-117486" [_thread_blocked, id=2392, stack(0x0000010ede000000,0x0000010ede100000)]
  0x000002eef85a4800 JavaThread "Timer-117485" [_thread_blocked, id=1609912, stack(0x0000010eddf00000,0x0000010ede000000)]
  0x000002eef85a7800 JavaThread "Timer-117484" [_thread_blocked, id=1600940, stack(0x0000010edde00000,0x0000010eddf00000)]
  0x000002eef85a6000 JavaThread "Timer-117483" [_thread_blocked, id=1611088, stack(0x0000010eddd00000,0x0000010edde00000)]
  0x000002eef85a3800 JavaThread "Timer-117482" [_thread_blocked, id=1610316, stack(0x0000010eddc00000,0x0000010eddd00000)]
  0x000002eef85a6800 JavaThread "Timer-117481" [_thread_blocked, id=1583984, stack(0x0000010eddb00000,0x0000010eddc00000)]
  0x000002eef85a8000 JavaThread "Timer-117480" [_thread_blocked, id=1600944, stack(0x0000010edda00000,0x0000010eddb00000)]
  0x000002eef85a3000 JavaThread "Timer-117479" [_thread_blocked, id=1611772, stack(0x0000010edd900000,0x0000010edda00000)]
  0x000002eef85a0000 JavaThread "Timer-117478" [_thread_blocked, id=1611768, stack(0x0000010edd800000,0x0000010edd900000)]
  0x000002eef859d000 JavaThread "Timer-117477" [_thread_blocked, id=1611764, stack(0x0000010edd700000,0x0000010edd800000)]
  0x000002eef85a2000 JavaThread "Timer-117476" [_thread_blocked, id=1611760, stack(0x0000010edd600000,0x0000010edd700000)]
  0x000002eef859a800 JavaThread "Timer-117475" [_thread_blocked, id=1611756, stack(0x0000010edd500000,0x0000010edd600000)]
  0x000002eef859f000 JavaThread "Timer-117474" [_thread_blocked, id=1611752, stack(0x0000010edd400000,0x0000010edd500000)]
  0x000002eef859e800 JavaThread "Timer-117473" [_thread_blocked, id=1611748, stack(0x0000010edd300000,0x0000010edd400000)]
  0x000002eef859c000 JavaThread "Timer-117472" [_thread_blocked, id=1611744, stack(0x0000010edd200000,0x0000010edd300000)]
  0x000002eef85a1800 JavaThread "Timer-117471" [_thread_blocked, id=1611740, stack(0x0000010edd100000,0x0000010edd200000)]
  0x000002eef859a000 JavaThread "Timer-117470" [_thread_blocked, id=1611736, stack(0x0000010edd000000,0x0000010edd100000)]
  0x000002eef85a0800 JavaThread "Timer-117469" [_thread_blocked, id=1611732, stack(0x0000010edcf00000,0x0000010edd000000)]
  0x000002eef859d800 JavaThread "Timer-117468" [_thread_blocked, id=1611728, stack(0x0000010edce00000,0x0000010edcf00000)]
  0x000002eef8599000 JavaThread "Timer-117467" [_thread_blocked, id=1611724, stack(0x0000010edcd00000,0x0000010edce00000)]
  0x000002eef859b800 JavaThread "Timer-117466" [_thread_blocked, id=1611720, stack(0x0000010edcc00000,0x0000010edcd00000)]
  0x000002eef8598800 JavaThread "Timer-117465" [_thread_blocked, id=1611716, stack(0x0000010edcb00000,0x0000010edcc00000)]
  0x000002eef8597800 JavaThread "Timer-117464" [_thread_blocked, id=1611704, stack(0x0000010edca00000,0x0000010edcb00000)]
  0x000002eef8591000 JavaThread "Timer-117463" [_thread_blocked, id=1611700, stack(0x0000010edc900000,0x0000010edca00000)]
  0x000002eef8591800 JavaThread "Timer-117462" [_thread_blocked, id=1611696, stack(0x0000010edc800000,0x0000010edc900000)]
  0x000002eef8c91000 JavaThread "Timer-117461" [_thread_blocked, id=1611692, stack(0x0000010edc700000,0x0000010edc800000)]
  0x000002eef8c90000 JavaThread "Timer-117460" [_thread_blocked, id=1611688, stack(0x0000010edc600000,0x0000010edc700000)]
  0x000002eef8c8f800 JavaThread "Timer-117459" [_thread_blocked, id=1611684, stack(0x0000010edc500000,0x0000010edc600000)]
  0x000002eef8c93000 JavaThread "Timer-117458" [_thread_blocked, id=1611680, stack(0x0000010edc400000,0x0000010edc500000)]
  0x000002eef8e4b800 JavaThread "Timer-117457" [_thread_blocked, id=1611676, stack(0x0000010edc300000,0x0000010edc400000)]
  0x000002eef8e4e000 JavaThread "Timer-117456" [_thread_blocked, id=1611672, stack(0x0000010edc200000,0x0000010edc300000)]
  0x000002eef8e49800 JavaThread "Timer-117455" [_thread_blocked, id=1611668, stack(0x0000010edc100000,0x0000010edc200000)]
  0x000002eef86b4800 JavaThread "Timer-117454" [_thread_blocked, id=1611664, stack(0x0000010edc000000,0x0000010edc100000)]
  0x000002eef86bb800 JavaThread "Timer-117453" [_thread_blocked, id=1611660, stack(0x0000010edbf00000,0x0000010edc000000)]
  0x000002eef86b3800 JavaThread "Timer-117452" [_thread_blocked, id=1611656, stack(0x0000010edbe00000,0x0000010edbf00000)]
  0x000002eef8ad6000 JavaThread "Timer-117451" [_thread_blocked, id=1611652, stack(0x0000010edbd00000,0x0000010edbe00000)]
  0x000002eef8ad7800 JavaThread "Timer-117450" [_thread_blocked, id=1611648, stack(0x0000010edbc00000,0x0000010edbd00000)]
  0x000002eef8ad4000 JavaThread "Timer-117449" [_thread_blocked, id=1611644, stack(0x0000010edbb00000,0x0000010edbc00000)]
  0x000002eef8ad3000 JavaThread "Timer-117448" [_thread_blocked, id=1611640, stack(0x0000010edba00000,0x0000010edbb00000)]
  0x000002eef8aca000 JavaThread "Timer-117447" [_thread_blocked, id=1611636, stack(0x0000010edb900000,0x0000010edba00000)]
  0x000002eef8ad1000 JavaThread "Timer-117446" [_thread_blocked, id=1611632, stack(0x0000010edb800000,0x0000010edb900000)]
  0x000002eef8ac9800 JavaThread "Timer-117445" [_thread_blocked, id=1611628, stack(0x0000010edb700000,0x0000010edb800000)]
  0x000002eef8ad0000 JavaThread "Timer-117444" [_thread_blocked, id=1611624, stack(0x0000010edb600000,0x0000010edb700000)]
  0x000002eef8cb6800 JavaThread "Timer-117443" [_thread_blocked, id=1611620, stack(0x0000010edb500000,0x0000010edb600000)]
  0x000002eef8cbd000 JavaThread "Timer-117442" [_thread_blocked, id=1611616, stack(0x0000010edb400000,0x0000010edb500000)]
  0x000002eef86ba800 JavaThread "Timer-117441" [_thread_blocked, id=1611612, stack(0x0000010edb300000,0x0000010edb400000)]
  0x000002eef8cb5800 JavaThread "Timer-117440" [_thread_blocked, id=1611608, stack(0x0000010edb200000,0x0000010edb300000)]
  0x000002eef8cbc800 JavaThread "Timer-117439" [_thread_blocked, id=1611604, stack(0x0000010edb100000,0x0000010edb200000)]
  0x000002eef8cb7000 JavaThread "Timer-117438" [_thread_blocked, id=1611600, stack(0x0000010edb000000,0x0000010edb100000)]
  0x000002eef8cb5000 JavaThread "Timer-117437" [_thread_blocked, id=1611596, stack(0x0000010edaf00000,0x0000010edb000000)]
  0x000002eef8cbb800 JavaThread "Timer-117436" [_thread_blocked, id=1611592, stack(0x0000010edae00000,0x0000010edaf00000)]
  0x000002eef8cbb000 JavaThread "Timer-117435" [_thread_blocked, id=1611588, stack(0x0000010edad00000,0x0000010edae00000)]
  0x000002eef8cba000 JavaThread "Timer-117434" [_thread_blocked, id=1611584, stack(0x0000010edac00000,0x0000010edad00000)]
  0x000002eef8cb8800 JavaThread "Timer-117433" [_thread_blocked, id=1611580, stack(0x0000010edab00000,0x0000010edac00000)]
  0x000002eef8cb4000 JavaThread "Timer-117432" [_thread_blocked, id=1611576, stack(0x0000010edaa00000,0x0000010edab00000)]
  0x000002eef8cb3800 JavaThread "Timer-117431" [_thread_blocked, id=1611572, stack(0x0000010eda900000,0x0000010edaa00000)]
  0x000002eef8cb9800 JavaThread "Timer-117430" [_thread_blocked, id=1611568, stack(0x0000010eda800000,0x0000010eda900000)]
  0x000002eef8cac000 JavaThread "Timer-117429" [_thread_blocked, id=1611564, stack(0x0000010eda700000,0x0000010eda800000)]
  0x000002eef8cb2800 JavaThread "Timer-117428" [_thread_blocked, id=1611560, stack(0x0000010eda600000,0x0000010eda700000)]
  0x000002eef8cb2000 JavaThread "Timer-117427" [_thread_blocked, id=1611556, stack(0x0000010eda500000,0x0000010eda600000)]
  0x000002eef8caa800 JavaThread "Timer-117426" [_thread_blocked, id=1611552, stack(0x0000010eda400000,0x0000010eda500000)]
  0x000002eef8cb1000 JavaThread "Timer-117425" [_thread_blocked, id=1611548, stack(0x0000010eda300000,0x0000010eda400000)]
  0x000002eef8caf800 JavaThread "Timer-117424" [_thread_blocked, id=1611544, stack(0x0000010eda200000,0x0000010eda300000)]
  0x000002eef8cac800 JavaThread "Timer-117423" [_thread_blocked, id=1611540, stack(0x0000010eda100000,0x0000010eda200000)]
  0x000002eef8cab000 JavaThread "Timer-117422" [_thread_blocked, id=1611532, stack(0x0000010eda000000,0x0000010eda100000)]
  0x000002eef8caf000 JavaThread "Timer-117421" [_thread_blocked, id=1611528, stack(0x0000010ed9f00000,0x0000010eda000000)]
  0x000002eef8cb0800 JavaThread "Timer-117420" [_thread_blocked, id=1611524, stack(0x0000010ed9e00000,0x0000010ed9f00000)]
  0x000002eef8cad800 JavaThread "Timer-117419" [_thread_blocked, id=1611520, stack(0x0000010ed9d00000,0x0000010ed9e00000)]
  0x000002eef8cae000 JavaThread "Timer-117418" [_thread_blocked, id=1611516, stack(0x0000010ed9c00000,0x0000010ed9d00000)]
  0x000002eef8ca3000 JavaThread "Timer-117417" [_thread_blocked, id=1611512, stack(0x0000010ed9b00000,0x0000010ed9c00000)]
  0x000002eef8ca8000 JavaThread "Timer-117416" [_thread_blocked, id=1611508, stack(0x0000010ed9a00000,0x0000010ed9b00000)]
  0x000002eef8c88000 JavaThread "Timer-117415" [_thread_blocked, id=1611504, stack(0x0000010ed9900000,0x0000010ed9a00000)]
  0x000002eef8c8e800 JavaThread "Timer-117414" [_thread_blocked, id=1611496, stack(0x0000010ed9800000,0x0000010ed9900000)]
  0x000002eef8c87000 JavaThread "Timer-117413" [_thread_blocked, id=1611488, stack(0x0000010ed9700000,0x0000010ed9800000)]
  0x000002eef8c8e000 JavaThread "Timer-117412" [_thread_blocked, id=1611484, stack(0x0000010ed9600000,0x0000010ed9700000)]
  0x000002eef8c86800 JavaThread "Timer-117411" [_thread_blocked, id=1611480, stack(0x0000010ed9500000,0x0000010ed9600000)]
  0x000002eef8c8d000 JavaThread "Timer-117410" [_thread_blocked, id=1611476, stack(0x0000010ed9400000,0x0000010ed9500000)]
  0x000002eef8c85800 JavaThread "Timer-117409" [_thread_blocked, id=1611472, stack(0x0000010ed9300000,0x0000010ed9400000)]
  0x000002eef8c8c800 JavaThread "Timer-117408" [_thread_blocked, id=1611468, stack(0x0000010ed9200000,0x0000010ed9300000)]
  0x000002eef8ca9000 JavaThread "Timer-117407" [_thread_blocked, id=1611464, stack(0x0000010ed9100000,0x0000010ed9200000)]
  0x000002eef86b6000 JavaThread "Timer-117406" [_thread_blocked, id=1611460, stack(0x0000010ed9000000,0x0000010ed9100000)]
  0x000002eef86b5000 JavaThread "Timer-117405" [_thread_blocked, id=1611456, stack(0x0000010ed8f00000,0x0000010ed9000000)]
  0x000002eef86b3000 JavaThread "Timer-117404" [_thread_blocked, id=1611452, stack(0x0000010ed8e00000,0x0000010ed8f00000)]
  0x000002eef86ba000 JavaThread "Timer-117403" [_thread_blocked, id=1611448, stack(0x0000010ed8d00000,0x0000010ed8e00000)]
  0x000002eef86b2000 JavaThread "Timer-117402" [_thread_blocked, id=1611444, stack(0x0000010ed8c00000,0x0000010ed8d00000)]
  0x000002eef86b9000 JavaThread "Timer-117401" [_thread_blocked, id=1611440, stack(0x0000010ed8b00000,0x0000010ed8c00000)]
  0x000002eef86b7800 JavaThread "Timer-117400" [_thread_blocked, id=1611436, stack(0x0000010ed8a00000,0x0000010ed8b00000)]
  0x000002eef86b7000 JavaThread "Timer-117399" [_thread_blocked, id=1611432, stack(0x0000010ed8900000,0x0000010ed8a00000)]
  0x000002eef86b8800 JavaThread "Timer-117398" [_thread_blocked, id=1611428, stack(0x0000010ed8800000,0x0000010ed8900000)]
  0x000002eef86ac000 JavaThread "Timer-117397" [_thread_blocked, id=1611424, stack(0x0000010ed8700000,0x0000010ed8800000)]
  0x000002eef86ad800 JavaThread "Timer-117396" [_thread_blocked, id=1611420, stack(0x0000010ed8600000,0x0000010ed8700000)]
  0x000002eef86aa800 JavaThread "Timer-117395" [_thread_blocked, id=1611416, stack(0x0000010ed8500000,0x0000010ed8600000)]
  0x000002eef86ab800 JavaThread "Timer-117394" [_thread_blocked, id=1611412, stack(0x0000010ed8400000,0x0000010ed8500000)]
  0x000002eef86b1800 JavaThread "Timer-117393" [_thread_blocked, id=1611404, stack(0x0000010ed8300000,0x0000010ed8400000)]
  0x000002eef86aa000 JavaThread "Timer-117392" [_thread_blocked, id=1611396, stack(0x0000010ed8200000,0x0000010ed8300000)]
  0x000002eef8ca3800 JavaThread "Timer-117391" [_thread_blocked, id=1611392, stack(0x0000010ed8100000,0x0000010ed8200000)]
  0x000002eef8ca7800 JavaThread "Timer-117390" [_thread_blocked, id=1611388, stack(0x0000010ed8000000,0x0000010ed8100000)]
  0x000002eef8ca9800 JavaThread "Timer-117389" [_thread_blocked, id=1611384, stack(0x0000010ed7f00000,0x0000010ed8000000)]
  0x000002eef8ca6800 JavaThread "Timer-117388" [_thread_blocked, id=1611380, stack(0x0000010ed7e00000,0x0000010ed7f00000)]
  0x000002eef8c9f000 JavaThread "Timer-117387" [_thread_blocked, id=1611376, stack(0x0000010ed7d00000,0x0000010ed7e00000)]
  0x000002eef8ca6000 JavaThread "Timer-117386" [_thread_blocked, id=1611372, stack(0x0000010ed7c00000,0x0000010ed7d00000)]
  0x000002eef8ca0800 JavaThread "Timer-117385" [_thread_blocked, id=1611368, stack(0x0000010ed7b00000,0x0000010ed7c00000)]
  0x000002eef8ca5000 JavaThread "Timer-117384" [_thread_blocked, id=1611364, stack(0x0000010ed7a00000,0x0000010ed7b00000)]
  0x000002eef8ca2000 JavaThread "Timer-117383" [_thread_blocked, id=1611360, stack(0x0000010ed7900000,0x0000010ed7a00000)]
  0x000002eef8ca1800 JavaThread "Timer-117382" [_thread_blocked, id=1611356, stack(0x0000010ed7800000,0x0000010ed7900000)]
  0x000002eef8ca4800 JavaThread "Timer-117381" [_thread_blocked, id=1611352, stack(0x0000010ed7700000,0x0000010ed7800000)]
  0x000002eef8ca0000 JavaThread "Timer-117380" [_thread_blocked, id=1611348, stack(0x0000010ed7600000,0x0000010ed7700000)]
  0x000002eef8c97800 JavaThread "Timer-117379" [_thread_blocked, id=1611344, stack(0x0000010ed7500000,0x0000010ed7600000)]
  0x000002eef8c9e800 JavaThread "Timer-117378" [_thread_blocked, id=1611340, stack(0x0000010ed7400000,0x0000010ed7500000)]
  0x000002eef8ac8800 JavaThread "Timer-117377" [_thread_blocked, id=1611336, stack(0x0000010ed7300000,0x0000010ed7400000)]
  0x000002eef8acf800 JavaThread "Timer-117376" [_thread_blocked, id=1611332, stack(0x0000010ed7200000,0x0000010ed7300000)]
  0x000002eef8ace800 JavaThread "Timer-117375" [_thread_blocked, id=1611328, stack(0x0000010ed7100000,0x0000010ed7200000)]
  0x000002eef8ace000 JavaThread "Timer-117374" [_thread_blocked, id=1611324, stack(0x0000010ed7000000,0x0000010ed7100000)]
  0x000002eef8acd000 JavaThread "Timer-117373" [_thread_blocked, id=1611312, stack(0x0000010ed6f00000,0x0000010ed7000000)]
  0x000002eef8acc800 JavaThread "Timer-117372" [_thread_blocked, id=1611308, stack(0x0000010ed6e00000,0x0000010ed6f00000)]
  0x000002eef8acb800 JavaThread "Timer-117371" [_thread_blocked, id=1611304, stack(0x0000010ed6d00000,0x0000010ed6e00000)]
  0x000002eef8acb000 JavaThread "Timer-117370" [_thread_blocked, id=1611300, stack(0x0000010ed6c00000,0x0000010ed6d00000)]
  0x000002eef8ac8000 JavaThread "Timer-117369" [_thread_blocked, id=1611296, stack(0x0000010ed6b00000,0x0000010ed6c00000)]
  0x000002eef8c97000 JavaThread "Timer-117368" [_thread_blocked, id=1611292, stack(0x0000010ed6a00000,0x0000010ed6b00000)]
  0x000002eef8c9d800 JavaThread "Timer-117367" [_thread_blocked, id=1611288, stack(0x0000010ed6900000,0x0000010ed6a00000)]
  0x000002eef8c96000 JavaThread "Timer-117366" [_thread_blocked, id=1611284, stack(0x0000010ed6800000,0x0000010ed6900000)]
  0x000002eef8c9d000 JavaThread "Timer-117365" [_thread_blocked, id=1611280, stack(0x0000010ed6700000,0x0000010ed6800000)]
  0x000002eef8c95800 JavaThread "Timer-117364" [_thread_blocked, id=1611276, stack(0x0000010ed6600000,0x0000010ed6700000)]
  0x000002eef8c9b800 JavaThread "Timer-117363" [_thread_blocked, id=1611272, stack(0x0000010ed6500000,0x0000010ed6600000)]
  0x000002eef8c9a800 JavaThread "Timer-117362" [_thread_blocked, id=1611268, stack(0x0000010ed6400000,0x0000010ed6500000)]
  0x000002eef8c99000 JavaThread "Timer-117361" [_thread_blocked, id=1611264, stack(0x0000010ed6300000,0x0000010ed6400000)]
  0x000002eef8c9c000 JavaThread "Timer-117360" [_thread_blocked, id=1611260, stack(0x0000010ed6200000,0x0000010ed6300000)]
  0x000002eef8c98800 JavaThread "Timer-117359" [_thread_blocked, id=1611256, stack(0x0000010ed6100000,0x0000010ed6200000)]
  0x000002eef8c9a000 JavaThread "Timer-117358" [_thread_blocked, id=1611252, stack(0x0000010ed6000000,0x0000010ed6100000)]
  0x000002eef8c88800 JavaThread "Timer-117357" [_thread_blocked, id=1611248, stack(0x0000010ed5f00000,0x0000010ed6000000)]
  0x000002eef8c8b800 JavaThread "Timer-117356" [_thread_blocked, id=1611244, stack(0x0000010ed5e00000,0x0000010ed5f00000)]
  0x000002eef8c89800 JavaThread "Timer-117355" [_thread_blocked, id=1611240, stack(0x0000010ed5d00000,0x0000010ed5e00000)]
  0x000002eef8c8a000 JavaThread "Timer-117354" [_thread_blocked, id=1611236, stack(0x0000010ed5c00000,0x0000010ed5d00000)]
  0x000002eef8c85000 JavaThread "Timer-117353" [_thread_blocked, id=1611232, stack(0x0000010ed5b00000,0x0000010ed5c00000)]
  0x000002eef8c84000 JavaThread "Timer-117352" [_thread_blocked, id=1611228, stack(0x0000010ed5a00000,0x0000010ed5b00000)]
  0x000002eef8c8b000 JavaThread "Timer-117351" [_thread_blocked, id=1611224, stack(0x0000010ed5900000,0x0000010ed5a00000)]
  0x000002eef8a11000 JavaThread "Timer-117350" [_thread_blocked, id=1611220, stack(0x0000010ed5800000,0x0000010ed5900000)]
  0x000002eef8a10000 JavaThread "Timer-117349" [_thread_blocked, id=1611216, stack(0x0000010ed5700000,0x0000010ed5800000)]
  0x000002eef8a0f800 JavaThread "Timer-117348" [_thread_blocked, id=1611212, stack(0x0000010ed5600000,0x0000010ed5700000)]
  0x000002eef8a0e800 JavaThread "Timer-117347" [_thread_blocked, id=1611208, stack(0x0000010ed5500000,0x0000010ed5600000)]
  0x000002eef8a0e000 JavaThread "Timer-117346" [_thread_blocked, id=1611204, stack(0x0000010ed5400000,0x0000010ed5500000)]
  0x000002eef8a0d000 JavaThread "Timer-117345" [_thread_blocked, id=1611200, stack(0x0000010ed5300000,0x0000010ed5400000)]
  0x000002eef8a07000 JavaThread "Timer-117344" [_thread_blocked, id=1611196, stack(0x0000010ed5200000,0x0000010ed5300000)]
  0x000002eef8a06000 JavaThread "Timer-117343" [_thread_blocked, id=1611192, stack(0x0000010ed5100000,0x0000010ed5200000)]
  0x000002eef8a05800 JavaThread "Timer-117342" [_thread_blocked, id=1611188, stack(0x0000010ed5000000,0x0000010ed5100000)]
  0x000002eef8a0c000 JavaThread "Timer-117341" [_thread_blocked, id=1611184, stack(0x0000010ed4f00000,0x0000010ed5000000)]
  0x000002eef8a04800 JavaThread "Timer-117340" [_thread_blocked, id=1611180, stack(0x0000010ed4e00000,0x0000010ed4f00000)]
  0x000002eef8a0b800 JavaThread "Timer-117339" [_thread_blocked, id=1611176, stack(0x0000010ed4d00000,0x0000010ed4e00000)]
  0x000002eef8a0a000 JavaThread "Timer-117338" [_thread_blocked, id=1611172, stack(0x0000010ed4c00000,0x0000010ed4d00000)]
  0x000002eef8a0a800 JavaThread "Timer-117337" [_thread_blocked, id=1611168, stack(0x0000010ed4b00000,0x0000010ed4c00000)]
  0x000002eef8a04000 JavaThread "Timer-117336" [_thread_blocked, id=1611164, stack(0x0000010ed4a00000,0x0000010ed4b00000)]
  0x000002eef8a09000 JavaThread "Timer-117335" [_thread_blocked, id=1611160, stack(0x0000010ed4900000,0x0000010ed4a00000)]
  0x000002eef8a07800 JavaThread "Timer-117334" [_thread_blocked, id=1611156, stack(0x0000010ed4800000,0x0000010ed4900000)]
  0x000002eef8a02800 JavaThread "Timer-117333" [_thread_blocked, id=1611152, stack(0x0000010ed4700000,0x0000010ed4800000)]
  0x000002eef8a03000 JavaThread "Timer-117332" [_thread_blocked, id=1611148, stack(0x0000010ed4600000,0x0000010ed4700000)]
  0x000002eef8a08800 JavaThread "Timer-117331" [_thread_blocked, id=1611144, stack(0x0000010ed4500000,0x0000010ed4600000)]
  0x000002eef89fb000 JavaThread "Timer-117330" [_thread_blocked, id=1611140, stack(0x0000010ed4400000,0x0000010ed4500000)]
  0x000002eef8a01800 JavaThread "Timer-117329" [_thread_blocked, id=1611136, stack(0x0000010ed4300000,0x0000010ed4400000)]
  0x000002eef89fa000 JavaThread "Timer-117328" [_thread_blocked, id=1611132, stack(0x0000010ed4200000,0x0000010ed4300000)]
  0x000002eef89fd000 JavaThread "Timer-117327" [_thread_blocked, id=1611124, stack(0x0000010ed4100000,0x0000010ed4200000)]
  0x000002eef8a01000 JavaThread "Timer-117326" [_thread_blocked, id=1611116, stack(0x0000010ed4000000,0x0000010ed4100000)]
  0x000002eef89fe800 JavaThread "Timer-117325" [_thread_blocked, id=1611112, stack(0x0000010ed3f00000,0x0000010ed4000000)]
  0x000002eef89fc800 JavaThread "Timer-117324" [_thread_blocked, id=1611108, stack(0x0000010ed3e00000,0x0000010ed3f00000)]
  0x000002eef84d8000 JavaThread "Timer-117323" [_thread_blocked, id=1611104, stack(0x0000010ed3d00000,0x0000010ed3e00000)]
  0x000002eef84d6800 JavaThread "Timer-117322" [_thread_blocked, id=1611100, stack(0x0000010ed3c00000,0x0000010ed3d00000)]
  0x000002eef84dd800 JavaThread "Timer-117321" [_thread_blocked, id=1611096, stack(0x0000010ed3b00000,0x0000010ed3c00000)]
  0x000002eef84d6000 JavaThread "Timer-117320" [_thread_blocked, id=1611092, stack(0x0000010ed3a00000,0x0000010ed3b00000)]
  0x000002eef86b0800 JavaThread "Timer-117319" [_thread_blocked, id=1611084, stack(0x0000010ed3900000,0x0000010ed3a00000)]
  0x000002eef86af000 JavaThread "Timer-117318" [_thread_blocked, id=1611080, stack(0x0000010ed3800000,0x0000010ed3900000)]
  0x000002eef86ad000 JavaThread "Timer-117317" [_thread_blocked, id=1611072, stack(0x0000010ed3700000,0x0000010ed3800000)]
  0x000002eef8597000 JavaThread "Timer-117316" [_thread_blocked, id=1611060, stack(0x0000010ed3600000,0x0000010ed3700000)]
  0x000002eef858f800 JavaThread "Timer-117315" [_thread_blocked, id=1611056, stack(0x0000010ed3500000,0x0000010ed3600000)]
  0x000002eef8590000 JavaThread "Timer-117314" [_thread_blocked, id=1611052, stack(0x0000010ed3400000,0x0000010ed3500000)]
  0x000002eef8596000 JavaThread "Timer-117313" [_thread_blocked, id=1611048, stack(0x0000010ed3300000,0x0000010ed3400000)]
  0x000002eef8594800 JavaThread "Timer-117312" [_thread_blocked, id=1611044, stack(0x0000010ed3200000,0x0000010ed3300000)]
  0x000002eef8594000 JavaThread "Timer-117311" [_thread_blocked, id=1611040, stack(0x0000010ed3100000,0x0000010ed3200000)]
  0x000002eef8595800 JavaThread "Timer-117310" [_thread_blocked, id=1611036, stack(0x0000010ed3000000,0x0000010ed3100000)]
  0x000002eef8593000 JavaThread "Timer-117309" [_thread_blocked, id=1611032, stack(0x0000010ed2f00000,0x0000010ed3000000)]
  0x000002eef858e800 JavaThread "Timer-117308" [_thread_blocked, id=1611028, stack(0x0000010ed2e00000,0x0000010ed2f00000)]
  0x000002eef8592800 JavaThread "Timer-117307" [_thread_blocked, id=1611024, stack(0x0000010ed2d00000,0x0000010ed2e00000)]
  0x000002eef8587000 JavaThread "Timer-117306" [_thread_blocked, id=1611020, stack(0x0000010ed2c00000,0x0000010ed2d00000)]
  0x000002eef858e000 JavaThread "Timer-117305" [_thread_blocked, id=1611016, stack(0x0000010ed2b00000,0x0000010ed2c00000)]
  0x000002eef858c800 JavaThread "Timer-117304" [_thread_blocked, id=1611012, stack(0x0000010ed2a00000,0x0000010ed2b00000)]
  0x000002eef858b800 JavaThread "Timer-117303" [_thread_blocked, id=1611008, stack(0x0000010ed2900000,0x0000010ed2a00000)]
  0x000002eef858b000 JavaThread "Timer-117302" [_thread_blocked, id=1611004, stack(0x0000010ed2800000,0x0000010ed2900000)]
  0x000002eef858a000 JavaThread "Timer-117301" [_thread_blocked, id=1611000, stack(0x0000010ed2700000,0x0000010ed2800000)]
  0x000002eef8589800 JavaThread "Timer-117300" [_thread_blocked, id=1610996, stack(0x0000010ed2600000,0x0000010ed2700000)]
  0x000002eef8588800 JavaThread "Timer-117299" [_thread_blocked, id=1610992, stack(0x0000010ed2500000,0x0000010ed2600000)]
  0x000002eef858d000 JavaThread "Timer-117298" [_thread_blocked, id=1610988, stack(0x0000010ed2400000,0x0000010ed2500000)]
  0x000002eef8581000 JavaThread "Timer-117297" [_thread_blocked, id=1610984, stack(0x0000010ed2300000,0x0000010ed2400000)]
  0x000002eef8588000 JavaThread "Timer-117296" [_thread_blocked, id=1610980, stack(0x0000010ed2200000,0x0000010ed2300000)]
  0x000002eef8586800 JavaThread "Timer-117295" [_thread_blocked, id=1610976, stack(0x0000010ed2100000,0x0000010ed2200000)]
  0x000002eef8580000 JavaThread "Timer-117294" [_thread_blocked, id=1610972, stack(0x0000010ed2000000,0x0000010ed2100000)]
  0x000002eef8585800 JavaThread "Timer-117293" [_thread_blocked, id=1610968, stack(0x0000010ed1f00000,0x0000010ed2000000)]
  0x000002eef8584000 JavaThread "Timer-117292" [_thread_blocked, id=1610964, stack(0x0000010ed1e00000,0x0000010ed1f00000)]
  0x000002eef8585000 JavaThread "Timer-117291" [_thread_blocked, id=1610960, stack(0x0000010ed1d00000,0x0000010ed1e00000)]
  0x000002eef857f800 JavaThread "Timer-117290" [_thread_blocked, id=1610956, stack(0x0000010ed1c00000,0x0000010ed1d00000)]
  0x000002eef857e800 JavaThread "Timer-117289" [_thread_blocked, id=1610952, stack(0x0000010ed1b00000,0x0000010ed1c00000)]
  0x000002eef8583800 JavaThread "Timer-117288" [_thread_blocked, id=1610948, stack(0x0000010ed1a00000,0x0000010ed1b00000)]
  0x000002eef8582800 JavaThread "Timer-117287" [_thread_blocked, id=1610944, stack(0x0000010ed1900000,0x0000010ed1a00000)]
  0x000002eef8581800 JavaThread "Timer-117286" [_thread_blocked, id=1610940, stack(0x0000010ed1800000,0x0000010ed1900000)]
  0x000002eef8ac7000 JavaThread "Timer-117285" [_thread_blocked, id=1610936, stack(0x0000010ed1700000,0x0000010ed1800000)]
  0x000002eef8ac6800 JavaThread "Timer-117284" [_thread_blocked, id=1610932, stack(0x0000010ed1600000,0x0000010ed1700000)]
  0x000002eef8ac5800 JavaThread "Timer-117283" [_thread_blocked, id=1610928, stack(0x0000010ed1500000,0x0000010ed1600000)]
  0x000002eef8ac5000 JavaThread "Timer-117282" [_thread_blocked, id=1610924, stack(0x0000010ed1400000,0x0000010ed1500000)]
  0x000002eef8abf800 JavaThread "Timer-117281" [_thread_blocked, id=1610920, stack(0x0000010ed1300000,0x0000010ed1400000)]
  0x000002eef86b0000 JavaThread "Timer-117280" [_thread_blocked, id=1610916, stack(0x0000010ed1200000,0x0000010ed1300000)]
  0x000002eef86ae800 JavaThread "Timer-117279" [_thread_blocked, id=1610912, stack(0x0000010ed1100000,0x0000010ed1200000)]
  0x000002eef86a2800 JavaThread "Timer-117278" [_thread_blocked, id=1610908, stack(0x0000010ed1000000,0x0000010ed1100000)]
  0x000002eef86a9000 JavaThread "Timer-117277" [_thread_blocked, id=1610904, stack(0x0000010ed0f00000,0x0000010ed1000000)]
  0x000002eef8a00000 JavaThread "Timer-117276" [_thread_blocked, id=1610896, stack(0x0000010ed0e00000,0x0000010ed0f00000)]
  0x000002eef89fb800 JavaThread "Timer-117275" [_thread_blocked, id=1610892, stack(0x0000010ed0d00000,0x0000010ed0e00000)]
  0x000002eef89fe000 JavaThread "Timer-117274" [_thread_blocked, id=1610888, stack(0x0000010ed0c00000,0x0000010ed0d00000)]
  0x000002eef89ff800 JavaThread "Timer-117273" [_thread_blocked, id=1610884, stack(0x0000010ed0b00000,0x0000010ed0c00000)]
  0x000002eef89f2800 JavaThread "Timer-117272" [_thread_blocked, id=1610880, stack(0x0000010ed0a00000,0x0000010ed0b00000)]
  0x000002eef89f9800 JavaThread "Timer-117271" [_thread_blocked, id=1610876, stack(0x0000010ed0900000,0x0000010ed0a00000)]
  0x000002eef89f8000 JavaThread "Timer-117270" [_thread_blocked, id=1610872, stack(0x0000010ed0800000,0x0000010ed0900000)]
  0x000002eef89f7000 JavaThread "Timer-117269" [_thread_blocked, id=1610868, stack(0x0000010ed0700000,0x0000010ed0800000)]
  0x000002eef89f8800 JavaThread "Timer-117268" [_thread_blocked, id=1610864, stack(0x0000010ed0600000,0x0000010ed0700000)]
  0x000002eef89f6800 JavaThread "Timer-117267" [_thread_blocked, id=1610860, stack(0x0000010ed0500000,0x0000010ed0600000)]
  0x000002eef89ef000 JavaThread "Timer-117266" [_thread_blocked, id=1610856, stack(0x0000010ed0400000,0x0000010ed0500000)]
  0x000002eef89f5800 JavaThread "Timer-117265" [_thread_blocked, id=1610852, stack(0x0000010ed0300000,0x0000010ed0400000)]
  0x000002eef89f0800 JavaThread "Timer-117264" [_thread_blocked, id=1610848, stack(0x0000010ed0200000,0x0000010ed0300000)]
  0x000002eef89f5000 JavaThread "Timer-117263" [_thread_blocked, id=1610844, stack(0x0000010ed0100000,0x0000010ed0200000)]
  0x000002eef89ed800 JavaThread "Timer-117262" [_thread_blocked, id=1610840, stack(0x0000010ed0000000,0x0000010ed0100000)]
  0x000002eef89f4000 JavaThread "Timer-117261" [_thread_blocked, id=1610836, stack(0x0000010ecff00000,0x0000010ed0000000)]
  0x000002eef89ec800 JavaThread "Timer-117260" [_thread_blocked, id=1610832, stack(0x0000010ecfe00000,0x0000010ecff00000)]
  0x000002eef89ef800 JavaThread "Timer-117259" [_thread_blocked, id=1610828, stack(0x0000010ecfd00000,0x0000010ecfe00000)]
  0x000002eef89ee000 JavaThread "Timer-117258" [_thread_blocked, id=1610824, stack(0x0000010ecfc00000,0x0000010ecfd00000)]
  0x000002eef89f1000 JavaThread "Timer-117257" [_thread_blocked, id=1610820, stack(0x0000010ecfb00000,0x0000010ecfc00000)]
  0x000002eef89f2000 JavaThread "Timer-117256" [_thread_blocked, id=1610816, stack(0x0000010ecfa00000,0x0000010ecfb00000)]
  0x000002eef89f3800 JavaThread "Timer-117255" [_thread_blocked, id=1610812, stack(0x0000010ecf900000,0x0000010ecfa00000)]
  0x000002eef89ec000 JavaThread "Timer-117254" [_thread_blocked, id=1610808, stack(0x0000010ecf800000,0x0000010ecf900000)]
  0x000002eef89eb000 JavaThread "Timer-117253" [_thread_blocked, id=1610804, stack(0x0000010ecf700000,0x0000010ecf800000)]
  0x000002eef89e3800 JavaThread "Timer-117252" [_thread_blocked, id=1610800, stack(0x0000010ecf600000,0x0000010ecf700000)]
  0x000002eef89ea800 JavaThread "Timer-117251" [_thread_blocked, id=1610796, stack(0x0000010ecf500000,0x0000010ecf600000)]
  0x000002eef89e3000 JavaThread "Timer-117250" [_thread_blocked, id=1610792, stack(0x0000010ecf400000,0x0000010ecf500000)]
  0x000002eef89e9800 JavaThread "Timer-117249" [_thread_blocked, id=1610788, stack(0x0000010ecf300000,0x0000010ecf400000)]
  0x000002eef89e5000 JavaThread "Timer-117248" [_thread_blocked, id=1610784, stack(0x0000010ecf200000,0x0000010ecf300000)]
  0x000002eef89e9000 JavaThread "Timer-117247" [_thread_blocked, id=1610780, stack(0x0000010ecf100000,0x0000010ecf200000)]
  0x000002eef89e4800 JavaThread "Timer-117246" [_thread_blocked, id=1610776, stack(0x0000010ecf000000,0x0000010ecf100000)]
  0x000002eef89e8000 JavaThread "Timer-117245" [_thread_blocked, id=1610772, stack(0x0000010ecef00000,0x0000010ecf000000)]
  0x000002eef89e2000 JavaThread "Timer-117244" [_thread_blocked, id=1610768, stack(0x0000010ecee00000,0x0000010ecef00000)]
  0x000002eef89e7800 JavaThread "Timer-117243" [_thread_blocked, id=1610764, stack(0x0000010eced00000,0x0000010ecee00000)]
  0x000002eef89e6000 JavaThread "Timer-117242" [_thread_blocked, id=1610760, stack(0x0000010ecec00000,0x0000010eced00000)]
  0x000002eef89e6800 JavaThread "Timer-117241" [_thread_blocked, id=1610756, stack(0x0000010eceb00000,0x0000010ecec00000)]
  0x000002eef89e1800 JavaThread "Timer-117240" [_thread_blocked, id=1513972, stack(0x0000010ecea00000,0x0000010eceb00000)]
  0x000002eef8a21800 JavaThread "Timer-117239" [_thread_blocked, id=1607416, stack(0x0000010ece700000,0x0000010ece800000)]
  0x000002eef8abd000 JavaThread "Timer-117238" [_thread_blocked, id=1603392, stack(0x0000010ece600000,0x0000010ece700000)]
  0x000002eef8ac4000 JavaThread "Timer-117237" [_thread_blocked, id=1537768, stack(0x0000010ece500000,0x0000010ece600000)]
  0x000002eef8ac2000 JavaThread "Timer-117236" [_thread_blocked, id=1604320, stack(0x0000010ece400000,0x0000010ece500000)]
  0x000002eef8ac2800 JavaThread "Timer-117235" [_thread_blocked, id=1610640, stack(0x0000010ece300000,0x0000010ece400000)]
  0x000002eef8ac1000 JavaThread "Timer-117234" [_thread_blocked, id=1609996, stack(0x0000010ece200000,0x0000010ece300000)]
  0x000002eef86a7000 JavaThread "Timer-117233" [_thread_blocked, id=1603332, stack(0x0000010ece100000,0x0000010ece200000)]
  0x000002eef86a8800 JavaThread "Timer-117232" [_thread_blocked, id=1537732, stack(0x0000010ece000000,0x0000010ece100000)]
  0x000002eef86a1000 JavaThread "Timer-117231" [_thread_blocked, id=1601664, stack(0x0000010ecdf00000,0x0000010ece000000)]
  0x000002eef86a7800 JavaThread "Timer-117230" [_thread_blocked, id=1601668, stack(0x0000010ecde00000,0x0000010ecdf00000)]
  0x000002eef86a0000 JavaThread "Timer-117229" [_thread_blocked, id=1601696, stack(0x0000010ecdd00000,0x0000010ecde00000)]
  0x000002eef86a6000 JavaThread "Timer-117228" [_thread_blocked, id=1499192, stack(0x0000010ecdc00000,0x0000010ecdd00000)]
  0x000002eef86a1800 JavaThread "Timer-117227" [_thread_blocked, id=1535580, stack(0x0000010ecdb00000,0x0000010ecdc00000)]
  0x000002eef869e800 JavaThread "Timer-117226" [_thread_blocked, id=1544364, stack(0x0000010ecda00000,0x0000010ecdb00000)]
  0x000002eef86a5800 JavaThread "Timer-117225" [_thread_blocked, id=1545052, stack(0x0000010ecd900000,0x0000010ecda00000)]
  0x000002eef869e000 JavaThread "Timer-117224" [_thread_blocked, id=1545268, stack(0x0000010ecd800000,0x0000010ecd900000)]
  0x000002eef86a4800 JavaThread "Timer-117223" [_thread_blocked, id=1544868, stack(0x0000010ecd700000,0x0000010ecd800000)]
  0x000002eef86a4000 JavaThread "Timer-117222" [_thread_blocked, id=1540888, stack(0x0000010ecd600000,0x0000010ecd700000)]
  0x000002eef7f76000 JavaThread "Timer-117221" [_thread_blocked, id=1545232, stack(0x0000010ecd500000,0x0000010ecd600000)]
  0x000002eef7f75800 JavaThread "Timer-117220" [_thread_blocked, id=1545016, stack(0x0000010ecd400000,0x0000010ecd500000)]
  0x000002eef7f72800 JavaThread "Timer-117219" [_thread_blocked, id=1544896, stack(0x0000010ecd300000,0x0000010ecd400000)]
  0x000002eef7f71000 JavaThread "Timer-117218" [_thread_blocked, id=1545036, stack(0x0000010ecd200000,0x0000010ecd300000)]
  0x000002eef7f74000 JavaThread "Timer-117217" [_thread_blocked, id=1544808, stack(0x0000010ecd100000,0x0000010ecd200000)]
  0x000002eef7f68000 JavaThread "Timer-117216" [_thread_blocked, id=1545224, stack(0x0000010ecd000000,0x0000010ecd100000)]
  0x000002eef7f6e800 JavaThread "Timer-117215" [_thread_blocked, id=1545228, stack(0x0000010eccf00000,0x0000010ecd000000)]
  0x000002eef7f6b800 JavaThread "Timer-117214" [_thread_blocked, id=1544784, stack(0x0000010ecce00000,0x0000010eccf00000)]
  0x000002eef7f69800 JavaThread "Timer-117213" [_thread_blocked, id=1544956, stack(0x0000010eccd00000,0x0000010ecce00000)]
  0x000002eef8abe800 JavaThread "Timer-117212" [_thread_blocked, id=1544996, stack(0x0000010eccc00000,0x0000010eccd00000)]
  0x000002eef8ac3800 JavaThread "Timer-117211" [_thread_blocked, id=1544988, stack(0x0000010eccb00000,0x0000010eccc00000)]
  0x000002eef8abe000 JavaThread "Timer-117210" [_thread_blocked, id=1545212, stack(0x0000010ecca00000,0x0000010eccb00000)]
  0x000002eef8ac0800 JavaThread "Timer-117209" [_thread_blocked, id=1544732, stack(0x0000010ecc900000,0x0000010ecca00000)]
  0x000002eef8ab5800 JavaThread "Timer-117208" [_thread_blocked, id=1545204, stack(0x0000010ecc800000,0x0000010ecc900000)]
  0x000002eef8abc800 JavaThread "Timer-117207" [_thread_blocked, id=1545040, stack(0x0000010ecc700000,0x0000010ecc800000)]
  0x000002eef8ab6800 JavaThread "Timer-117206" [_thread_blocked, id=1545048, stack(0x0000010ecc600000,0x0000010ecc700000)]
  0x000002eef8abb800 JavaThread "Timer-117205" [_thread_blocked, id=1544864, stack(0x0000010ecc500000,0x0000010ecc600000)]
  0x000002eef8ab5000 JavaThread "Timer-117204" [_thread_blocked, id=1545248, stack(0x0000010ecc400000,0x0000010ecc500000)]
  0x000002eef8ab4000 JavaThread "Timer-117203" [_thread_blocked, id=1545108, stack(0x0000010ecc300000,0x0000010ecc400000)]
  0x000002eef8abb000 JavaThread "Timer-117202" [_thread_blocked, id=1545068, stack(0x0000010ecc200000,0x0000010ecc300000)]
  0x000002eef8aba000 JavaThread "Timer-117201" [_thread_blocked, id=1545264, stack(0x0000010ecc100000,0x0000010ecc200000)]
  0x000002eef8ab8000 JavaThread "Timer-117200" [_thread_blocked, id=1545092, stack(0x0000010ecc000000,0x0000010ecc100000)]
  0x000002eef8ab9800 JavaThread "Timer-117199" [_thread_blocked, id=1545252, stack(0x0000010ecbf00000,0x0000010ecc000000)]
  0x000002eef8ab7000 JavaThread "Timer-117198" [_thread_blocked, id=1545084, stack(0x0000010ecbe00000,0x0000010ecbf00000)]
  0x000002eef8ab8800 JavaThread "Timer-117197" [_thread_blocked, id=1545148, stack(0x0000010ecbd00000,0x0000010ecbe00000)]
  0x000002eef8aac800 JavaThread "Timer-117196" [_thread_blocked, id=1544928, stack(0x0000010ecbc00000,0x0000010ecbd00000)]
  0x000002eef8ab3800 JavaThread "Timer-117195" [_thread_blocked, id=1545260, stack(0x0000010ecbb00000,0x0000010ecbc00000)]
  0x000002eef8aac000 JavaThread "Timer-117194" [_thread_blocked, id=426556, stack(0x0000010ecba00000,0x0000010ecbb00000)]
  0x000002eef8ab2000 JavaThread "Timer-117193" [_thread_blocked, id=1545160, stack(0x0000010ecb900000,0x0000010ecba00000)]
  0x000002eef8ab1000 JavaThread "Timer-117192" [_thread_blocked, id=1515812, stack(0x0000010ecb800000,0x0000010ecb900000)]
  0x000002eef8ab0800 JavaThread "Timer-117191" [_thread_blocked, id=1545172, stack(0x0000010ecb700000,0x0000010ecb800000)]
  0x000002eef8aaf000 JavaThread "Timer-117190" [_thread_blocked, id=949840, stack(0x0000010ecb600000,0x0000010ecb700000)]
  0x000002eef8ab2800 JavaThread "Timer-117189" [_thread_blocked, id=1545208, stack(0x0000010ecb500000,0x0000010ecb600000)]
  0x000002eef8aaf800 JavaThread "Timer-117188" [_thread_blocked, id=1545024, stack(0x0000010ecb400000,0x0000010ecb500000)]
  0x000002eef8aab000 JavaThread "Timer-117187" [_thread_blocked, id=1544976, stack(0x0000010ecb300000,0x0000010ecb400000)]
  0x000002eef8aae000 JavaThread "Timer-117186" [_thread_blocked, id=1545020, stack(0x0000010ecb200000,0x0000010ecb300000)]
  0x000002eef8aa6800 JavaThread "Timer-117185" [_thread_blocked, id=1544968, stack(0x0000010ecb100000,0x0000010ecb200000)]
  0x000002eef8aa9000 JavaThread "Timer-117184" [_thread_blocked, id=1544972, stack(0x0000010ecb000000,0x0000010ecb100000)]
  0x000002eef8aa8000 JavaThread "Timer-117183" [_thread_blocked, id=1554352, stack(0x0000010ecaf00000,0x0000010ecb000000)]
  0x000002eef8aa7800 JavaThread "Timer-117182" [_thread_blocked, id=1529400, stack(0x0000010ecae00000,0x0000010ecaf00000)]
  0x000002eef8aad800 JavaThread "Timer-117181" [_thread_blocked, id=1564960, stack(0x0000010ecad00000,0x0000010ecae00000)]
  0x000002eef8aa5000 JavaThread "Timer-117180" [_thread_blocked, id=1536908, stack(0x0000010ecac00000,0x0000010ecad00000)]
  0x000002eef8aa4800 JavaThread "Timer-117179" [_thread_blocked, id=1546344, stack(0x0000010ecab00000,0x0000010ecac00000)]
  0x000002eef8aaa800 JavaThread "Timer-117178" [_thread_blocked, id=1553712, stack(0x0000010ecaa00000,0x0000010ecab00000)]
  0x000002eef8aa6000 JavaThread "Timer-117177" [_thread_blocked, id=1551792, stack(0x0000010eca900000,0x0000010ecaa00000)]
  0x000002eef8aa9800 JavaThread "Timer-117176" [_thread_blocked, id=1566372, stack(0x0000010eca800000,0x0000010eca900000)]
  0x000002eef8a9d800 JavaThread "Timer-117175" [_thread_blocked, id=1549788, stack(0x0000010eca700000,0x0000010eca800000)]
  0x000002eef8aa3800 JavaThread "Timer-117174" [_thread_blocked, id=1581736, stack(0x0000010eca600000,0x0000010eca700000)]
  0x000002eef8a9c000 JavaThread "Timer-117173" [_thread_blocked, id=1509756, stack(0x0000010eca500000,0x0000010eca600000)]
  0x000002eef8aa3000 JavaThread "Timer-117172" [_thread_blocked, id=1509788, stack(0x0000010eca400000,0x0000010eca500000)]
  0x000002eef8aa2000 JavaThread "Timer-117171" [_thread_blocked, id=1610260, stack(0x0000010eca300000,0x0000010eca400000)]
  0x000002eef8aa1800 JavaThread "Timer-117170" [_thread_blocked, id=1609592, stack(0x0000010eca200000,0x0000010eca300000)]
  0x000002eef8aa0800 JavaThread "Timer-117169" [_thread_blocked, id=1603292, stack(0x0000010eca100000,0x0000010eca200000)]
  0x000002eef8a99000 JavaThread "Timer-117168" [_thread_blocked, id=1569048, stack(0x0000010eca000000,0x0000010eca100000)]
  0x000002eef8a9d000 JavaThread "Timer-117167" [_thread_blocked, id=1605028, stack(0x0000010ec9f00000,0x0000010eca000000)]
  0x000002eef8a9b800 JavaThread "Timer-117166" [_thread_blocked, id=1605260, stack(0x0000010ec9e00000,0x0000010ec9f00000)]
  0x000002eef8a9a800 JavaThread "Timer-117165" [_thread_blocked, id=1610748, stack(0x0000010ec9d00000,0x0000010ec9e00000)]
  0x000002eef8a9a000 JavaThread "Timer-117164" [_thread_blocked, id=1610744, stack(0x0000010ec9c00000,0x0000010ec9d00000)]
  0x000002eef8aa0000 JavaThread "Timer-117163" [_thread_blocked, id=1610740, stack(0x0000010ec9b00000,0x0000010ec9c00000)]
  0x000002eef8a98800 JavaThread "Timer-117162" [_thread_blocked, id=1610736, stack(0x0000010ec9a00000,0x0000010ec9b00000)]
  0x000002eef8a9f000 JavaThread "Timer-117161" [_thread_blocked, id=1610732, stack(0x0000010ec9900000,0x0000010ec9a00000)]
  0x000002eef8a9e800 JavaThread "Timer-117160" [_thread_blocked, id=1610728, stack(0x0000010ec9800000,0x0000010ec9900000)]
  0x000002eef82f1800 JavaThread "Timer-117159" [_thread_blocked, id=1610716, stack(0x0000010ec9700000,0x0000010ec9800000)]
  0x000002eef82ef800 JavaThread "Timer-117158" [_thread_blocked, id=1610712, stack(0x0000010ec9600000,0x0000010ec9700000)]
  0x000002eef82f6000 JavaThread "Timer-117157" [_thread_blocked, id=1610708, stack(0x0000010ec9500000,0x0000010ec9600000)]
  0x000002eef82f3000 JavaThread "Timer-117156" [_thread_blocked, id=1610704, stack(0x0000010ec9400000,0x0000010ec9500000)]
  0x000002eef82f2800 JavaThread "Timer-117155" [_thread_blocked, id=1610700, stack(0x0000010ec9300000,0x0000010ec9400000)]
  0x000002eef84db000 JavaThread "Timer-117154" [_thread_blocked, id=1610696, stack(0x0000010ec9200000,0x0000010ec9300000)]
  0x000002eef84d7800 JavaThread "Timer-117153" [_thread_blocked, id=1610692, stack(0x0000010ec9100000,0x0000010ec9200000)]
  0x000002eef84dc800 JavaThread "Timer-117152" [_thread_blocked, id=1610688, stack(0x0000010ec9000000,0x0000010ec9100000)]
  0x000002eef84dc000 JavaThread "Timer-117151" [_thread_blocked, id=1610684, stack(0x0000010ec8f00000,0x0000010ec9000000)]
  0x000002eef84da800 JavaThread "Timer-117150" [_thread_blocked, id=1610680, stack(0x0000010ec8e00000,0x0000010ec8f00000)]
  0x000002eef84d9000 JavaThread "Timer-117149" [_thread_blocked, id=1610676, stack(0x0000010ec8d00000,0x0000010ec8e00000)]
  0x000002eef84d9800 JavaThread "Timer-117148" [_thread_blocked, id=1610672, stack(0x0000010ec8c00000,0x0000010ec8d00000)]
  0x000002eef84ce800 JavaThread "Timer-117147" [_thread_blocked, id=1610668, stack(0x0000010ec8b00000,0x0000010ec8c00000)]
  0x000002eef84d4800 JavaThread "Timer-117146" [_thread_blocked, id=1610664, stack(0x0000010ec8a00000,0x0000010ec8b00000)]
  0x000002eef84d3000 JavaThread "Timer-117145" [_thread_blocked, id=1610660, stack(0x0000010ec8900000,0x0000010ec8a00000)]
  0x000002eef84d0800 JavaThread "Timer-117144" [_thread_blocked, id=1610656, stack(0x0000010ec8800000,0x0000010ec8900000)]
  0x000002eef84d2000 JavaThread "Timer-117143" [_thread_blocked, id=1610652, stack(0x0000010ec8700000,0x0000010ec8800000)]
  0x000002eef84d0000 JavaThread "Timer-117142" [_thread_blocked, id=1610648, stack(0x0000010ec8600000,0x0000010ec8700000)]
  0x000002eef84d5000 JavaThread "Timer-117141" [_thread_blocked, id=1610628, stack(0x0000010ec8500000,0x0000010ec8600000)]
  0x000002eef84d1800 JavaThread "Timer-117140" [_thread_blocked, id=1610624, stack(0x0000010ec8400000,0x0000010ec8500000)]
  0x000002eef8a20000 JavaThread "Timer-117139" [_thread_blocked, id=1610620, stack(0x0000010ec8300000,0x0000010ec8400000)]
  0x000002eef8a1e800 JavaThread "Timer-117138" [_thread_blocked, id=1610616, stack(0x0000010ec8200000,0x0000010ec8300000)]
  0x000002eef8a1d800 JavaThread "Timer-117137" [_thread_blocked, id=1610612, stack(0x0000010ec8100000,0x0000010ec8200000)]
  0x000002eef8a20800 JavaThread "Timer-117136" [_thread_blocked, id=1610608, stack(0x0000010ec8000000,0x0000010ec8100000)]
  0x000002eef8a1f000 JavaThread "Timer-117135" [_thread_blocked, id=1610604, stack(0x0000010ec7f00000,0x0000010ec8000000)]
  0x000002eef8577000 JavaThread "Timer-117134" [_thread_blocked, id=1610600, stack(0x0000010ec7e00000,0x0000010ec7f00000)]
  0x000002eef857e000 JavaThread "Timer-117133" [_thread_blocked, id=1610596, stack(0x0000010ec7d00000,0x0000010ec7e00000)]
  0x000002eef857c800 JavaThread "Timer-117132" [_thread_blocked, id=1610592, stack(0x0000010ec7c00000,0x0000010ec7d00000)]
  0x000002eef857b800 JavaThread "Timer-117131" [_thread_blocked, id=1610588, stack(0x0000010ec7b00000,0x0000010ec7c00000)]
  0x000002eef8579800 JavaThread "Timer-117130" [_thread_blocked, id=1610584, stack(0x0000010ec7a00000,0x0000010ec7b00000)]
  0x000002eef8578800 JavaThread "Timer-117129" [_thread_blocked, id=1610580, stack(0x0000010ec7900000,0x0000010ec7a00000)]
  0x000002eef8a1d000 JavaThread "Timer-117128" [_thread_blocked, id=1610576, stack(0x0000010ec7800000,0x0000010ec7900000)]
  0x000002eef8a15800 JavaThread "Timer-117127" [_thread_blocked, id=1610572, stack(0x0000010ec7700000,0x0000010ec7800000)]
  0x000002eef8a1c000 JavaThread "Timer-117126" [_thread_blocked, id=1610568, stack(0x0000010ec7600000,0x0000010ec7700000)]
  0x000002eef8a14800 JavaThread "Timer-117125" [_thread_blocked, id=1610564, stack(0x0000010ec7500000,0x0000010ec7600000)]
  0x000002eef8a1a000 JavaThread "Timer-117124" [_thread_blocked, id=1610560, stack(0x0000010ec7400000,0x0000010ec7500000)]
  0x000002eef8a19000 JavaThread "Timer-117123" [_thread_blocked, id=1610556, stack(0x0000010ec7300000,0x0000010ec7400000)]
  0x000002eef8a1a800 JavaThread "Timer-117122" [_thread_blocked, id=1610552, stack(0x0000010ec7200000,0x0000010ec7300000)]
  0x000002eef8a17000 JavaThread "Timer-117121" [_thread_blocked, id=1610548, stack(0x0000010ec7100000,0x0000010ec7200000)]
  0x000002eef8a16000 JavaThread "Timer-117120" [_thread_blocked, id=1610544, stack(0x0000010ec7000000,0x0000010ec7100000)]
  0x000002eef8a1b800 JavaThread "Timer-117119" [_thread_blocked, id=1610540, stack(0x0000010ec6f00000,0x0000010ec7000000)]
  0x000002eef8a17800 JavaThread "Timer-117118" [_thread_blocked, id=1610536, stack(0x0000010ec6e00000,0x0000010ec6f00000)]
  0x000002eef8a12800 JavaThread "Timer-117117" [_thread_blocked, id=1610532, stack(0x0000010ec6d00000,0x0000010ec6e00000)]
  0x000002eef8a14000 JavaThread "Timer-117116" [_thread_blocked, id=1610528, stack(0x0000010ec6c00000,0x0000010ec6d00000)]
  0x000002eef8a18800 JavaThread "Timer-117115" [_thread_blocked, id=1610524, stack(0x0000010ec6b00000,0x0000010ec6c00000)]
  0x000002eef8a11800 JavaThread "Timer-117114" [_thread_blocked, id=1610520, stack(0x0000010ec6a00000,0x0000010ec6b00000)]
  0x000002eef8a13000 JavaThread "Timer-117113" [_thread_blocked, id=1610512, stack(0x0000010ec6900000,0x0000010ec6a00000)]
  0x000002eef7c7e800 JavaThread "Timer-117112" [_thread_blocked, id=1610508, stack(0x0000010ec6800000,0x0000010ec6900000)]
  0x000002eef7c84800 JavaThread "Timer-117111" [_thread_blocked, id=1610504, stack(0x0000010ec6700000,0x0000010ec6800000)]
  0x000002eef7c82000 JavaThread "Timer-117110" [_thread_blocked, id=1610496, stack(0x0000010ec6600000,0x0000010ec6700000)]
  0x000002eef7c81800 JavaThread "Timer-117109" [_thread_blocked, id=1610492, stack(0x0000010ec6500000,0x0000010ec6600000)]
  0x000002eef7c83000 JavaThread "Timer-117108" [_thread_blocked, id=1610488, stack(0x0000010ec6400000,0x0000010ec6500000)]
  0x000002eef7c83800 JavaThread "Timer-117107" [_thread_blocked, id=1610484, stack(0x0000010ec6300000,0x0000010ec6400000)]
  0x000002eef7c85000 JavaThread "Timer-117106" [_thread_blocked, id=1610480, stack(0x0000010ec6200000,0x0000010ec6300000)]
  0x000002eef7c7a000 JavaThread "Timer-117105" [_thread_blocked, id=1610476, stack(0x0000010ec6100000,0x0000010ec6200000)]
  0x000002eef84cd800 JavaThread "Timer-117104" [_thread_blocked, id=1610472, stack(0x0000010ec6000000,0x0000010ec6100000)]
  0x000002eef84d3800 JavaThread "Timer-117103" [_thread_blocked, id=1610468, stack(0x0000010ec5f00000,0x0000010ec6000000)]
  0x000002eef84cf000 JavaThread "Timer-117102" [_thread_blocked, id=1610460, stack(0x0000010ec5e00000,0x0000010ec5f00000)]
  0x000002eef84cd000 JavaThread "Timer-117101" [_thread_blocked, id=1610456, stack(0x0000010ec5d00000,0x0000010ec5e00000)]
  0x000002eef84c5000 JavaThread "Timer-117100" [_thread_blocked, id=1610452, stack(0x0000010ec5c00000,0x0000010ec5d00000)]
  0x000002eef84c9000 JavaThread "Timer-117099" [_thread_blocked, id=1610448, stack(0x0000010ec5b00000,0x0000010ec5c00000)]
  0x000002eef84c8000 JavaThread "Timer-117098" [_thread_blocked, id=1610444, stack(0x0000010ec5a00000,0x0000010ec5b00000)]
  0x000002eef84ca000 JavaThread "Timer-117097" [_thread_blocked, id=1610440, stack(0x0000010ec5900000,0x0000010ec5a00000)]
  0x000002eef84c7800 JavaThread "Timer-117096" [_thread_blocked, id=1610436, stack(0x0000010ec5800000,0x0000010ec5900000)]
  0x000002eef84c6800 JavaThread "Timer-117095" [_thread_blocked, id=1610432, stack(0x0000010ec5700000,0x0000010ec5800000)]
  0x000002eef84cc000 JavaThread "Timer-117094" [_thread_blocked, id=1610428, stack(0x0000010ec5600000,0x0000010ec5700000)]
  0x000002eef84c6000 JavaThread "Timer-117093" [_thread_blocked, id=1610424, stack(0x0000010ec5500000,0x0000010ec5600000)]
  0x000002eef84ca800 JavaThread "Timer-117092" [_thread_blocked, id=1610416, stack(0x0000010ec5400000,0x0000010ec5500000)]
  0x000002eef84cb800 JavaThread "Timer-117091" [_thread_blocked, id=1610412, stack(0x0000010ec5300000,0x0000010ec5400000)]
  0x000002eef84bd800 JavaThread "Timer-117090" [_thread_blocked, id=1610408, stack(0x0000010ec5200000,0x0000010ec5300000)]
  0x000002eef84c4800 JavaThread "Timer-117089" [_thread_blocked, id=1610404, stack(0x0000010ec5100000,0x0000010ec5200000)]
  0x000002eef84c0800 JavaThread "Timer-117088" [_thread_blocked, id=1610400, stack(0x0000010ec5000000,0x0000010ec5100000)]
  0x000002eef84c0000 JavaThread "Timer-117087" [_thread_blocked, id=1610396, stack(0x0000010ec4f00000,0x0000010ec5000000)]
  0x000002eef84bd000 JavaThread "Timer-117086" [_thread_blocked, id=1610392, stack(0x0000010ec4e00000,0x0000010ec4f00000)]
  0x000002eef84c3000 JavaThread "Timer-117085" [_thread_blocked, id=1610388, stack(0x0000010ec4d00000,0x0000010ec4e00000)]
  0x000002eef84c2000 JavaThread "Timer-117084" [_thread_blocked, id=1610384, stack(0x0000010ec4c00000,0x0000010ec4d00000)]
  0x000002eef84bf000 JavaThread "Timer-117083" [_thread_blocked, id=1610380, stack(0x0000010ec4b00000,0x0000010ec4c00000)]
  0x000002eef84be800 JavaThread "Timer-117082" [_thread_blocked, id=1610376, stack(0x0000010ec4a00000,0x0000010ec4b00000)]
  0x000002eef84c3800 JavaThread "Timer-117081" [_thread_blocked, id=1610372, stack(0x0000010ec4900000,0x0000010ec4a00000)]
  0x000002eef84c1800 JavaThread "Timer-117080" [_thread_blocked, id=1610368, stack(0x0000010ec4800000,0x0000010ec4900000)]
  0x000002eef84b5800 JavaThread "Timer-117079" [_thread_blocked, id=1610364, stack(0x0000010ec4700000,0x0000010ec4800000)]
  0x000002eef84bc000 JavaThread "Timer-117078" [_thread_blocked, id=1610360, stack(0x0000010ec4600000,0x0000010ec4700000)]
  0x000002eef84bb800 JavaThread "Timer-117077" [_thread_blocked, id=1610356, stack(0x0000010ec4500000,0x0000010ec4600000)]
  0x000002eef84ba000 JavaThread "Timer-117076" [_thread_blocked, id=1610352, stack(0x0000010ec4400000,0x0000010ec4500000)]
  0x000002eef84ba800 JavaThread "Timer-117075" [_thread_blocked, id=1610348, stack(0x0000010ec4300000,0x0000010ec4400000)]
  0x000002eef84b9000 JavaThread "Timer-117074" [_thread_blocked, id=1610344, stack(0x0000010ec4200000,0x0000010ec4300000)]
  0x000002eef84b8800 JavaThread "Timer-117073" [_thread_blocked, id=1610340, stack(0x0000010ec4100000,0x0000010ec4200000)]
  0x000002eef84b7800 JavaThread "Timer-117072" [_thread_blocked, id=1610336, stack(0x0000010ec4000000,0x0000010ec4100000)]
  0x000002eef84b7000 JavaThread "Timer-117071" [_thread_blocked, id=1610332, stack(0x0000010ec3f00000,0x0000010ec4000000)]
  0x000002eef84b6000 JavaThread "Timer-117070" [_thread_blocked, id=1610328, stack(0x0000010ec3e00000,0x0000010ec3f00000)]
  0x000002eef857d000 JavaThread "Timer-117069" [_thread_blocked, id=1610320, stack(0x0000010ec3d00000,0x0000010ec3e00000)]
  0x000002eef8576800 JavaThread "Timer-117068" [_thread_blocked, id=1610312, stack(0x0000010ec3c00000,0x0000010ec3d00000)]
  0x000002eef8575800 JavaThread "Timer-117067" [_thread_blocked, id=1610308, stack(0x0000010ec3b00000,0x0000010ec3c00000)]
  0x000002eef7c80800 JavaThread "Timer-117066" [_thread_blocked, id=1610304, stack(0x0000010ec3a00000,0x0000010ec3b00000)]
  0x000002eef82f0000 JavaThread "Timer-117065" [_thread_blocked, id=1610296, stack(0x0000010ec3900000,0x0000010ec3a00000)]
  0x000002eef82f5800 JavaThread "Timer-117064" [_thread_blocked, id=1610292, stack(0x0000010ec3800000,0x0000010ec3900000)]
  0x000002eef82f4800 JavaThread "Timer-117063" [_thread_blocked, id=1610288, stack(0x0000010ec3700000,0x0000010ec3800000)]
  0x000002eef82f1000 JavaThread "Timer-117062" [_thread_blocked, id=1610284, stack(0x0000010ec3600000,0x0000010ec3700000)]
  0x000002eef82f4000 JavaThread "Timer-117061" [_thread_blocked, id=1610280, stack(0x0000010ec3500000,0x0000010ec3600000)]
  0x000002eef82e8000 JavaThread "Timer-117060" [_thread_blocked, id=1610276, stack(0x0000010ec3400000,0x0000010ec3500000)]
  0x000002eef82ee800 JavaThread "Timer-117059" [_thread_blocked, id=1610272, stack(0x0000010ec3300000,0x0000010ec3400000)]
  0x000002eef82e7000 JavaThread "Timer-117058" [_thread_blocked, id=1610268, stack(0x0000010ec3200000,0x0000010ec3300000)]
  0x000002eef84ae000 JavaThread "Timer-117057" [_thread_blocked, id=1610264, stack(0x0000010ec3100000,0x0000010ec3200000)]
  0x000002eef84b4800 JavaThread "Timer-117056" [_thread_blocked, id=1610256, stack(0x0000010ec3000000,0x0000010ec3100000)]
  0x000002eef84b4000 JavaThread "Timer-117055" [_thread_blocked, id=1610252, stack(0x0000010ec2f00000,0x0000010ec3000000)]
  0x000002eef84b3000 JavaThread "Timer-117054" [_thread_blocked, id=1610248, stack(0x0000010ec2e00000,0x0000010ec2f00000)]
  0x000002eef84ad000 JavaThread "Timer-117053" [_thread_blocked, id=1610244, stack(0x0000010ec2d00000,0x0000010ec2e00000)]
  0x000002eef84ab800 JavaThread "Timer-117052" [_thread_blocked, id=1610240, stack(0x0000010ec2c00000,0x0000010ec2d00000)]
  0x000002eef84b2800 JavaThread "Timer-117051" [_thread_blocked, id=1610236, stack(0x0000010ec2b00000,0x0000010ec2c00000)]
  0x000002eef84b0000 JavaThread "Timer-117050" [_thread_blocked, id=1610232, stack(0x0000010ec2a00000,0x0000010ec2b00000)]
  0x000002eef84af800 JavaThread "Timer-117049" [_thread_blocked, id=1610228, stack(0x0000010ec2900000,0x0000010ec2a00000)]
  0x000002eef84b1000 JavaThread "Timer-117048" [_thread_blocked, id=1610224, stack(0x0000010ec2800000,0x0000010ec2900000)]
  0x000002eef8578000 JavaThread "Timer-117047" [_thread_blocked, id=1610216, stack(0x0000010ec2700000,0x0000010ec2800000)]
  0x000002eef8574000 JavaThread "Timer-117046" [_thread_blocked, id=1610212, stack(0x0000010ec2600000,0x0000010ec2700000)]
  0x000002eef857b000 JavaThread "Timer-117045" [_thread_blocked, id=1610208, stack(0x0000010ec2500000,0x0000010ec2600000)]
  0x000002eef8575000 JavaThread "Timer-117044" [_thread_blocked, id=1610204, stack(0x0000010ec2400000,0x0000010ec2500000)]
  0x000002eef8573800 JavaThread "Timer-117043" [_thread_blocked, id=1610200, stack(0x0000010ec2300000,0x0000010ec2400000)]
  0x000002eef857a000 JavaThread "Timer-117042" [_thread_blocked, id=1610196, stack(0x0000010ec2200000,0x0000010ec2300000)]
  0x000002eef856e000 JavaThread "Timer-117041" [_thread_blocked, id=1610192, stack(0x0000010ec2100000,0x0000010ec2200000)]
  0x000002eef856f000 JavaThread "Timer-117040" [_thread_blocked, id=1610188, stack(0x0000010ec2000000,0x0000010ec2100000)]
  0x000002eef8572800 JavaThread "Timer-117039" [_thread_blocked, id=1610184, stack(0x0000010ec1f00000,0x0000010ec2000000)]
  0x000002eef856b000 JavaThread "Timer-117038" [_thread_blocked, id=1610180, stack(0x0000010ec1e00000,0x0000010ec1f00000)]
  0x000002eef8572000 JavaThread "Timer-117037" [_thread_blocked, id=1610176, stack(0x0000010ec1d00000,0x0000010ec1e00000)]
  0x000002eef856f800 JavaThread "Timer-117036" [_thread_blocked, id=1610172, stack(0x0000010ec1c00000,0x0000010ec1d00000)]
  0x000002eef856a800 JavaThread "Timer-117035" [_thread_blocked, id=1610168, stack(0x0000010ec1b00000,0x0000010ec1c00000)]
  0x000002eef856d800 JavaThread "Timer-117034" [_thread_blocked, id=1610164, stack(0x0000010ec1a00000,0x0000010ec1b00000)]
  0x000002eef7c7b800 JavaThread "Timer-117033" [_thread_blocked, id=1610160, stack(0x0000010ec1900000,0x0000010ec1a00000)]
  0x000002eef7c80000 JavaThread "Timer-117032" [_thread_blocked, id=1610156, stack(0x0000010ec1800000,0x0000010ec1900000)]
  0x000002eef7c78800 JavaThread "Timer-117031" [_thread_blocked, id=1610152, stack(0x0000010ec1700000,0x0000010ec1800000)]
  0x000002eef7c7f000 JavaThread "Timer-117030" [_thread_blocked, id=1610148, stack(0x0000010ec1600000,0x0000010ec1700000)]
  0x000002eef7c77800 JavaThread "Timer-117029" [_thread_blocked, id=1610144, stack(0x0000010ec1500000,0x0000010ec1600000)]
  0x000002eef7c7a800 JavaThread "Timer-117028" [_thread_blocked, id=1610140, stack(0x0000010ec1400000,0x0000010ec1500000)]
  0x000002eef7c79000 JavaThread "Timer-117027" [_thread_blocked, id=1610136, stack(0x0000010ec1300000,0x0000010ec1400000)]
  0x000002eef7c7c000 JavaThread "Timer-117026" [_thread_blocked, id=1610132, stack(0x0000010ec1200000,0x0000010ec1300000)]
  0x000002eef7c7d000 JavaThread "Timer-117025" [_thread_blocked, id=1610128, stack(0x0000010ec1100000,0x0000010ec1200000)]
  0x000002eef7c77000 JavaThread "Timer-117024" [_thread_blocked, id=1610124, stack(0x0000010ec1000000,0x0000010ec1100000)]
  0x000002eef7c7d800 JavaThread "Timer-117023" [_thread_blocked, id=1610120, stack(0x0000010ec0f00000,0x0000010ec1000000)]
  0x000002eef7c76000 JavaThread "Timer-117022" [_thread_blocked, id=1610116, stack(0x0000010ec0e00000,0x0000010ec0f00000)]
  0x000002eef7c71000 JavaThread "Timer-117021" [_thread_blocked, id=1610112, stack(0x0000010ec0d00000,0x0000010ec0e00000)]
  0x000002eef7c70000 JavaThread "Timer-117020" [_thread_blocked, id=1610108, stack(0x0000010ec0c00000,0x0000010ec0d00000)]
  0x000002eef7c75800 JavaThread "Timer-117019" [_thread_blocked, id=1610104, stack(0x0000010ec0b00000,0x0000010ec0c00000)]
  0x000002eef8571000 JavaThread "Timer-117018" [_thread_blocked, id=1610100, stack(0x0000010ec0a00000,0x0000010ec0b00000)]
  0x000002eef856c800 JavaThread "Timer-117017" [_thread_blocked, id=1610096, stack(0x0000010ec0900000,0x0000010ec0a00000)]
  0x000002eef8569800 JavaThread "Timer-117016" [_thread_blocked, id=1610092, stack(0x0000010ec0800000,0x0000010ec0900000)]
  0x000002eef8570800 JavaThread "Timer-117015" [_thread_blocked, id=1610088, stack(0x0000010ec0700000,0x0000010ec0800000)]
  0x000002eef7c74800 JavaThread "Timer-117014" [_thread_blocked, id=1610084, stack(0x0000010ec0600000,0x0000010ec0700000)]
  0x000002eef7c6d000 JavaThread "Timer-117013" [_thread_blocked, id=1610080, stack(0x0000010ec0500000,0x0000010ec0600000)]
  0x000002eef7c6f800 JavaThread "Timer-117012" [_thread_blocked, id=1610076, stack(0x0000010ec0400000,0x0000010ec0500000)]
  0x000002eef7c6e000 JavaThread "Timer-117011" [_thread_blocked, id=1610072, stack(0x0000010ec0300000,0x0000010ec0400000)]
  0x000002eef7c72800 JavaThread "Timer-117010" [_thread_blocked, id=1610068, stack(0x0000010ec0200000,0x0000010ec0300000)]
  0x000002eef7c6e800 JavaThread "Timer-117009" [_thread_blocked, id=1610064, stack(0x0000010ec0100000,0x0000010ec0200000)]
  0x000002eef7c73000 JavaThread "Timer-117008" [_thread_blocked, id=1610060, stack(0x0000010ec0000000,0x0000010ec0100000)]
  0x000002eef7c71800 JavaThread "Timer-117007" [_thread_blocked, id=1610056, stack(0x0000010ebff00000,0x0000010ec0000000)]
  0x000002eef82ee000 JavaThread "Timer-117006" [_thread_blocked, id=1610052, stack(0x0000010ebfe00000,0x0000010ebff00000)]
  0x000002eef82ed000 JavaThread "Timer-117005" [_thread_blocked, id=1610048, stack(0x0000010ebfd00000,0x0000010ebfe00000)]
  0x000002eef82e9800 JavaThread "Timer-117004" [_thread_blocked, id=1610044, stack(0x0000010ebfc00000,0x0000010ebfd00000)]
  0x000002eef82ec800 JavaThread "Timer-117003" [_thread_blocked, id=1610040, stack(0x0000010ebfb00000,0x0000010ebfc00000)]
  0x000002eef82eb800 JavaThread "Timer-117002" [_thread_blocked, id=1610036, stack(0x0000010ebfa00000,0x0000010ebfb00000)]
  0x000002eef82eb000 JavaThread "Timer-117001" [_thread_blocked, id=1610032, stack(0x0000010ebf900000,0x0000010ebfa00000)]
  0x000002eef82ea000 JavaThread "Timer-117000" [_thread_blocked, id=1610028, stack(0x0000010ebf800000,0x0000010ebf900000)]
  0x000002eef82e8800 JavaThread "Timer-116999" [_thread_blocked, id=1610024, stack(0x0000010ebf700000,0x0000010ebf800000)]
  0x000002eef82e4000 JavaThread "Timer-116998" [_thread_blocked, id=1610020, stack(0x0000010ebf600000,0x0000010ebf700000)]
  0x000002eef82e3800 JavaThread "Timer-116997" [_thread_blocked, id=1610016, stack(0x0000010ebf500000,0x0000010ebf600000)]
  0x000002eef82e1000 JavaThread "Timer-116996" [_thread_blocked, id=1610012, stack(0x0000010ebf400000,0x0000010ebf500000)]
  0x000002eef7f68800 JavaThread "Timer-116995" [_thread_blocked, id=1610008, stack(0x0000010ebf300000,0x0000010ebf400000)]
  0x000002eef7f6c800 JavaThread "Timer-116994" [_thread_blocked, id=1610004, stack(0x0000010ebf200000,0x0000010ebf300000)]
  0x000002eef7f67000 JavaThread "Timer-116993" [_thread_blocked, id=1610000, stack(0x0000010ebf100000,0x0000010ebf200000)]
  0x000002eef7f6e000 JavaThread "Timer-116992" [_thread_blocked, id=1609992, stack(0x0000010ebf000000,0x0000010ebf100000)]
  0x000002eef869f800 JavaThread "Timer-116991" [_thread_blocked, id=1609984, stack(0x0000010ebef00000,0x0000010ebf000000)]
  0x000002eef869d000 JavaThread "Timer-116990" [_thread_blocked, id=1609980, stack(0x0000010ebee00000,0x0000010ebef00000)]
  0x000002eef86a3000 JavaThread "Timer-116989" [_thread_blocked, id=1609976, stack(0x0000010ebed00000,0x0000010ebee00000)]
  0x000002eef8695800 JavaThread "Timer-116988" [_thread_blocked, id=1609972, stack(0x0000010ebec00000,0x0000010ebed00000)]
  0x000002eef869c800 JavaThread "Timer-116987" [_thread_blocked, id=1609968, stack(0x0000010ebeb00000,0x0000010ebec00000)]
  0x000002eef8695000 JavaThread "Timer-116986" [_thread_blocked, id=1609964, stack(0x0000010ebea00000,0x0000010ebeb00000)]
  0x000002eef869b800 JavaThread "Timer-116985" [_thread_blocked, id=1609960, stack(0x0000010ebe900000,0x0000010ebea00000)]
  0x000002eef8694000 JavaThread "Timer-116984" [_thread_blocked, id=1609956, stack(0x0000010ebe800000,0x0000010ebe900000)]
  0x000002eef869b000 JavaThread "Timer-116983" [_thread_blocked, id=1609952, stack(0x0000010ebe500000,0x0000010ebe600000)]
  0x000002eef869a000 JavaThread "Timer-116982" [_thread_blocked, id=1609948, stack(0x0000010ebe400000,0x0000010ebe500000)]
  0x000002eef8699800 JavaThread "Timer-116981" [_thread_blocked, id=1609944, stack(0x0000010ebe300000,0x0000010ebe400000)]
  0x000002eef8698800 JavaThread "Timer-116980" [_thread_blocked, id=1609940, stack(0x0000010ebe200000,0x0000010ebe300000)]
  0x000002eef8691000 JavaThread "Timer-116979" [_thread_blocked, id=1609936, stack(0x0000010ebe100000,0x0000010ebe200000)]
  0x000002eef8698000 JavaThread "Timer-116978" [_thread_blocked, id=1609932, stack(0x0000010ebe000000,0x0000010ebe100000)]
  0x000002eef8697000 JavaThread "Timer-116977" [_thread_blocked, id=1609928, stack(0x0000010ebdf00000,0x0000010ebe000000)]
  0x000002eef8696800 JavaThread "Timer-116976" [_thread_blocked, id=1609924, stack(0x0000010ebde00000,0x0000010ebdf00000)]
  0x000002eef868c800 JavaThread "Timer-116975" [_thread_blocked, id=1609920, stack(0x0000010ebdd00000,0x0000010ebde00000)]
  0x000002eef8690800 JavaThread "Timer-116974" [_thread_blocked, id=1609916, stack(0x0000010ebdc00000,0x0000010ebdd00000)]
  0x000002eef868f800 JavaThread "Timer-116973" [_thread_blocked, id=1609908, stack(0x0000010ebdb00000,0x0000010ebdc00000)]
  0x000002eef8693800 JavaThread "Timer-116972" [_thread_blocked, id=1609904, stack(0x0000010ebda00000,0x0000010ebdb00000)]
  0x000002eef868f000 JavaThread "Timer-116971" [_thread_blocked, id=1609900, stack(0x0000010ebd900000,0x0000010ebda00000)]
  0x000002eef868c000 JavaThread "Timer-116970" [_thread_blocked, id=1609896, stack(0x0000010ebd800000,0x0000010ebd900000)]
  0x000002eef8692800 JavaThread "Timer-116969" [_thread_blocked, id=1609892, stack(0x0000010ebd700000,0x0000010ebd800000)]
  0x000002eef868e000 JavaThread "Timer-116968" [_thread_blocked, id=1609888, stack(0x0000010ebd600000,0x0000010ebd700000)]
  0x000002eef8692000 JavaThread "Timer-116967" [_thread_blocked, id=1609884, stack(0x0000010ebd500000,0x0000010ebd600000)]
  0x000002eef868d800 JavaThread "Timer-116966" [_thread_blocked, id=1609880, stack(0x0000010ebd400000,0x0000010ebd500000)]
  0x000002eef86c9800 JavaThread "Timer-116965" [_thread_blocked, id=1609876, stack(0x0000010ebd300000,0x0000010ebd400000)]
  0x000002eef86c5000 JavaThread "Timer-116964" [_thread_blocked, id=1609872, stack(0x0000010ebd200000,0x0000010ebd300000)]
  0x000002eef86c9000 JavaThread "Timer-116963" [_thread_blocked, id=1609868, stack(0x0000010ebd100000,0x0000010ebd200000)]
  0x000002eef86c4800 JavaThread "Timer-116962" [_thread_blocked, id=1609864, stack(0x0000010ebd000000,0x0000010ebd100000)]
  0x000002eef86cb000 JavaThread "Timer-116961" [_thread_blocked, id=1609860, stack(0x0000010ebcf00000,0x0000010ebd000000)]
  0x000002eef86ca800 JavaThread "Timer-116960" [_thread_blocked, id=1609856, stack(0x0000010ebce00000,0x0000010ebcf00000)]
  0x000002eef86c7800 JavaThread "Timer-116959" [_thread_blocked, id=1609852, stack(0x0000010ebcd00000,0x0000010ebce00000)]
  0x000002eef86c8000 JavaThread "Timer-116958" [_thread_blocked, id=1609848, stack(0x0000010ebcc00000,0x0000010ebcd00000)]
  0x000002eef86c6000 JavaThread "Timer-116957" [_thread_blocked, id=1609844, stack(0x0000010ebcb00000,0x0000010ebcc00000)]
  0x000002eef86c0000 JavaThread "Timer-116956" [_thread_blocked, id=1609840, stack(0x0000010ebca00000,0x0000010ebcb00000)]
  0x000002eef86c3800 JavaThread "Timer-116955" [_thread_blocked, id=1609836, stack(0x0000010ebc900000,0x0000010ebca00000)]
  0x000002eef86c2000 JavaThread "Timer-116954" [_thread_blocked, id=1609832, stack(0x0000010ebc800000,0x0000010ebc900000)]
  0x000002eef86c1800 JavaThread "Timer-116953" [_thread_blocked, id=1609828, stack(0x0000010ebc700000,0x0000010ebc800000)]
  0x000002eef86c6800 JavaThread "Timer-116952" [_thread_blocked, id=1609824, stack(0x0000010ebc600000,0x0000010ebc700000)]
  0x000002eef7c74000 JavaThread "Timer-116951" [_thread_blocked, id=1609820, stack(0x0000010ebc500000,0x0000010ebc600000)]
  0x000002eef7c67800 JavaThread "Timer-116950" [_thread_blocked, id=1609816, stack(0x0000010ebc400000,0x0000010ebc500000)]
  0x000002eef86c0800 JavaThread "Timer-116949" [_thread_blocked, id=1609812, stack(0x0000010ebc300000,0x0000010ebc400000)]
  0x000002eef86bf000 JavaThread "Timer-116948" [_thread_blocked, id=1609808, stack(0x0000010ebc200000,0x0000010ebc300000)]
  0x000002eef82e5800 JavaThread "Timer-116947" [_thread_blocked, id=1609804, stack(0x0000010ebc100000,0x0000010ebc200000)]
  0x000002eef82e5000 JavaThread "Timer-116946" [_thread_blocked, id=1609800, stack(0x0000010ebc000000,0x0000010ebc100000)]
  0x000002eef82e6800 JavaThread "Timer-116945" [_thread_blocked, id=1609796, stack(0x0000010ebbf00000,0x0000010ebc000000)]
  0x000002eef82e2800 JavaThread "Timer-116944" [_thread_blocked, id=1609792, stack(0x0000010ebbe00000,0x0000010ebbf00000)]
  0x000002eef82e2000 JavaThread "Timer-116943" [_thread_blocked, id=1609788, stack(0x0000010ebbd00000,0x0000010ebbe00000)]
  0x000002eef82d9800 JavaThread "Timer-116942" [_thread_blocked, id=1609784, stack(0x0000010ebbc00000,0x0000010ebbd00000)]
  0x000002eef82e0800 JavaThread "Timer-116941" [_thread_blocked, id=1609780, stack(0x0000010ebbb00000,0x0000010ebbc00000)]
  0x000002eef82d8800 JavaThread "Timer-116940" [_thread_blocked, id=1609776, stack(0x0000010ebba00000,0x0000010ebbb00000)]
  0x000002eef82df800 JavaThread "Timer-116939" [_thread_blocked, id=1609772, stack(0x0000010ebb900000,0x0000010ebba00000)]
  0x000002eef82de000 JavaThread "Timer-116938" [_thread_blocked, id=1609768, stack(0x0000010ebb800000,0x0000010ebb900000)]
  0x000002eef82dd800 JavaThread "Timer-116937" [_thread_blocked, id=1609764, stack(0x0000010ebb700000,0x0000010ebb800000)]
  0x000002eef82db000 JavaThread "Timer-116936" [_thread_blocked, id=1609760, stack(0x0000010ebb600000,0x0000010ebb700000)]
  0x000002eef82dc800 JavaThread "Timer-116935" [_thread_blocked, id=1609756, stack(0x0000010ebb500000,0x0000010ebb600000)]
  0x000002eef82d8000 JavaThread "Timer-116934" [_thread_blocked, id=1609752, stack(0x0000010ebb400000,0x0000010ebb500000)]
  0x000002eef84ae800 JavaThread "Timer-116933" [_thread_blocked, id=1609748, stack(0x0000010ebb300000,0x0000010ebb400000)]
  0x000002eef84ac800 JavaThread "Timer-116932" [_thread_blocked, id=1609732, stack(0x0000010ebb200000,0x0000010ebb300000)]
  0x000002eef84b1800 JavaThread "Timer-116931" [_thread_blocked, id=1606004, stack(0x0000010ebb100000,0x0000010ebb200000)]
  0x000002eef84ab000 JavaThread "Timer-116930" [_thread_blocked, id=1595528, stack(0x0000010ebb000000,0x0000010ebb100000)]
  0x000002eef86bc000 JavaThread "Timer-116929" [_thread_blocked, id=1608976, stack(0x0000010ebaf00000,0x0000010ebb000000)]
  0x000002eef86be800 JavaThread "Timer-116928" [_thread_blocked, id=1608232, stack(0x0000010ebae00000,0x0000010ebaf00000)]
  0x000002eef86c3000 JavaThread "Timer-116927" [_thread_blocked, id=600428, stack(0x0000010ebad00000,0x0000010ebae00000)]
  0x000002eef86bd000 JavaThread "Timer-116926" [_thread_blocked, id=1608848, stack(0x0000010ebac00000,0x0000010ebad00000)]
  0x000002eef86bd800 JavaThread "Timer-116925" [_thread_blocked, id=1607080, stack(0x0000010ebab00000,0x0000010ebac00000)]
  0x000002eef7935800 JavaThread "Timer-116924" [_thread_blocked, id=1608720, stack(0x0000010ebaa00000,0x0000010ebab00000)]
  0x000002eef7934800 JavaThread "Timer-116923" [_thread_blocked, id=1608832, stack(0x0000010eba900000,0x0000010ebaa00000)]
  0x000002eef7934000 JavaThread "Timer-116922" [_thread_blocked, id=1608212, stack(0x0000010eba800000,0x0000010eba900000)]
  0x000002eef7933000 JavaThread "Timer-116921" [_thread_blocked, id=1601612, stack(0x0000010eba700000,0x0000010eba800000)]
  0x000002eef7936000 JavaThread "Timer-116920" [_thread_blocked, id=1609724, stack(0x0000010eba600000,0x0000010eba700000)]
  0x000002eef792e000 JavaThread "Timer-116919" [_thread_blocked, id=1609720, stack(0x0000010eba500000,0x0000010eba600000)]
  0x000002eef792b800 JavaThread "Timer-116918" [_thread_blocked, id=1609716, stack(0x0000010eba400000,0x0000010eba500000)]
  0x000002eef7932800 JavaThread "Timer-116917" [_thread_blocked, id=1609712, stack(0x0000010eba300000,0x0000010eba400000)]
  0x000002eef7931000 JavaThread "Timer-116916" [_thread_blocked, id=1609708, stack(0x0000010eba200000,0x0000010eba300000)]
  0x000002eef7930000 JavaThread "Timer-116915" [_thread_blocked, id=1609704, stack(0x0000010eba100000,0x0000010eba200000)]
  0x000002eef7931800 JavaThread "Timer-116914" [_thread_blocked, id=1609700, stack(0x0000010eba000000,0x0000010eba100000)]
  0x000002eef792f800 JavaThread "Timer-116913" [_thread_blocked, id=1609692, stack(0x0000010eb9f00000,0x0000010eba000000)]
  0x000002eef792e800 JavaThread "Timer-116912" [_thread_blocked, id=1609688, stack(0x0000010eb9e00000,0x0000010eb9f00000)]
  0x000002eef792d000 JavaThread "Timer-116911" [_thread_blocked, id=1609684, stack(0x0000010eb9d00000,0x0000010eb9e00000)]
  0x000002eef7929800 JavaThread "Timer-116910" [_thread_blocked, id=1609680, stack(0x0000010eb9c00000,0x0000010eb9d00000)]
  0x000002eef7928000 JavaThread "Timer-116909" [_thread_blocked, id=1609676, stack(0x0000010eb9b00000,0x0000010eb9c00000)]
  0x000002eef792b000 JavaThread "Timer-116908" [_thread_blocked, id=1609672, stack(0x0000010eb9a00000,0x0000010eb9b00000)]
  0x000002eef7927000 JavaThread "Timer-116907" [_thread_blocked, id=1609668, stack(0x0000010eb9900000,0x0000010eb9a00000)]
  0x000002eef792a000 JavaThread "Timer-116906" [_thread_blocked, id=1609664, stack(0x0000010eb9800000,0x0000010eb9900000)]
  0x000002eef792c800 JavaThread "Timer-116905" [_thread_blocked, id=1609660, stack(0x0000010eb9700000,0x0000010eb9800000)]
  0x000002eef7928800 JavaThread "Timer-116904" [_thread_blocked, id=1609656, stack(0x0000010eb9600000,0x0000010eb9700000)]
  0x000002eef7924000 JavaThread "Timer-116903" [_thread_blocked, id=1609652, stack(0x0000010eb9500000,0x0000010eb9600000)]
  0x000002eef7923800 JavaThread "Timer-116902" [_thread_blocked, id=1609648, stack(0x0000010eb9400000,0x0000010eb9500000)]
  0x000002eef7921800 JavaThread "Timer-116901" [_thread_blocked, id=1609644, stack(0x0000010eb9300000,0x0000010eb9400000)]
  0x000002eef7c6c800 JavaThread "Timer-116900" [_thread_blocked, id=1609640, stack(0x0000010eb9200000,0x0000010eb9300000)]
  0x000002eef7c6b800 JavaThread "Timer-116899" [_thread_blocked, id=1609636, stack(0x0000010eb9100000,0x0000010eb9200000)]
  0x000002eef7c65800 JavaThread "Timer-116898" [_thread_blocked, id=1609632, stack(0x0000010eb9000000,0x0000010eb9100000)]
  0x000002eef7c6a000 JavaThread "Timer-116897" [_thread_blocked, id=1609628, stack(0x0000010eb8f00000,0x0000010eb9000000)]
  0x000002eef7c6a800 JavaThread "Timer-116896" [_thread_blocked, id=1609624, stack(0x0000010eb8e00000,0x0000010eb8f00000)]
  0x000002eef7c67000 JavaThread "Timer-116895" [_thread_blocked, id=1609620, stack(0x0000010eb8d00000,0x0000010eb8e00000)]
  0x000002eef7c66000 JavaThread "Timer-116894" [_thread_blocked, id=1609616, stack(0x0000010eb8c00000,0x0000010eb8d00000)]
  0x000002eef7c69000 JavaThread "Timer-116893" [_thread_blocked, id=1609612, stack(0x0000010eb8b00000,0x0000010eb8c00000)]
  0x000002eef82db800 JavaThread "Timer-116892" [_thread_blocked, id=1609608, stack(0x0000010eb8a00000,0x0000010eb8b00000)]
  0x000002eef82df000 JavaThread "Timer-116891" [_thread_blocked, id=1609604, stack(0x0000010eb8900000,0x0000010eb8a00000)]
  0x000002eef82da000 JavaThread "Timer-116890" [_thread_blocked, id=1609600, stack(0x0000010eb8800000,0x0000010eb8900000)]
  0x000002eef82d7000 JavaThread "Timer-116889" [_thread_blocked, id=1609596, stack(0x0000010eb8700000,0x0000010eb8800000)]
  0x000002eef82cf800 JavaThread "Timer-116888" [_thread_blocked, id=1609588, stack(0x0000010eb8600000,0x0000010eb8700000)]
  0x000002eef82d6800 JavaThread "Timer-116887" [_thread_blocked, id=1609584, stack(0x0000010eb8500000,0x0000010eb8600000)]
  0x000002eef82d5800 JavaThread "Timer-116886" [_thread_blocked, id=1609580, stack(0x0000010eb8400000,0x0000010eb8500000)]
  0x000002eef856c000 JavaThread "Timer-116885" [_thread_blocked, id=1609576, stack(0x0000010eb8300000,0x0000010eb8400000)]
  0x000002eef8569000 JavaThread "Timer-116884" [_thread_blocked, id=1609572, stack(0x0000010eb8200000,0x0000010eb8300000)]
  0x000002eef8138000 JavaThread "Timer-116883" [_thread_blocked, id=1609568, stack(0x0000010eb8100000,0x0000010eb8200000)]
  0x000002eef8137000 JavaThread "Timer-116882" [_thread_blocked, id=1609564, stack(0x0000010eb8000000,0x0000010eb8100000)]
  0x000002eef8136800 JavaThread "Timer-116881" [_thread_blocked, id=1609560, stack(0x0000010eb7f00000,0x0000010eb8000000)]
  0x000002eef812f800 JavaThread "Timer-116880" [_thread_blocked, id=1609556, stack(0x0000010eb7e00000,0x0000010eb7f00000)]
  0x000002eef8135800 JavaThread "Timer-116879" [_thread_blocked, id=1609552, stack(0x0000010eb7d00000,0x0000010eb7e00000)]
  0x000002eef8135000 JavaThread "Timer-116878" [_thread_blocked, id=1609548, stack(0x0000010eb7c00000,0x0000010eb7d00000)]
  0x000002eef812d000 JavaThread "Timer-116877" [_thread_blocked, id=1609544, stack(0x0000010eb7b00000,0x0000010eb7c00000)]
  0x000002eef8134000 JavaThread "Timer-116876" [_thread_blocked, id=1609536, stack(0x0000010eb7a00000,0x0000010eb7b00000)]
  0x000002eef812c800 JavaThread "Timer-116875" [_thread_blocked, id=1609532, stack(0x0000010eb7900000,0x0000010eb7a00000)]
  0x000002eef8133800 JavaThread "Timer-116874" [_thread_blocked, id=1609528, stack(0x0000010eb7800000,0x0000010eb7900000)]
  0x000002eef8131800 JavaThread "Timer-116873" [_thread_blocked, id=1609524, stack(0x0000010eb7700000,0x0000010eb7800000)]
  0x000002eef8131000 JavaThread "Timer-116872" [_thread_blocked, id=1609520, stack(0x0000010eb7600000,0x0000010eb7700000)]
  0x000002eef8130000 JavaThread "Timer-116871" [_thread_blocked, id=1609516, stack(0x0000010eb7500000,0x0000010eb7600000)]
  0x000002eef8132800 JavaThread "Timer-116870" [_thread_blocked, id=1609512, stack(0x0000010eb7400000,0x0000010eb7500000)]
  0x000002eef8128000 JavaThread "Timer-116869" [_thread_blocked, id=1609508, stack(0x0000010eb7300000,0x0000010eb7400000)]
  0x000002eef812e800 JavaThread "Timer-116868" [_thread_blocked, id=1609504, stack(0x0000010eb7200000,0x0000010eb7300000)]
  0x000002eef812b800 JavaThread "Timer-116867" [_thread_blocked, id=1609500, stack(0x0000010eb7100000,0x0000010eb7200000)]
  0x000002eef812b000 JavaThread "Timer-116866" [_thread_blocked, id=1609496, stack(0x0000010eb7000000,0x0000010eb7100000)]
  0x000002eef812a000 JavaThread "Timer-116865" [_thread_blocked, id=1609492, stack(0x0000010eb6f00000,0x0000010eb7000000)]
  0x000002eef812e000 JavaThread "Timer-116864" [_thread_blocked, id=1609484, stack(0x0000010eb6e00000,0x0000010eb6f00000)]
  0x000002eef8126800 JavaThread "Timer-116863" [_thread_blocked, id=1609480, stack(0x0000010eb6d00000,0x0000010eb6e00000)]
  0x000002eef8125800 JavaThread "Timer-116862" [_thread_blocked, id=1609476, stack(0x0000010eb6c00000,0x0000010eb6d00000)]
  0x000002eef8127000 JavaThread "Timer-116861" [_thread_blocked, id=1609472, stack(0x0000010eb6b00000,0x0000010eb6c00000)]
  0x000002eef8122800 JavaThread "Timer-116860" [_thread_blocked, id=1609468, stack(0x0000010eb6a00000,0x0000010eb6b00000)]
  0x000002eef8123800 JavaThread "Timer-116859" [_thread_blocked, id=1609464, stack(0x0000010eb6900000,0x0000010eb6a00000)]
  0x000002eef8129800 JavaThread "Timer-116858" [_thread_blocked, id=1609460, stack(0x0000010eb6800000,0x0000010eb6900000)]
  0x000002eef8128800 JavaThread "Timer-116857" [_thread_blocked, id=1609456, stack(0x0000010eb6700000,0x0000010eb6800000)]
  0x000002eef811e000 JavaThread "Timer-116856" [_thread_blocked, id=1609452, stack(0x0000010eb6600000,0x0000010eb6700000)]
  0x000002eef8124000 JavaThread "Timer-116855" [_thread_blocked, id=1609448, stack(0x0000010eb6500000,0x0000010eb6600000)]
  0x000002eef8125000 JavaThread "Timer-116854" [_thread_blocked, id=1609444, stack(0x0000010eb6400000,0x0000010eb6500000)]
  0x000002eef84a3800 JavaThread "Timer-116853" [_thread_blocked, id=1609440, stack(0x0000010eb6300000,0x0000010eb6400000)]
  0x000002eef84aa000 JavaThread "Timer-116852" [_thread_blocked, id=1609436, stack(0x0000010eb6200000,0x0000010eb6300000)]
  0x000002eef7925000 JavaThread "Timer-116851" [_thread_blocked, id=1609432, stack(0x0000010eb6100000,0x0000010eb6200000)]
  0x000002eef7925800 JavaThread "Timer-116850" [_thread_blocked, id=1609428, stack(0x0000010eb6000000,0x0000010eb6100000)]
  0x000002eef7921000 JavaThread "Timer-116849" [_thread_blocked, id=1609424, stack(0x0000010eb5f00000,0x0000010eb6000000)]
  0x000002eef7926800 JavaThread "Timer-116848" [_thread_blocked, id=1609420, stack(0x0000010eb5e00000,0x0000010eb5f00000)]
  0x000002eef7922800 JavaThread "Timer-116847" [_thread_blocked, id=1609416, stack(0x0000010eb5d00000,0x0000010eb5e00000)]
  0x000002eef7919800 JavaThread "Timer-116846" [_thread_blocked, id=1609412, stack(0x0000010eb5c00000,0x0000010eb5d00000)]
  0x000002eef791e800 JavaThread "Timer-116845" [_thread_blocked, id=1609408, stack(0x0000010eb5b00000,0x0000010eb5c00000)]
  0x000002eef791a000 JavaThread "Timer-116844" [_thread_blocked, id=1609404, stack(0x0000010eb5a00000,0x0000010eb5b00000)]
  0x000002eef7920000 JavaThread "Timer-116843" [_thread_blocked, id=1609400, stack(0x0000010eb5900000,0x0000010eb5a00000)]
  0x000002eef84a2800 JavaThread "Timer-116842" [_thread_blocked, id=1609396, stack(0x0000010eb5800000,0x0000010eb5900000)]
  0x000002eef84a9800 JavaThread "Timer-116841" [_thread_blocked, id=1609392, stack(0x0000010eb5700000,0x0000010eb5800000)]
  0x000002eef84a8800 JavaThread "Timer-116840" [_thread_blocked, id=1609388, stack(0x0000010eb5600000,0x0000010eb5700000)]
  0x000002eef84a8000 JavaThread "Timer-116839" [_thread_blocked, id=1609384, stack(0x0000010eb5500000,0x0000010eb5600000)]
  0x000002eef84a7000 JavaThread "Timer-116838" [_thread_blocked, id=1609380, stack(0x0000010eb5400000,0x0000010eb5500000)]
  0x000002eef84a6800 JavaThread "Timer-116837" [_thread_blocked, id=1609376, stack(0x0000010eb5300000,0x0000010eb5400000)]
  0x000002eef849f000 JavaThread "Timer-116836" [_thread_blocked, id=1609372, stack(0x0000010eb5200000,0x0000010eb5300000)]
  0x000002eef84a5000 JavaThread "Timer-116835" [_thread_blocked, id=1609368, stack(0x0000010eb5100000,0x0000010eb5200000)]
  0x000002eef84a5800 JavaThread "Timer-116834" [_thread_blocked, id=1609364, stack(0x0000010eb5000000,0x0000010eb5100000)]
  0x000002eef849f800 JavaThread "Timer-116833" [_thread_blocked, id=1609360, stack(0x0000010eb4f00000,0x0000010eb5000000)]
  0x000002eef84a2000 JavaThread "Timer-116832" [_thread_blocked, id=1609356, stack(0x0000010eb4e00000,0x0000010eb4f00000)]
  0x000002eef849d800 JavaThread "Timer-116831" [_thread_blocked, id=1609344, stack(0x0000010eb4d00000,0x0000010eb4e00000)]
  0x000002eef791e000 JavaThread "Timer-116830" [_thread_blocked, id=1609340, stack(0x0000010eb4c00000,0x0000010eb4d00000)]
  0x000002eef791d000 JavaThread "Timer-116829" [_thread_blocked, id=1609336, stack(0x0000010eb4b00000,0x0000010eb4c00000)]
  0x000002eef791f800 JavaThread "Timer-116828" [_thread_blocked, id=1609332, stack(0x0000010eb4a00000,0x0000010eb4b00000)]
  0x000002eef791b000 JavaThread "Timer-116827" [_thread_blocked, id=1609328, stack(0x0000010eb4900000,0x0000010eb4a00000)]
  0x000002eef791c800 JavaThread "Timer-116826" [_thread_blocked, id=1609324, stack(0x0000010eb4800000,0x0000010eb4900000)]
  0x000002eef7917000 JavaThread "Timer-116825" [_thread_blocked, id=1609320, stack(0x0000010eb4700000,0x0000010eb4800000)]
  0x000002eef7918000 JavaThread "Timer-116824" [_thread_blocked, id=1609316, stack(0x0000010eb4600000,0x0000010eb4700000)]
  0x000002eef7915000 JavaThread "Timer-116823" [_thread_blocked, id=1609312, stack(0x0000010eb4500000,0x0000010eb4600000)]
  0x000002eef791b800 JavaThread "Timer-116822" [_thread_blocked, id=1609308, stack(0x0000010eb4400000,0x0000010eb4500000)]
  0x000002eef7915800 JavaThread "Timer-116821" [_thread_blocked, id=1609304, stack(0x0000010eb4300000,0x0000010eb4400000)]
  0x000002eef7916800 JavaThread "Timer-116820" [_thread_blocked, id=1609300, stack(0x0000010eb4200000,0x0000010eb4300000)]
  0x000002eef7918800 JavaThread "Timer-116819" [_thread_blocked, id=1609296, stack(0x0000010eb4100000,0x0000010eb4200000)]
  0x000002eef790d800 JavaThread "Timer-116818" [_thread_blocked, id=1609292, stack(0x0000010eb4000000,0x0000010eb4100000)]
  0x000002eef7914000 JavaThread "Timer-116817" [_thread_blocked, id=1609288, stack(0x0000010eb3f00000,0x0000010eb4000000)]
  0x000002eef790c800 JavaThread "Timer-116816" [_thread_blocked, id=1609284, stack(0x0000010eb3e00000,0x0000010eb3f00000)]
  0x000002eef7913800 JavaThread "Timer-116815" [_thread_blocked, id=1609280, stack(0x0000010eb3d00000,0x0000010eb3e00000)]
  0x000002eef7912000 JavaThread "Timer-116814" [_thread_blocked, id=1609276, stack(0x0000010eb3c00000,0x0000010eb3d00000)]
  0x000002eef849e000 JavaThread "Timer-116813" [_thread_blocked, id=1609272, stack(0x0000010eb3b00000,0x0000010eb3c00000)]
  0x000002eef84a0800 JavaThread "Timer-116812" [_thread_blocked, id=1609268, stack(0x0000010eb3a00000,0x0000010eb3b00000)]
  0x000002eef84a1000 JavaThread "Timer-116811" [_thread_blocked, id=1609264, stack(0x0000010eb3900000,0x0000010eb3a00000)]
  0x000002eef84a4000 JavaThread "Timer-116810" [_thread_blocked, id=1609260, stack(0x0000010eb3800000,0x0000010eb3900000)]
  0x000002eef7f53800 JavaThread "Timer-116809" [_thread_blocked, id=1609256, stack(0x0000010eb3700000,0x0000010eb3800000)]
  0x000002eef7f54800 JavaThread "Timer-116808" [_thread_blocked, id=1609248, stack(0x0000010eb3600000,0x0000010eb3700000)]
  0x000002eef7f4c000 JavaThread "Timer-116807" [_thread_blocked, id=1609244, stack(0x0000010eb3500000,0x0000010eb3600000)]
  0x000002eef7f53000 JavaThread "Timer-116806" [_thread_blocked, id=1609240, stack(0x0000010eb3400000,0x0000010eb3500000)]
  0x000002eef7c68800 JavaThread "Timer-116805" [_thread_blocked, id=1609236, stack(0x0000010eb3300000,0x0000010eb3400000)]
  0x000002eef7c5e000 JavaThread "Timer-116804" [_thread_blocked, id=1609232, stack(0x0000010eb3200000,0x0000010eb3300000)]
  0x000002eef7c64800 JavaThread "Timer-116803" [_thread_blocked, id=1609228, stack(0x0000010eb3100000,0x0000010eb3200000)]
  0x000002eef7f51800 JavaThread "Timer-116802" [_thread_blocked, id=1609224, stack(0x0000010eb3000000,0x0000010eb3100000)]
  0x000002eef82d2800 JavaThread "Timer-116801" [_thread_blocked, id=1609220, stack(0x0000010eb2f00000,0x0000010eb3000000)]
  0x000002eef82d4000 JavaThread "Timer-116800" [_thread_blocked, id=1609216, stack(0x0000010eb2e00000,0x0000010eb2f00000)]
  0x000002eef82d2000 JavaThread "Timer-116799" [_thread_blocked, id=1609212, stack(0x0000010eb2d00000,0x0000010eb2e00000)]
  0x000002eef82d1000 JavaThread "Timer-116798" [_thread_blocked, id=1609208, stack(0x0000010eb2c00000,0x0000010eb2d00000)]
  0x000002eef82d3800 JavaThread "Timer-116797" [_thread_blocked, id=1609204, stack(0x0000010eb2b00000,0x0000010eb2c00000)]
  0x000002eef82d5000 JavaThread "Timer-116796" [_thread_blocked, id=1609200, stack(0x0000010eb2a00000,0x0000010eb2b00000)]
  0x000002eef82d0800 JavaThread "Timer-116795" [_thread_blocked, id=1609196, stack(0x0000010eb2900000,0x0000010eb2a00000)]
  0x000002eef82c8000 JavaThread "Timer-116794" [_thread_blocked, id=1609192, stack(0x0000010eb2800000,0x0000010eb2900000)]
  0x000002eef82cf000 JavaThread "Timer-116793" [_thread_blocked, id=1609188, stack(0x0000010eb2700000,0x0000010eb2800000)]
  0x000002eef82cd800 JavaThread "Timer-116792" [_thread_blocked, id=1609184, stack(0x0000010eb2600000,0x0000010eb2700000)]
  0x000002eef82c7800 JavaThread "Timer-116791" [_thread_blocked, id=1609180, stack(0x0000010eb2500000,0x0000010eb2600000)]
  0x000002eef8122000 JavaThread "Timer-116790" [_thread_blocked, id=1609176, stack(0x0000010eb2400000,0x0000010eb2500000)]
  0x000002eef811d800 JavaThread "Timer-116789" [_thread_blocked, id=1609172, stack(0x0000010eb2300000,0x0000010eb2400000)]
  0x000002eef8121000 JavaThread "Timer-116788" [_thread_blocked, id=1609168, stack(0x0000010eb2200000,0x0000010eb2300000)]
  0x000002eef8120800 JavaThread "Timer-116787" [_thread_blocked, id=1609164, stack(0x0000010eb2100000,0x0000010eb2200000)]
  0x000002eef811f800 JavaThread "Timer-116786" [_thread_blocked, id=1609160, stack(0x0000010eb2000000,0x0000010eb2100000)]
  0x000002eef811c800 JavaThread "Timer-116785" [_thread_blocked, id=1609156, stack(0x0000010eb1f00000,0x0000010eb2000000)]
  0x000002eef811f000 JavaThread "Timer-116784" [_thread_blocked, id=1609152, stack(0x0000010eb1e00000,0x0000010eb1f00000)]
  0x000002eef8115000 JavaThread "Timer-116783" [_thread_blocked, id=1609148, stack(0x0000010eb1d00000,0x0000010eb1e00000)]
  0x000002eef811b000 JavaThread "Timer-116782" [_thread_blocked, id=1609144, stack(0x0000010eb1c00000,0x0000010eb1d00000)]
  0x000002eef8119000 JavaThread "Timer-116781" [_thread_blocked, id=1609140, stack(0x0000010eb1b00000,0x0000010eb1c00000)]
  0x000002eef811a800 JavaThread "Timer-116780" [_thread_blocked, id=1609136, stack(0x0000010eb1a00000,0x0000010eb1b00000)]
  0x000002eef8119800 JavaThread "Timer-116779" [_thread_blocked, id=1609132, stack(0x0000010eb1900000,0x0000010eb1a00000)]
  0x000002eef811c000 JavaThread "Timer-116778" [_thread_blocked, id=1609128, stack(0x0000010eb1800000,0x0000010eb1900000)]
  0x000002eef8112000 JavaThread "Timer-116777" [_thread_blocked, id=1609124, stack(0x0000010eb1700000,0x0000010eb1800000)]
  0x000002eef8114800 JavaThread "Timer-116776" [_thread_blocked, id=1609120, stack(0x0000010eb1600000,0x0000010eb1700000)]
  0x000002eef8111800 JavaThread "Timer-116775" [_thread_blocked, id=1609116, stack(0x0000010eb1500000,0x0000010eb1600000)]
  0x000002eef8116000 JavaThread "Timer-116774" [_thread_blocked, id=1609112, stack(0x0000010eb1400000,0x0000010eb1500000)]
  0x000002eef8118000 JavaThread "Timer-116773" [_thread_blocked, id=1609108, stack(0x0000010eb1300000,0x0000010eb1400000)]
  0x000002eef8117800 JavaThread "Timer-116772" [_thread_blocked, id=1609104, stack(0x0000010eb1200000,0x0000010eb1300000)]
  0x000002eef8113800 JavaThread "Timer-116771" [_thread_blocked, id=1609100, stack(0x0000010eb1100000,0x0000010eb1200000)]
  0x000002eef8116800 JavaThread "Timer-116770" [_thread_blocked, id=1609096, stack(0x0000010eb1000000,0x0000010eb1100000)]
  0x000002eef7f4d800 JavaThread "Timer-116769" [_thread_blocked, id=1609092, stack(0x0000010eb0f00000,0x0000010eb1000000)]
  0x000002eef7f4f000 JavaThread "Timer-116768" [_thread_blocked, id=1609088, stack(0x0000010eb0e00000,0x0000010eb0f00000)]
  0x000002eef7f4b800 JavaThread "Timer-116767" [_thread_blocked, id=1609084, stack(0x0000010eb0d00000,0x0000010eb0e00000)]
  0x000002eef7f4e800 JavaThread "Timer-116766" [_thread_blocked, id=1609080, stack(0x0000010eb0c00000,0x0000010eb0d00000)]
  0x000002eef7f50800 JavaThread "Timer-116765" [_thread_blocked, id=1609076, stack(0x0000010eb0b00000,0x0000010eb0c00000)]
  0x000002eef7f4d000 JavaThread "Timer-116764" [_thread_blocked, id=1609072, stack(0x0000010eb0a00000,0x0000010eb0b00000)]
  0x000002eef7f50000 JavaThread "Timer-116763" [_thread_blocked, id=1609068, stack(0x0000010eb0900000,0x0000010eb0a00000)]
  0x000002eef7f52000 JavaThread "Timer-116762" [_thread_blocked, id=1609064, stack(0x0000010eb0800000,0x0000010eb0900000)]
  0x000002eef7f44800 JavaThread "Timer-116761" [_thread_blocked, id=1609060, stack(0x0000010eb0700000,0x0000010eb0800000)]
  0x000002eef7f4a800 JavaThread "Timer-116760" [_thread_blocked, id=1609056, stack(0x0000010eb0600000,0x0000010eb0700000)]
  0x000002eef8113000 JavaThread "Timer-116759" [_thread_blocked, id=1609052, stack(0x0000010eb0500000,0x0000010eb0600000)]
  0x000002eef810a000 JavaThread "Timer-116758" [_thread_blocked, id=1609048, stack(0x0000010eb0400000,0x0000010eb0500000)]
  0x000002eef8110800 JavaThread "Timer-116757" [_thread_blocked, id=1609044, stack(0x0000010eb0300000,0x0000010eb0400000)]
  0x000002eef8109000 JavaThread "Timer-116756" [_thread_blocked, id=1609040, stack(0x0000010eb0200000,0x0000010eb0300000)]
  0x000002eef8110000 JavaThread "Timer-116755" [_thread_blocked, id=1609032, stack(0x0000010eb0100000,0x0000010eb0200000)]
  0x000002eef8108800 JavaThread "Timer-116754" [_thread_blocked, id=1609028, stack(0x0000010eb0000000,0x0000010eb0100000)]
  0x000002eef810f000 JavaThread "Timer-116753" [_thread_blocked, id=1609024, stack(0x0000010eaff00000,0x0000010eb0000000)]
  0x000002eef810d000 JavaThread "Timer-116752" [_thread_blocked, id=1609020, stack(0x0000010eafe00000,0x0000010eaff00000)]
  0x000002eef810c000 JavaThread "Timer-116751" [_thread_blocked, id=1609016, stack(0x0000010eafd00000,0x0000010eafe00000)]
  0x000002eef810b800 JavaThread "Timer-116750" [_thread_blocked, id=1609012, stack(0x0000010eafc00000,0x0000010eafd00000)]
  0x000002eef810a800 JavaThread "Timer-116749" [_thread_blocked, id=1609008, stack(0x0000010eafb00000,0x0000010eafc00000)]
  0x000002eef810e800 JavaThread "Timer-116748" [_thread_blocked, id=1609004, stack(0x0000010eafa00000,0x0000010eafb00000)]
  0x000002eef810d800 JavaThread "Timer-116747" [_thread_blocked, id=1609000, stack(0x0000010eaf900000,0x0000010eafa00000)]
  0x000002eef8147000 JavaThread "Timer-116746" [_thread_blocked, id=1608996, stack(0x0000010eaf800000,0x0000010eaf900000)]
  0x000002eef8148800 JavaThread "Timer-116745" [_thread_blocked, id=1608992, stack(0x0000010eaf700000,0x0000010eaf800000)]
  0x000002eef8144800 JavaThread "Timer-116744" [_thread_blocked, id=1608988, stack(0x0000010eaf600000,0x0000010eaf700000)]
  0x000002eef8144000 JavaThread "Timer-116743" [_thread_blocked, id=1608984, stack(0x0000010eaf500000,0x0000010eaf600000)]
  0x000002eef8145800 JavaThread "Timer-116742" [_thread_blocked, id=1608980, stack(0x0000010eaf400000,0x0000010eaf500000)]
  0x000002eef7c64000 JavaThread "Timer-116741" [_thread_blocked, id=1608972, stack(0x0000010eaf300000,0x0000010eaf400000)]
  0x000002eef7c62800 JavaThread "Timer-116740" [_thread_blocked, id=1608960, stack(0x0000010eaf200000,0x0000010eaf300000)]
  0x000002eef7c60000 JavaThread "Timer-116739" [_thread_blocked, id=1608956, stack(0x0000010eaf100000,0x0000010eaf200000)]
  0x000002eef7c5e800 JavaThread "Timer-116738" [_thread_blocked, id=1608952, stack(0x0000010eaf000000,0x0000010eaf100000)]
  0x000002eef7c61800 JavaThread "Timer-116737" [_thread_blocked, id=1608948, stack(0x0000010eaef00000,0x0000010eaf000000)]
  0x000002eef7c5f800 JavaThread "Timer-116736" [_thread_blocked, id=1608944, stack(0x0000010eaee00000,0x0000010eaef00000)]
  0x000002eef7c5d000 JavaThread "Timer-116735" [_thread_blocked, id=1608936, stack(0x0000010eaed00000,0x0000010eaee00000)]
  0x000002eef7c61000 JavaThread "Timer-116734" [_thread_blocked, id=1608932, stack(0x0000010eaec00000,0x0000010eaed00000)]
  0x000002eef7c5c800 JavaThread "Timer-116733" [_thread_blocked, id=1608928, stack(0x0000010eaeb00000,0x0000010eaec00000)]
  0x000002eef7c63000 JavaThread "Timer-116732" [_thread_blocked, id=1608924, stack(0x0000010eaea00000,0x0000010eaeb00000)]
  0x000002eef7c55800 JavaThread "Timer-116731" [_thread_blocked, id=1608920, stack(0x0000010eae900000,0x0000010eaea00000)]
  0x000002eef7c55000 JavaThread "Timer-116730" [_thread_blocked, id=1608916, stack(0x0000010eae800000,0x0000010eae900000)]
  0x000002eef7c56800 JavaThread "Timer-116729" [_thread_blocked, id=1608912, stack(0x0000010eae700000,0x0000010eae800000)]
  0x000002eef7c5b000 JavaThread "Timer-116728" [_thread_blocked, id=1608908, stack(0x0000010eae600000,0x0000010eae700000)]
  0x000002eef82ce000 JavaThread "Timer-116727" [_thread_blocked, id=1608904, stack(0x0000010eae300000,0x0000010eae400000)]
  0x000002eef82c6000 JavaThread "Timer-116726" [_thread_blocked, id=1608900, stack(0x0000010eae200000,0x0000010eae300000)]
  0x000002eef82cc800 JavaThread "Timer-116725" [_thread_blocked, id=1608896, stack(0x0000010eae100000,0x0000010eae200000)]
  0x000002eef82c5000 JavaThread "Timer-116724" [_thread_blocked, id=1608892, stack(0x0000010eae000000,0x0000010eae100000)]
  0x000002eef82c9800 JavaThread "Timer-116723" [_thread_blocked, id=1608888, stack(0x0000010eadf00000,0x0000010eae000000)]
  0x000002eef82c6800 JavaThread "Timer-116722" [_thread_blocked, id=1608884, stack(0x0000010eade00000,0x0000010eadf00000)]
  0x000002eef82c9000 JavaThread "Timer-116721" [_thread_blocked, id=1608880, stack(0x0000010eadd00000,0x0000010eade00000)]
  0x000002eef82cc000 JavaThread "Timer-116720" [_thread_blocked, id=1608876, stack(0x0000010eadc00000,0x0000010eadd00000)]
  0x000002eef82c4800 JavaThread "Timer-116719" [_thread_blocked, id=1608872, stack(0x0000010eadb00000,0x0000010eadc00000)]
  0x000002eef82cb000 JavaThread "Timer-116718" [_thread_blocked, id=1608868, stack(0x0000010eada00000,0x0000010eadb00000)]
  0x000002eef82ca800 JavaThread "Timer-116717" [_thread_blocked, id=1608864, stack(0x0000010ead900000,0x0000010eada00000)]
  0x000002eef82bd000 JavaThread "Timer-116716" [_thread_blocked, id=1608860, stack(0x0000010ead800000,0x0000010ead900000)]
  0x000002eef82c3800 JavaThread "Timer-116715" [_thread_blocked, id=1608856, stack(0x0000010ead700000,0x0000010ead800000)]
  0x000002eef82c3000 JavaThread "Timer-116714" [_thread_blocked, id=1608852, stack(0x0000010ead600000,0x0000010ead700000)]
  0x000002eef82c2000 JavaThread "Timer-116713" [_thread_blocked, id=1608844, stack(0x0000010ead500000,0x0000010ead600000)]
  0x000002eef82c1800 JavaThread "Timer-116712" [_thread_blocked, id=1608840, stack(0x0000010ead400000,0x0000010ead500000)]
  0x000002eef82c0800 JavaThread "Timer-116711" [_thread_blocked, id=1608836, stack(0x0000010ead300000,0x0000010ead400000)]
  0x000002eef82b9000 JavaThread "Timer-116710" [_thread_blocked, id=1608828, stack(0x0000010ead200000,0x0000010ead300000)]
  0x000002eef82c0000 JavaThread "Timer-116709" [_thread_blocked, id=1608824, stack(0x0000010ead100000,0x0000010ead200000)]
  0x000002eef82b8800 JavaThread "Timer-116708" [_thread_blocked, id=1608820, stack(0x0000010ead000000,0x0000010ead100000)]
  0x000002eef82bf000 JavaThread "Timer-116707" [_thread_blocked, id=1608816, stack(0x0000010eacf00000,0x0000010ead000000)]
  0x000002eef7911000 JavaThread "Timer-116706" [_thread_blocked, id=1608812, stack(0x0000010eace00000,0x0000010eacf00000)]
  0x000002eef7910800 JavaThread "Timer-116705" [_thread_blocked, id=1608808, stack(0x0000010eacd00000,0x0000010eace00000)]
  0x000002eef82bc000 JavaThread "Timer-116704" [_thread_blocked, id=1608804, stack(0x0000010eacc00000,0x0000010eacd00000)]
  0x000002eef82be800 JavaThread "Timer-116703" [_thread_blocked, id=1608800, stack(0x0000010eacb00000,0x0000010eacc00000)]
  0x000002eef82bd800 JavaThread "Timer-116702" [_thread_blocked, id=1608796, stack(0x0000010eaca00000,0x0000010eacb00000)]
  0x000002eef82ba800 JavaThread "Timer-116701" [_thread_blocked, id=1608792, stack(0x0000010eac900000,0x0000010eaca00000)]
  0x000002eef82b7800 JavaThread "Timer-116700" [_thread_blocked, id=1608788, stack(0x0000010eac800000,0x0000010eac900000)]
  0x000002eef82bb800 JavaThread "Timer-116699" [_thread_blocked, id=1608784, stack(0x0000010eac700000,0x0000010eac800000)]
  0x000002eef82b7000 JavaThread "Timer-116698" [_thread_blocked, id=1608780, stack(0x0000010eac600000,0x0000010eac700000)]
  0x000002eef82ba000 JavaThread "Timer-116697" [_thread_blocked, id=1608764, stack(0x0000010eac500000,0x0000010eac600000)]
  0x000002eef7826800 JavaThread "Timer-116696" [_thread_blocked, id=1608756, stack(0x0000010eac400000,0x0000010eac500000)]
  0x000002eef7825800 JavaThread "Timer-116695" [_thread_blocked, id=1608748, stack(0x0000010eac300000,0x0000010eac400000)]
  0x000002eef782c800 JavaThread "Timer-116694" [_thread_blocked, id=1608744, stack(0x0000010eac200000,0x0000010eac300000)]
  0x000002eef7827000 JavaThread "Timer-116693" [_thread_blocked, id=1608740, stack(0x0000010eac100000,0x0000010eac200000)]
  0x000002eef782b800 JavaThread "Timer-116692" [_thread_blocked, id=1608736, stack(0x0000010eac000000,0x0000010eac100000)]
  0x000002eef782b000 JavaThread "Timer-116691" [_thread_blocked, id=1608732, stack(0x0000010eabf00000,0x0000010eac000000)]
  0x000002eef782a000 JavaThread "Timer-116690" [_thread_blocked, id=1608728, stack(0x0000010eabe00000,0x0000010eabf00000)]
  0x000002eef7829800 JavaThread "Timer-116689" [_thread_blocked, id=1608724, stack(0x0000010eabd00000,0x0000010eabe00000)]
  0x000002eef7828800 JavaThread "Timer-116688" [_thread_blocked, id=1608716, stack(0x0000010eabc00000,0x0000010eabd00000)]
  0x000002eef7828000 JavaThread "Timer-116687" [_thread_blocked, id=1608712, stack(0x0000010eabb00000,0x0000010eabc00000)]
  0x000002eef781e000 JavaThread "Timer-116686" [_thread_blocked, id=1608708, stack(0x0000010eaba00000,0x0000010eabb00000)]
  0x000002eef7825000 JavaThread "Timer-116685" [_thread_blocked, id=1599352, stack(0x0000010eab900000,0x0000010eaba00000)]
  0x000002eef8146000 JavaThread "Timer-116684" [_thread_blocked, id=1605168, stack(0x0000010eab800000,0x0000010eab900000)]
  0x000002eef8147800 JavaThread "Timer-116683" [_thread_blocked, id=1608356, stack(0x0000010eab700000,0x0000010eab800000)]
  0x000002eef8141000 JavaThread "Timer-116682" [_thread_blocked, id=1454468, stack(0x0000010eab600000,0x0000010eab700000)]
  0x000002eef8142800 JavaThread "Timer-116681" [_thread_blocked, id=1555728, stack(0x0000010eab500000,0x0000010eab600000)]
  0x000002eef8143000 JavaThread "Timer-116680" [_thread_blocked, id=1516608, stack(0x0000010eab400000,0x0000010eab500000)]
  0x000002eef8141800 JavaThread "Timer-116679" [_thread_blocked, id=1287980, stack(0x0000010eab300000,0x0000010eab400000)]
  0x000002eef8139800 JavaThread "Timer-116678" [_thread_blocked, id=1601560, stack(0x0000010eab200000,0x0000010eab300000)]
  0x000002eef8140000 JavaThread "Timer-116677" [_thread_blocked, id=1585656, stack(0x0000010eab100000,0x0000010eab200000)]
  0x000002eef8138800 JavaThread "Timer-116676" [_thread_blocked, id=1608276, stack(0x0000010eab000000,0x0000010eab100000)]
  0x000002eef813f800 JavaThread "Timer-116675" [_thread_blocked, id=1535296, stack(0x0000010eaaf00000,0x0000010eab000000)]
  0x000002eef7f4a000 JavaThread "Timer-116674" [_thread_blocked, id=1557260, stack(0x0000010eaae00000,0x0000010eaaf00000)]
  0x000002eef7f44000 JavaThread "Timer-116673" [_thread_blocked, id=1541648, stack(0x0000010eaad00000,0x0000010eaae00000)]
  0x000002eef7f42800 JavaThread "Timer-116672" [_thread_blocked, id=1575916, stack(0x0000010eaac00000,0x0000010eaad00000)]
  0x000002eef7f47000 JavaThread "Timer-116671" [_thread_blocked, id=1608700, stack(0x0000010eaab00000,0x0000010eaac00000)]
  0x000002eef7f45800 JavaThread "Timer-116670" [_thread_blocked, id=1608696, stack(0x0000010eaaa00000,0x0000010eaab00000)]
  0x000002eef7f48800 JavaThread "Timer-116669" [_thread_blocked, id=1608692, stack(0x0000010eaa900000,0x0000010eaaa00000)]
  0x000002eef7f49000 JavaThread "Timer-116668" [_thread_blocked, id=1608688, stack(0x0000010eaa800000,0x0000010eaa900000)]
  0x000002eef7f41800 JavaThread "Timer-116667" [_thread_blocked, id=1608684, stack(0x0000010eaa700000,0x0000010eaa800000)]
  0x000002eef7f43000 JavaThread "Timer-116666" [_thread_blocked, id=1608680, stack(0x0000010eaa600000,0x0000010eaa700000)]
  0x000002eef7f47800 JavaThread "Timer-116665" [_thread_blocked, id=1608676, stack(0x0000010eaa500000,0x0000010eaa600000)]
  0x000002eef7f46000 JavaThread "Timer-116664" [_thread_blocked, id=1608672, stack(0x0000010eaa400000,0x0000010eaa500000)]
  0x000002eef7f3a000 JavaThread "Timer-116663" [_thread_blocked, id=1608668, stack(0x0000010eaa300000,0x0000010eaa400000)]
  0x000002eef7f40800 JavaThread "Timer-116662" [_thread_blocked, id=1608664, stack(0x0000010eaa200000,0x0000010eaa300000)]
  0x000002eef7f39000 JavaThread "Timer-116661" [_thread_blocked, id=1608660, stack(0x0000010eaa100000,0x0000010eaa200000)]
  0x000002eef7f40000 JavaThread "Timer-116660" [_thread_blocked, id=1608656, stack(0x0000010eaa000000,0x0000010eaa100000)]
  0x000002eef7f3f000 JavaThread "Timer-116659" [_thread_blocked, id=1608652, stack(0x0000010ea9f00000,0x0000010eaa000000)]
  0x000002eef7f3e800 JavaThread "Timer-116658" [_thread_blocked, id=1608648, stack(0x0000010ea9e00000,0x0000010ea9f00000)]
  0x000002eef7f3c000 JavaThread "Timer-116657" [_thread_blocked, id=1608644, stack(0x0000010ea9d00000,0x0000010ea9e00000)]
  0x000002eef7f38800 JavaThread "Timer-116656" [_thread_blocked, id=1608640, stack(0x0000010ea9c00000,0x0000010ea9d00000)]
  0x000002eef7f3a800 JavaThread "Timer-116655" [_thread_blocked, id=1608636, stack(0x0000010ea9b00000,0x0000010ea9c00000)]
  0x000002eef7f3d800 JavaThread "Timer-116654" [_thread_blocked, id=1608632, stack(0x0000010ea9a00000,0x0000010ea9b00000)]
  0x000002eef7f3b800 JavaThread "Timer-116653" [_thread_blocked, id=1608628, stack(0x0000010ea9900000,0x0000010ea9a00000)]
  0x000002eef7f3d000 JavaThread "Timer-116652" [_thread_blocked, id=1608624, stack(0x0000010ea9800000,0x0000010ea9900000)]
  0x000002eef7f31800 JavaThread "Timer-116651" [_thread_blocked, id=1608620, stack(0x0000010ea9700000,0x0000010ea9800000)]
  0x000002eef7f37800 JavaThread "Timer-116650" [_thread_blocked, id=1608616, stack(0x0000010ea9600000,0x0000010ea9700000)]
  0x000002eef7c5b800 JavaThread "Timer-116649" [_thread_blocked, id=1608612, stack(0x0000010ea9500000,0x0000010ea9600000)]
  0x000002eef7c53800 JavaThread "Timer-116648" [_thread_blocked, id=1608608, stack(0x0000010ea9400000,0x0000010ea9500000)]
  0x000002eef7c5a000 JavaThread "Timer-116647" [_thread_blocked, id=1608604, stack(0x0000010ea9300000,0x0000010ea9400000)]
  0x000002eef7c54000 JavaThread "Timer-116646" [_thread_blocked, id=1608600, stack(0x0000010ea9200000,0x0000010ea9300000)]
  0x000002eef7c52800 JavaThread "Timer-116645" [_thread_blocked, id=1608596, stack(0x0000010ea9100000,0x0000010ea9200000)]
  0x000002eef7c58800 JavaThread "Timer-116644" [_thread_blocked, id=1608592, stack(0x0000010ea9000000,0x0000010ea9100000)]
  0x000002eef7c58000 JavaThread "Timer-116643" [_thread_blocked, id=1608588, stack(0x0000010ea8f00000,0x0000010ea9000000)]
  0x000002eef7c59800 JavaThread "Timer-116642" [_thread_blocked, id=1608584, stack(0x0000010ea8e00000,0x0000010ea8f00000)]
  0x000002eef7c57000 JavaThread "Timer-116641" [_thread_blocked, id=1608580, stack(0x0000010ea8d00000,0x0000010ea8e00000)]
  0x000002eef7c4b000 JavaThread "Timer-116640" [_thread_blocked, id=1608576, stack(0x0000010ea8c00000,0x0000010ea8d00000)]
  0x000002eef7c51000 JavaThread "Timer-116639" [_thread_blocked, id=1608572, stack(0x0000010ea8b00000,0x0000010ea8c00000)]
  0x000002eef7c52000 JavaThread "Timer-116638" [_thread_blocked, id=1608568, stack(0x0000010ea8a00000,0x0000010ea8b00000)]
  0x000002eef7c4a800 JavaThread "Timer-116637" [_thread_blocked, id=1608564, stack(0x0000010ea8900000,0x0000010ea8a00000)]
  0x000002eef7c50800 JavaThread "Timer-116636" [_thread_blocked, id=1608560, stack(0x0000010ea8800000,0x0000010ea8900000)]
  0x000002eef7c49000 JavaThread "Timer-116635" [_thread_blocked, id=1608556, stack(0x0000010ea8700000,0x0000010ea8800000)]
  0x000002eef7c4f800 JavaThread "Timer-116634" [_thread_blocked, id=1608552, stack(0x0000010ea8600000,0x0000010ea8700000)]
  0x000002eef7c48000 JavaThread "Timer-116633" [_thread_blocked, id=1608544, stack(0x0000010ea8500000,0x0000010ea8600000)]
  0x000002eef7c4f000 JavaThread "Timer-116632" [_thread_blocked, id=1608540, stack(0x0000010ea8400000,0x0000010ea8500000)]
  0x000002eef7c49800 JavaThread "Timer-116631" [_thread_blocked, id=1608536, stack(0x0000010ea8300000,0x0000010ea8400000)]
  0x000002eef7c4e000 JavaThread "Timer-116630" [_thread_blocked, id=1608532, stack(0x0000010ea8200000,0x0000010ea8300000)]
  0x000002eef7c4d800 JavaThread "Timer-116629" [_thread_blocked, id=1608528, stack(0x0000010ea8100000,0x0000010ea8200000)]
  0x000002eef7c4c800 JavaThread "Timer-116628" [_thread_blocked, id=1608524, stack(0x0000010ea8000000,0x0000010ea8100000)]
  0x000002eef7f30000 JavaThread "Timer-116627" [_thread_blocked, id=1608516, stack(0x0000010ea7f00000,0x0000010ea8000000)]
  0x000002eef7f37000 JavaThread "Timer-116626" [_thread_blocked, id=1608512, stack(0x0000010ea7e00000,0x0000010ea7f00000)]
  0x000002eef7f2f800 JavaThread "Timer-116625" [_thread_blocked, id=1608508, stack(0x0000010ea7d00000,0x0000010ea7e00000)]
  0x000002eef7f34000 JavaThread "Timer-116624" [_thread_blocked, id=1608504, stack(0x0000010ea7c00000,0x0000010ea7d00000)]
  0x000002eef7f36000 JavaThread "Timer-116623" [_thread_blocked, id=1608500, stack(0x0000010ea7b00000,0x0000010ea7c00000)]
  0x000002eef7f31000 JavaThread "Timer-116622" [_thread_blocked, id=1608496, stack(0x0000010ea7a00000,0x0000010ea7b00000)]
  0x000002eef7f2e800 JavaThread "Timer-116621" [_thread_blocked, id=1608492, stack(0x0000010ea7900000,0x0000010ea7a00000)]
  0x000002eef7f33000 JavaThread "Timer-116620" [_thread_blocked, id=1608488, stack(0x0000010ea7800000,0x0000010ea7900000)]
  0x000002eef7f32800 JavaThread "Timer-116619" [_thread_blocked, id=1608484, stack(0x0000010ea7700000,0x0000010ea7800000)]
  0x000002eef7f34800 JavaThread "Timer-116618" [_thread_blocked, id=1608480, stack(0x0000010ea7600000,0x0000010ea7700000)]
  0x000002eef7f35800 JavaThread "Timer-116617" [_thread_blocked, id=1608476, stack(0x0000010ea7500000,0x0000010ea7600000)]
  0x000002eef7f27000 JavaThread "Timer-116616" [_thread_blocked, id=1608472, stack(0x0000010ea7400000,0x0000010ea7500000)]
  0x000002eef813d000 JavaThread "Timer-116615" [_thread_blocked, id=1608468, stack(0x0000010ea7300000,0x0000010ea7400000)]
  0x000002eef813e000 JavaThread "Timer-116614" [_thread_blocked, id=1608464, stack(0x0000010ea7200000,0x0000010ea7300000)]
  0x000002eef813e800 JavaThread "Timer-116613" [_thread_blocked, id=1608460, stack(0x0000010ea7100000,0x0000010ea7200000)]
  0x000002eef813b800 JavaThread "Timer-116612" [_thread_blocked, id=1608456, stack(0x0000010ea7000000,0x0000010ea7100000)]
  0x000002eef813a000 JavaThread "Timer-116611" [_thread_blocked, id=1608452, stack(0x0000010ea6f00000,0x0000010ea7000000)]
  0x000002eef813b000 JavaThread "Timer-116610" [_thread_blocked, id=1608448, stack(0x0000010ea6e00000,0x0000010ea6f00000)]
  0x000002eef813c800 JavaThread "Timer-116609" [_thread_blocked, id=1608444, stack(0x0000010ea6d00000,0x0000010ea6e00000)]
  0x000002eef7eab800 JavaThread "Timer-116608" [_thread_blocked, id=1608440, stack(0x0000010ea6c00000,0x0000010ea6d00000)]
  0x000002eef7eab000 JavaThread "Timer-116607" [_thread_blocked, id=1608436, stack(0x0000010ea6b00000,0x0000010ea6c00000)]
  0x000002eef7eac800 JavaThread "Timer-116606" [_thread_blocked, id=1608432, stack(0x0000010ea6a00000,0x0000010ea6b00000)]
  0x000002eef7eae800 JavaThread "Timer-116605" [_thread_blocked, id=1608428, stack(0x0000010ea6900000,0x0000010ea6a00000)]
  0x000002eef7ead000 JavaThread "Timer-116604" [_thread_blocked, id=1608424, stack(0x0000010ea6800000,0x0000010ea6900000)]
  0x000002eef7eae000 JavaThread "Timer-116603" [_thread_blocked, id=1608420, stack(0x0000010ea6700000,0x0000010ea6800000)]
  0x000002eef7eaa000 JavaThread "Timer-116602" [_thread_blocked, id=1608416, stack(0x0000010ea6600000,0x0000010ea6700000)]
  0x000002eef7eaf800 JavaThread "Timer-116601" [_thread_blocked, id=1608412, stack(0x0000010ea6500000,0x0000010ea6600000)]
  0x000002eef7ea2800 JavaThread "Timer-116600" [_thread_blocked, id=1608408, stack(0x0000010ea6400000,0x0000010ea6500000)]
  0x000002eef7ea9800 JavaThread "Timer-116599" [_thread_blocked, id=1608404, stack(0x0000010ea6300000,0x0000010ea6400000)]
  0x000002eef7ea2000 JavaThread "Timer-116598" [_thread_blocked, id=1608400, stack(0x0000010ea6200000,0x0000010ea6300000)]
  0x000002eef7ea8800 JavaThread "Timer-116597" [_thread_blocked, id=1608396, stack(0x0000010ea6100000,0x0000010ea6200000)]
  0x000002eef7ea8000 JavaThread "Timer-116596" [_thread_blocked, id=1608392, stack(0x0000010ea6000000,0x0000010ea6100000)]
  0x000002eef7ea5800 JavaThread "Timer-116595" [_thread_blocked, id=1608388, stack(0x0000010ea5f00000,0x0000010ea6000000)]
  0x000002eef7ea3800 JavaThread "Timer-116594" [_thread_blocked, id=1608384, stack(0x0000010ea5e00000,0x0000010ea5f00000)]
  0x000002eef7ea5000 JavaThread "Timer-116593" [_thread_blocked, id=1608380, stack(0x0000010ea5d00000,0x0000010ea5e00000)]
  0x000002eef7ea0800 JavaThread "Timer-116592" [_thread_blocked, id=1608376, stack(0x0000010ea5c00000,0x0000010ea5d00000)]
  0x000002eef7ea7000 JavaThread "Timer-116591" [_thread_blocked, id=1608372, stack(0x0000010ea5b00000,0x0000010ea5c00000)]
  0x000002eef7ea1000 JavaThread "Timer-116590" [_thread_blocked, id=1608368, stack(0x0000010ea5a00000,0x0000010ea5b00000)]
  0x000002eef7ea6800 JavaThread "Timer-116589" [_thread_blocked, id=1608364, stack(0x0000010ea5900000,0x0000010ea5a00000)]
  0x000002eef7ea4000 JavaThread "Timer-116588" [_thread_blocked, id=1608360, stack(0x0000010ea5800000,0x0000010ea5900000)]
  0x000002eef7f2a000 JavaThread "Timer-116587" [_thread_blocked, id=1608352, stack(0x0000010ea5700000,0x0000010ea5800000)]
  0x000002eef7f2e000 JavaThread "Timer-116586" [_thread_blocked, id=1608348, stack(0x0000010ea5600000,0x0000010ea5700000)]
  0x000002eef7e9f800 JavaThread "Timer-116585" [_thread_blocked, id=1608344, stack(0x0000010ea5500000,0x0000010ea5600000)]
  0x000002eef7e9f000 JavaThread "Timer-116584" [_thread_blocked, id=1608340, stack(0x0000010ea5400000,0x0000010ea5500000)]
  0x000002eef7e9e000 JavaThread "Timer-116583" [_thread_blocked, id=1608336, stack(0x0000010ea5300000,0x0000010ea5400000)]
  0x000002eef7e9d800 JavaThread "Timer-116582" [_thread_blocked, id=1608328, stack(0x0000010ea5200000,0x0000010ea5300000)]
  0x000002eef7e97000 JavaThread "Timer-116581" [_thread_blocked, id=1608316, stack(0x0000010ea5100000,0x0000010ea5200000)]
  0x000002eef7e96800 JavaThread "Timer-116580" [_thread_blocked, id=1608312, stack(0x0000010ea5000000,0x0000010ea5100000)]
  0x000002eef7e9c000 JavaThread "Timer-116579" [_thread_blocked, id=1608308, stack(0x0000010ea4f00000,0x0000010ea5000000)]
  0x000002eef7e9c800 JavaThread "Timer-116578" [_thread_blocked, id=1608304, stack(0x0000010ea4e00000,0x0000010ea4f00000)]
  0x000002eef7e99800 JavaThread "Timer-116577" [_thread_blocked, id=1608300, stack(0x0000010ea4d00000,0x0000010ea4e00000)]
  0x000002eef7e98000 JavaThread "Timer-116576" [_thread_blocked, id=1608296, stack(0x0000010ea4c00000,0x0000010ea4d00000)]
  0x000002eef7e95800 JavaThread "Timer-116575" [_thread_blocked, id=1608292, stack(0x0000010ea4b00000,0x0000010ea4c00000)]
  0x000002eef7e99000 JavaThread "Timer-116574" [_thread_blocked, id=1608288, stack(0x0000010ea4a00000,0x0000010ea4b00000)]
  0x000002eef7e94000 JavaThread "Timer-116573" [_thread_blocked, id=1608284, stack(0x0000010ea4900000,0x0000010ea4a00000)]
  0x000002eef7e9b000 JavaThread "Timer-116572" [_thread_blocked, id=1608280, stack(0x0000010ea4800000,0x0000010ea4900000)]
  0x000002eef7e9a800 JavaThread "Timer-116571" [_thread_blocked, id=1608272, stack(0x0000010ea4700000,0x0000010ea4800000)]
  0x000002eef7e95000 JavaThread "Timer-116570" [_thread_blocked, id=1608268, stack(0x0000010ea4600000,0x0000010ea4700000)]
  0x000002eef7e93800 JavaThread "Timer-116569" [_thread_blocked, id=1608264, stack(0x0000010ea4500000,0x0000010ea4600000)]
  0x000002eef7e8c000 JavaThread "Timer-116568" [_thread_blocked, id=1608256, stack(0x0000010ea4400000,0x0000010ea4500000)]
  0x000002eef7e92800 JavaThread "Timer-116567" [_thread_blocked, id=1608252, stack(0x0000010ea4300000,0x0000010ea4400000)]
  0x000002eef7e92000 JavaThread "Timer-116566" [_thread_blocked, id=1608244, stack(0x0000010ea4200000,0x0000010ea4300000)]
  0x000002eef7e8a800 JavaThread "Timer-116565" [_thread_blocked, id=1608240, stack(0x0000010ea4100000,0x0000010ea4200000)]
  0x000002eef7e91000 JavaThread "Timer-116564" [_thread_blocked, id=1608228, stack(0x0000010ea4000000,0x0000010ea4100000)]
  0x000002eef7e8f800 JavaThread "Timer-116563" [_thread_blocked, id=1608224, stack(0x0000010ea3f00000,0x0000010ea4000000)]
  0x000002eef7e8e000 JavaThread "Timer-116562" [_thread_blocked, id=1608220, stack(0x0000010ea3e00000,0x0000010ea3f00000)]
  0x000002eef7e8f000 JavaThread "Timer-116561" [_thread_blocked, id=1608216, stack(0x0000010ea3d00000,0x0000010ea3e00000)]
  0x000002eef7e90800 JavaThread "Timer-116560" [_thread_blocked, id=1608196, stack(0x0000010ea3c00000,0x0000010ea3d00000)]
  0x000002eef7e8b000 JavaThread "Timer-116559" [_thread_blocked, id=1608192, stack(0x0000010ea3b00000,0x0000010ea3c00000)]
  0x000002eef7e8d800 JavaThread "Timer-116558" [_thread_blocked, id=1608188, stack(0x0000010ea3a00000,0x0000010ea3b00000)]
  0x000002eef7e87800 JavaThread "Timer-116557" [_thread_blocked, id=1608180, stack(0x0000010ea3900000,0x0000010ea3a00000)]
  0x000002eef7e86800 JavaThread "Timer-116556" [_thread_blocked, id=1608176, stack(0x0000010ea3800000,0x0000010ea3900000)]
  0x000002eef7e89800 JavaThread "Timer-116555" [_thread_blocked, id=1608172, stack(0x0000010ea3700000,0x0000010ea3800000)]
  0x000002eef7e89000 JavaThread "Timer-116554" [_thread_blocked, id=1608168, stack(0x0000010ea3600000,0x0000010ea3700000)]
  0x000002eef7e8c800 JavaThread "Timer-116553" [_thread_blocked, id=1608164, stack(0x0000010ea3500000,0x0000010ea3600000)]
  0x000002eef7e84800 JavaThread "Timer-116552" [_thread_blocked, id=1608160, stack(0x0000010ea3400000,0x0000010ea3500000)]
  0x000002eef7e83800 JavaThread "Timer-116551" [_thread_blocked, id=1608152, stack(0x0000010ea3300000,0x0000010ea3400000)]
  0x000002eef7f28000 JavaThread "Timer-116550" [_thread_blocked, id=1608148, stack(0x0000010ea3200000,0x0000010ea3300000)]
  0x000002eef7f2d000 JavaThread "Timer-116549" [_thread_blocked, id=1608144, stack(0x0000010ea3100000,0x0000010ea3200000)]
  0x000002eef7f28800 JavaThread "Timer-116548" [_thread_blocked, id=1608140, stack(0x0000010ea3000000,0x0000010ea3100000)]
  0x000002eef7f2c800 JavaThread "Timer-116547" [_thread_blocked, id=1608136, stack(0x0000010ea2f00000,0x0000010ea3000000)]
  0x000002eef7f26800 JavaThread "Timer-116546" [_thread_blocked, id=1608132, stack(0x0000010ea2e00000,0x0000010ea2f00000)]
  0x000002eef7f29800 JavaThread "Timer-116545" [_thread_blocked, id=1608128, stack(0x0000010ea2d00000,0x0000010ea2e00000)]
  0x000002eef7f25000 JavaThread "Timer-116544" [_thread_blocked, id=1608124, stack(0x0000010ea2c00000,0x0000010ea2d00000)]
  0x000002eef7f2b000 JavaThread "Timer-116543" [_thread_blocked, id=1608120, stack(0x0000010ea2b00000,0x0000010ea2c00000)]
  0x000002eef7f2b800 JavaThread "Timer-116542" [_thread_blocked, id=1608116, stack(0x0000010ea2a00000,0x0000010ea2b00000)]
  0x000002eef7f25800 JavaThread "Timer-116541" [_thread_blocked, id=1608112, stack(0x0000010ea2900000,0x0000010ea2a00000)]
  0x000002eef7f62000 JavaThread "Timer-116540" [_thread_blocked, id=1608108, stack(0x0000010ea2800000,0x0000010ea2900000)]
  0x000002eef7912800 JavaThread "Timer-116539" [_thread_blocked, id=1608104, stack(0x0000010ea2700000,0x0000010ea2800000)]
  0x000002eef790b000 JavaThread "Timer-116538" [_thread_blocked, id=1608100, stack(0x0000010ea2600000,0x0000010ea2700000)]
  0x000002eef790e000 JavaThread "Timer-116537" [_thread_blocked, id=1608096, stack(0x0000010ea2500000,0x0000010ea2600000)]
  0x000002eef790f000 JavaThread "Timer-116536" [_thread_blocked, id=1608092, stack(0x0000010ea2400000,0x0000010ea2500000)]
  0x000002eef7909800 JavaThread "Timer-116535" [_thread_blocked, id=1608088, stack(0x0000010ea2300000,0x0000010ea2400000)]
  0x000002eef790a800 JavaThread "Timer-116534" [_thread_blocked, id=1608084, stack(0x0000010ea2200000,0x0000010ea2300000)]
  0x000002eef790c000 JavaThread "Timer-116533" [_thread_blocked, id=1608080, stack(0x0000010ea2100000,0x0000010ea2200000)]
  0x000002eef790f800 JavaThread "Timer-116532" [_thread_blocked, id=1608076, stack(0x0000010ea2000000,0x0000010ea2100000)]
  0x000002eef7f66800 JavaThread "Timer-116531" [_thread_blocked, id=1608072, stack(0x0000010ea1f00000,0x0000010ea2000000)]
  0x000002eef7f61000 JavaThread "Timer-116530" [_thread_blocked, id=1608068, stack(0x0000010ea1e00000,0x0000010ea1f00000)]
  0x000002eef7f62800 JavaThread "Timer-116529" [_thread_blocked, id=1608064, stack(0x0000010ea1d00000,0x0000010ea1e00000)]
  0x000002eef7f60800 JavaThread "Timer-116528" [_thread_blocked, id=1608060, stack(0x0000010ea1c00000,0x0000010ea1d00000)]
  0x000002eef7f63800 JavaThread "Timer-116527" [_thread_blocked, id=1608056, stack(0x0000010ea1b00000,0x0000010ea1c00000)]
  0x000002eef7f64000 JavaThread "Timer-116526" [_thread_blocked, id=1608052, stack(0x0000010ea1a00000,0x0000010ea1b00000)]
  0x000002eef7f5f800 JavaThread "Timer-116525" [_thread_blocked, id=1608044, stack(0x0000010ea1900000,0x0000010ea1a00000)]
  0x000002eef7f58000 JavaThread "Timer-116524" [_thread_blocked, id=1608040, stack(0x0000010ea1800000,0x0000010ea1900000)]
  0x000002eef7f5a800 JavaThread "Timer-116523" [_thread_blocked, id=1608036, stack(0x0000010ea1700000,0x0000010ea1800000)]
  0x000002eef7f5f000 JavaThread "Timer-116522" [_thread_blocked, id=1608032, stack(0x0000010ea1600000,0x0000010ea1700000)]
  0x000002eef7f57800 JavaThread "Timer-116521" [_thread_blocked, id=1608028, stack(0x0000010ea1500000,0x0000010ea1600000)]
  0x000002eef7f5e000 JavaThread "Timer-116520" [_thread_blocked, id=1608024, stack(0x0000010ea1400000,0x0000010ea1500000)]
  0x000002eef7f59800 JavaThread "Timer-116519" [_thread_blocked, id=1608020, stack(0x0000010ea1300000,0x0000010ea1400000)]
  0x000002eef7f56800 JavaThread "Timer-116518" [_thread_blocked, id=1608016, stack(0x0000010ea1200000,0x0000010ea1300000)]
  0x000002eef7f6b000 JavaThread "Timer-116517" [_thread_blocked, id=1608012, stack(0x0000010ea1100000,0x0000010ea1200000)]
  0x000002eef7f6a000 JavaThread "Timer-116516" [_thread_blocked, id=1608008, stack(0x0000010ea1000000,0x0000010ea1100000)]
  0x000002eef7f6d000 JavaThread "Timer-116515" [_thread_blocked, id=1608004, stack(0x0000010ea0f00000,0x0000010ea1000000)]
  0x000002eef7600000 JavaThread "Timer-116514" [_thread_blocked, id=1608000, stack(0x0000010ea0e00000,0x0000010ea0f00000)]
  0x000002eef75fd000 JavaThread "Timer-116513" [_thread_blocked, id=1607996, stack(0x0000010ea0d00000,0x0000010ea0e00000)]
  0x000002eef75fb000 JavaThread "Timer-116512" [_thread_blocked, id=1607992, stack(0x0000010ea0c00000,0x0000010ea0d00000)]
  0x000002eef75f8000 JavaThread "Timer-116511" [_thread_blocked, id=1607988, stack(0x0000010ea0b00000,0x0000010ea0c00000)]
  0x000002eef75f9800 JavaThread "Timer-116510" [_thread_blocked, id=1607984, stack(0x0000010ea0a00000,0x0000010ea0b00000)]
  0x000002eef75ff000 JavaThread "Timer-116509" [_thread_blocked, id=1607980, stack(0x0000010ea0900000,0x0000010ea0a00000)]
  0x000002eef75fc000 JavaThread "Timer-116508" [_thread_blocked, id=1607976, stack(0x0000010ea0800000,0x0000010ea0900000)]
  0x000002eef75f7800 JavaThread "Timer-116507" [_thread_blocked, id=1607972, stack(0x0000010ea0700000,0x0000010ea0800000)]
  0x000002eef75fe800 JavaThread "Timer-116506" [_thread_blocked, id=1607968, stack(0x0000010ea0600000,0x0000010ea0700000)]
  0x000002eef781d800 JavaThread "Timer-116505" [_thread_blocked, id=1607964, stack(0x0000010ea0500000,0x0000010ea0600000)]
  0x000002eef7820800 JavaThread "Timer-116504" [_thread_blocked, id=1607960, stack(0x0000010ea0400000,0x0000010ea0500000)]
  0x000002eef7824000 JavaThread "Timer-116503" [_thread_blocked, id=1607956, stack(0x0000010ea0300000,0x0000010ea0400000)]
  0x000002eef781f800 JavaThread "Timer-116502" [_thread_blocked, id=1607952, stack(0x0000010ea0200000,0x0000010ea0300000)]
  0x000002eef7822000 JavaThread "Timer-116501" [_thread_blocked, id=1607948, stack(0x0000010ea0100000,0x0000010ea0200000)]
  0x000002eef7821000 JavaThread "Timer-116500" [_thread_blocked, id=1607944, stack(0x0000010ea0000000,0x0000010ea0100000)]
  0x000002eef7e86000 JavaThread "Timer-116499" [_thread_blocked, id=1607940, stack(0x0000010e9ff00000,0x0000010ea0000000)]
  0x000002eef7e88000 JavaThread "Timer-116498" [_thread_blocked, id=1607936, stack(0x0000010e9fe00000,0x0000010e9ff00000)]
  0x000002eef7e7e800 JavaThread "Timer-116497" [_thread_blocked, id=1607932, stack(0x0000010e9fd00000,0x0000010e9fe00000)]
  0x000002eef7e85000 JavaThread "Timer-116496" [_thread_blocked, id=1607928, stack(0x0000010e9fc00000,0x0000010e9fd00000)]
  0x000002eef7e83000 JavaThread "Timer-116495" [_thread_blocked, id=1607924, stack(0x0000010e9fb00000,0x0000010e9fc00000)]
  0x000002eef7e7d800 JavaThread "Timer-116494" [_thread_blocked, id=1607920, stack(0x0000010e9fa00000,0x0000010e9fb00000)]
  0x000002eef7e82000 JavaThread "Timer-116493" [_thread_blocked, id=1607916, stack(0x0000010e9f900000,0x0000010e9fa00000)]
  0x000002eef7e7c000 JavaThread "Timer-116492" [_thread_blocked, id=1607912, stack(0x0000010e9f800000,0x0000010e9f900000)]
  0x000002eef7e7f000 JavaThread "Timer-116491" [_thread_blocked, id=1607908, stack(0x0000010e9f700000,0x0000010e9f800000)]
  0x000002eef7e80000 JavaThread "Timer-116490" [_thread_blocked, id=1607904, stack(0x0000010e9f600000,0x0000010e9f700000)]
  0x000002eef7e7a800 JavaThread "Timer-116489" [_thread_blocked, id=1607900, stack(0x0000010e9f500000,0x0000010e9f600000)]
  0x000002eef7e7b800 JavaThread "Timer-116488" [_thread_blocked, id=1607896, stack(0x0000010e9f400000,0x0000010e9f500000)]
  0x000002eef7e7d000 JavaThread "Timer-116487" [_thread_blocked, id=1607892, stack(0x0000010e9f300000,0x0000010e9f400000)]
  0x000002eef7e80800 JavaThread "Timer-116486" [_thread_blocked, id=1607888, stack(0x0000010e9f200000,0x0000010e9f300000)]
  0x000002eef7e81800 JavaThread "Timer-116485" [_thread_blocked, id=1607884, stack(0x0000010e9f100000,0x0000010e9f200000)]
  0x000002eef7e74000 JavaThread "Timer-116484" [_thread_blocked, id=1607880, stack(0x0000010e9f000000,0x0000010e9f100000)]
  0x000002eef7e79000 JavaThread "Timer-116483" [_thread_blocked, id=1607876, stack(0x0000010e9ef00000,0x0000010e9f000000)]
  0x000002eef7e77800 JavaThread "Timer-116482" [_thread_blocked, id=1607872, stack(0x0000010e9ee00000,0x0000010e9ef00000)]
  0x000002eef7f5d800 JavaThread "Timer-116481" [_thread_blocked, id=1607868, stack(0x0000010e9ed00000,0x0000010e9ee00000)]
  0x000002eef7f56000 JavaThread "Timer-116480" [_thread_blocked, id=1607864, stack(0x0000010e9ec00000,0x0000010e9ed00000)]
  0x000002eef7f5c800 JavaThread "Timer-116479" [_thread_blocked, id=1607860, stack(0x0000010e9eb00000,0x0000010e9ec00000)]
  0x000002eef7f55000 JavaThread "Timer-116478" [_thread_blocked, id=1607856, stack(0x0000010e9ea00000,0x0000010e9eb00000)]
  0x000002eef7f59000 JavaThread "Timer-116477" [_thread_blocked, id=1607852, stack(0x0000010e9e900000,0x0000010e9ea00000)]
  0x000002eef7f5c000 JavaThread "Timer-116476" [_thread_blocked, id=1607848, stack(0x0000010e9e800000,0x0000010e9e900000)]
  0x000002eef7f5b000 JavaThread "Timer-116475" [_thread_blocked, id=1607844, stack(0x0000010e9e700000,0x0000010e9e800000)]
  0x000002eef7313000 JavaThread "Timer-116474" [_thread_blocked, id=1607836, stack(0x0000010e9e600000,0x0000010e9e700000)]
  0x000002eef7315800 JavaThread "Timer-116473" [_thread_blocked, id=1607832, stack(0x0000010e9e500000,0x0000010e9e600000)]
  0x000002eef7312800 JavaThread "Timer-116472" [_thread_blocked, id=1607828, stack(0x0000010e9e400000,0x0000010e9e500000)]
  0x000002eef7314000 JavaThread "Timer-116471" [_thread_blocked, id=1607824, stack(0x0000010e9e100000,0x0000010e9e200000)]
  0x000002eef7311800 JavaThread "Timer-116470" [_thread_blocked, id=1607820, stack(0x0000010e9e000000,0x0000010e9e100000)]
  0x000002eef7311000 JavaThread "Timer-116469" [_thread_blocked, id=1607816, stack(0x0000010e9df00000,0x0000010e9e000000)]
  0x000002eef7314800 JavaThread "Timer-116468" [_thread_blocked, id=1607812, stack(0x0000010e9de00000,0x0000010e9df00000)]
  0x000002eef7e76000 JavaThread "Timer-116467" [_thread_blocked, id=1607808, stack(0x0000010e9dd00000,0x0000010e9de00000)]
  0x000002eef7e78800 JavaThread "Timer-116466" [_thread_blocked, id=1607804, stack(0x0000010e9dc00000,0x0000010e9dd00000)]
  0x000002eef7e7a000 JavaThread "Timer-116465" [_thread_blocked, id=1607800, stack(0x0000010e9db00000,0x0000010e9dc00000)]
  0x000002eef7e75800 JavaThread "Timer-116464" [_thread_blocked, id=1607796, stack(0x0000010e9da00000,0x0000010e9db00000)]
  0x000002eef7e77000 JavaThread "Timer-116463" [_thread_blocked, id=1607792, stack(0x0000010e9d900000,0x0000010e9da00000)]
  0x000002eef7e6f800 JavaThread "Timer-116462" [_thread_blocked, id=1607788, stack(0x0000010e9d800000,0x0000010e9d900000)]
  0x000002eef7e73000 JavaThread "Timer-116461" [_thread_blocked, id=1607784, stack(0x0000010e9d700000,0x0000010e9d800000)]
  0x000002eef7e72800 JavaThread "Timer-116460" [_thread_blocked, id=1607780, stack(0x0000010e9d600000,0x0000010e9d700000)]
  0x000002eef7e71000 JavaThread "Timer-116459" [_thread_blocked, id=1607776, stack(0x0000010e9d500000,0x0000010e9d600000)]
  0x000002eef7e70000 JavaThread "Timer-116458" [_thread_blocked, id=1607772, stack(0x0000010e9d400000,0x0000010e9d500000)]
  0x000002eef7e71800 JavaThread "Timer-116457" [_thread_blocked, id=1607768, stack(0x0000010e9d300000,0x0000010e9d400000)]
  0x000002eef7e74800 JavaThread "Timer-116456" [_thread_blocked, id=1607764, stack(0x0000010e9d200000,0x0000010e9d300000)]
  0x000002eef7ab1000 JavaThread "Timer-116455" [_thread_blocked, id=1607760, stack(0x0000010e9d100000,0x0000010e9d200000)]
  0x000002eef7ab0800 JavaThread "Timer-116454" [_thread_blocked, id=1607756, stack(0x0000010e9d000000,0x0000010e9d100000)]
  0x000002eef7aaf000 JavaThread "Timer-116453" [_thread_blocked, id=1607752, stack(0x0000010e9cf00000,0x0000010e9d000000)]
  0x000002eef7aad800 JavaThread "Timer-116452" [_thread_blocked, id=1607748, stack(0x0000010e9ce00000,0x0000010e9cf00000)]
  0x000002eef7aac800 JavaThread "Timer-116451" [_thread_blocked, id=1607744, stack(0x0000010e9cd00000,0x0000010e9ce00000)]
  0x000002eef7aae000 JavaThread "Timer-116450" [_thread_blocked, id=1607740, stack(0x0000010e9cc00000,0x0000010e9cd00000)]
  0x000002eef7aac000 JavaThread "Timer-116449" [_thread_blocked, id=1607736, stack(0x0000010e9cb00000,0x0000010e9cc00000)]
  0x000002eef7aaf800 JavaThread "Timer-116448" [_thread_blocked, id=1607732, stack(0x0000010e9ca00000,0x0000010e9cb00000)]
  0x000002eef7aa4800 JavaThread "Timer-116447" [_thread_blocked, id=1607728, stack(0x0000010e9c900000,0x0000010e9ca00000)]
  0x000002eef7aab000 JavaThread "Timer-116446" [_thread_blocked, id=1607724, stack(0x0000010e9c800000,0x0000010e9c900000)]
  0x000002eef7aaa800 JavaThread "Timer-116445" [_thread_blocked, id=1607720, stack(0x0000010e9c700000,0x0000010e9c800000)]
  0x000002eef7aa9800 JavaThread "Timer-116444" [_thread_blocked, id=1607716, stack(0x0000010e9c600000,0x0000010e9c700000)]
  0x000002eef7aa8000 JavaThread "Timer-116443" [_thread_blocked, id=1607712, stack(0x0000010e9c500000,0x0000010e9c600000)]
  0x000002eef7aa3000 JavaThread "Timer-116442" [_thread_blocked, id=1607708, stack(0x0000010e9c400000,0x0000010e9c500000)]
  0x000002eef7aa6800 JavaThread "Timer-116441" [_thread_blocked, id=1607704, stack(0x0000010e9c300000,0x0000010e9c400000)]
  0x000002eef7aa5000 JavaThread "Timer-116440" [_thread_blocked, id=1607700, stack(0x0000010e9c200000,0x0000010e9c300000)]
  0x000002eef7aa2000 JavaThread "Timer-116439" [_thread_blocked, id=1607696, stack(0x0000010e9c100000,0x0000010e9c200000)]
  0x000002eef7aa7800 JavaThread "Timer-116438" [_thread_blocked, id=1607692, stack(0x0000010e9c000000,0x0000010e9c100000)]
  0x000002eef7aa3800 JavaThread "Timer-116437" [_thread_blocked, id=1607688, stack(0x0000010e9bf00000,0x0000010e9c000000)]
  0x000002eef7aa6000 JavaThread "Timer-116436" [_thread_blocked, id=1607684, stack(0x0000010e9be00000,0x0000010e9bf00000)]
  0x000002eef7aa9000 JavaThread "Timer-116435" [_thread_blocked, id=1138192, stack(0x0000010e9bd00000,0x0000010e9be00000)]
  0x000002eef7309800 JavaThread "Timer-116434" [_thread_blocked, id=1596144, stack(0x0000010e9bc00000,0x0000010e9bd00000)]
  0x000002eef7310000 JavaThread "Timer-116433" [_thread_blocked, id=1595576, stack(0x0000010e9bb00000,0x0000010e9bc00000)]
  0x000002eef7308800 JavaThread "Timer-116432" [_thread_blocked, id=1495640, stack(0x0000010e9ba00000,0x0000010e9bb00000)]
  0x000002eef75fa800 JavaThread "Timer-116431" [_thread_blocked, id=1522060, stack(0x0000010e9b900000,0x0000010e9ba00000)]
  0x000002eef75f9000 JavaThread "Timer-116430" [_thread_blocked, id=1607676, stack(0x0000010e9b800000,0x0000010e9b900000)]
  0x000002eef75fd800 JavaThread "Timer-116429" [_thread_blocked, id=1607672, stack(0x0000010e9b700000,0x0000010e9b800000)]
  0x000002eef75f0000 JavaThread "Timer-116428" [_thread_blocked, id=1607668, stack(0x0000010e9b600000,0x0000010e9b700000)]
  0x000002eef75f6800 JavaThread "Timer-116427" [_thread_blocked, id=1607664, stack(0x0000010e9b500000,0x0000010e9b600000)]
  0x000002eef75f6000 JavaThread "Timer-116426" [_thread_blocked, id=1607660, stack(0x0000010e9b400000,0x0000010e9b500000)]
  0x000002eef75ee800 JavaThread "Timer-116425" [_thread_blocked, id=1607656, stack(0x0000010e9b300000,0x0000010e9b400000)]
  0x000002eef75f3000 JavaThread "Timer-116424" [_thread_blocked, id=1607652, stack(0x0000010e9b200000,0x0000010e9b300000)]
  0x000002eef75f2000 JavaThread "Timer-116423" [_thread_blocked, id=1607648, stack(0x0000010e9b100000,0x0000010e9b200000)]
  0x000002eef75f5000 JavaThread "Timer-116422" [_thread_blocked, id=1607644, stack(0x0000010e9b000000,0x0000010e9b100000)]
  0x000002eef75ef000 JavaThread "Timer-116421" [_thread_blocked, id=1607640, stack(0x0000010e9af00000,0x0000010e9b000000)]
  0x000002eef7823800 JavaThread "Timer-116420" [_thread_blocked, id=1607636, stack(0x0000010e9ae00000,0x0000010e9af00000)]
  0x000002eef781f000 JavaThread "Timer-116419" [_thread_blocked, id=1607632, stack(0x0000010e9ad00000,0x0000010e9ae00000)]
  0x000002eef781c800 JavaThread "Timer-116418" [_thread_blocked, id=1607628, stack(0x0000010e9ac00000,0x0000010e9ad00000)]
  0x000002eef7c4c000 JavaThread "Timer-116417" [_thread_blocked, id=1607624, stack(0x0000010e9ab00000,0x0000010e9ac00000)]
  0x000002eef7909000 JavaThread "Timer-116416" [_thread_blocked, id=1607620, stack(0x0000010e9aa00000,0x0000010e9ab00000)]
  0x000002eef7908000 JavaThread "Timer-116415" [_thread_blocked, id=1607616, stack(0x0000010e9a900000,0x0000010e9aa00000)]
  0x000002eef7900800 JavaThread "Timer-116414" [_thread_blocked, id=1607612, stack(0x0000010e9a800000,0x0000010e9a900000)]
  0x000002eef7907800 JavaThread "Timer-116413" [_thread_blocked, id=1607608, stack(0x0000010e9a700000,0x0000010e9a800000)]
  0x000002eef7900000 JavaThread "Timer-116412" [_thread_blocked, id=1607604, stack(0x0000010e9a600000,0x0000010e9a700000)]
  0x000002eef7906800 JavaThread "Timer-116411" [_thread_blocked, id=1607600, stack(0x0000010e9a500000,0x0000010e9a600000)]
  0x000002eef78ff000 JavaThread "Timer-116410" [_thread_blocked, id=1607596, stack(0x0000010e9a400000,0x0000010e9a500000)]
  0x000002eef7905000 JavaThread "Timer-116409" [_thread_blocked, id=1607592, stack(0x0000010e9a300000,0x0000010e9a400000)]
  0x000002eef7904800 JavaThread "Timer-116408" [_thread_blocked, id=1607588, stack(0x0000010e9a200000,0x0000010e9a300000)]
  0x000002eef7a9b800 JavaThread "Timer-116407" [_thread_blocked, id=1607584, stack(0x0000010e9a100000,0x0000010e9a200000)]
  0x000002eef7a9a800 JavaThread "Timer-116406" [_thread_blocked, id=1607580, stack(0x0000010e9a000000,0x0000010e9a100000)]
  0x000002eef7a9d000 JavaThread "Timer-116405" [_thread_blocked, id=1607576, stack(0x0000010e99f00000,0x0000010e9a000000)]
  0x000002eef7aa1800 JavaThread "Timer-116404" [_thread_blocked, id=1607572, stack(0x0000010e99e00000,0x0000010e99f00000)]
  0x000002eef7a9a000 JavaThread "Timer-116403" [_thread_blocked, id=1607568, stack(0x0000010e99d00000,0x0000010e99e00000)]
  0x000002eef7aa0000 JavaThread "Timer-116402" [_thread_blocked, id=1607564, stack(0x0000010e99c00000,0x0000010e99d00000)]
  0x000002eef7a9c000 JavaThread "Timer-116401" [_thread_blocked, id=1607560, stack(0x0000010e99b00000,0x0000010e99c00000)]
  0x000002eef7a9d800 JavaThread "Timer-116400" [_thread_blocked, id=1607556, stack(0x0000010e99a00000,0x0000010e99b00000)]
  0x000002eef7a9f000 JavaThread "Timer-116399" [_thread_blocked, id=1607552, stack(0x0000010e99900000,0x0000010e99a00000)]
  0x000002eef7a9e800 JavaThread "Timer-116398" [_thread_blocked, id=1607548, stack(0x0000010e99800000,0x0000010e99900000)]
  0x000002eef7aa0800 JavaThread "Timer-116397" [_thread_blocked, id=1607544, stack(0x0000010e99700000,0x0000010e99800000)]
  0x000002eef7a92000 JavaThread "Timer-116396" [_thread_blocked, id=1607540, stack(0x0000010e99600000,0x0000010e99700000)]
  0x000002eef730a000 JavaThread "Timer-116395" [_thread_blocked, id=1607536, stack(0x0000010e99500000,0x0000010e99600000)]
  0x000002eef730f800 JavaThread "Timer-116394" [_thread_blocked, id=1607532, stack(0x0000010e99400000,0x0000010e99500000)]
  0x000002eef7d50800 JavaThread "Timer-116393" [_thread_blocked, id=1607528, stack(0x0000010e99300000,0x0000010e99400000)]
  0x000002eef7d50000 JavaThread "Timer-116392" [_thread_blocked, id=1607524, stack(0x0000010e99200000,0x0000010e99300000)]
  0x000002eef7d4f000 JavaThread "Timer-116391" [_thread_blocked, id=1607520, stack(0x0000010e99100000,0x0000010e99200000)]
  0x000002eef7d4e800 JavaThread "Timer-116390" [_thread_blocked, id=1607516, stack(0x0000010e99000000,0x0000010e99100000)]
  0x000002eee083c800 JavaThread "Timer-116389" [_thread_blocked, id=1607512, stack(0x0000010e98f00000,0x0000010e99000000)]
  0x000002eef7901800 JavaThread "Timer-116388" [_thread_blocked, id=1607508, stack(0x0000010e98e00000,0x0000010e98f00000)]
  0x000002eef7903800 JavaThread "Timer-116387" [_thread_blocked, id=1607504, stack(0x0000010e98d00000,0x0000010e98e00000)]
  0x000002eef7903000 JavaThread "Timer-116386" [_thread_blocked, id=1607500, stack(0x0000010e98c00000,0x0000010e98d00000)]
  0x000002eef7822800 JavaThread "Timer-116385" [_thread_blocked, id=1607496, stack(0x0000010e98b00000,0x0000010e98c00000)]
  0x000002eef7819800 JavaThread "Timer-116384" [_thread_blocked, id=1607492, stack(0x0000010e98a00000,0x0000010e98b00000)]
  0x000002eef7817000 JavaThread "Timer-116383" [_thread_blocked, id=1607488, stack(0x0000010e98900000,0x0000010e98a00000)]
  0x000002eef7816800 JavaThread "Timer-116382" [_thread_blocked, id=1607484, stack(0x0000010e98800000,0x0000010e98900000)]
  0x000002eef7a99000 JavaThread "Timer-116381" [_thread_blocked, id=1607480, stack(0x0000010e98700000,0x0000010e98800000)]
  0x000002eef7a91800 JavaThread "Timer-116380" [_thread_blocked, id=1607476, stack(0x0000010e98600000,0x0000010e98700000)]
  0x000002eef7a98000 JavaThread "Timer-116379" [_thread_blocked, id=1607472, stack(0x0000010e98500000,0x0000010e98600000)]
  0x000002eef7a90800 JavaThread "Timer-116378" [_thread_blocked, id=1607468, stack(0x0000010e98400000,0x0000010e98500000)]
  0x000002eef7a97800 JavaThread "Timer-116377" [_thread_blocked, id=1607464, stack(0x0000010e98300000,0x0000010e98400000)]
  0x000002eef7a96800 JavaThread "Timer-116376" [_thread_blocked, id=1607460, stack(0x0000010e98200000,0x0000010e98300000)]
  0x000002eef7a96000 JavaThread "Timer-116375" [_thread_blocked, id=1607456, stack(0x0000010e98100000,0x0000010e98200000)]
  0x000002eef7a95000 JavaThread "Timer-116374" [_thread_blocked, id=1607452, stack(0x0000010e98000000,0x0000010e98100000)]
  0x000002eef7a94800 JavaThread "Timer-116373" [_thread_blocked, id=1607448, stack(0x0000010e97f00000,0x0000010e98000000)]
  0x000002eef7a93000 JavaThread "Timer-116372" [_thread_blocked, id=1607444, stack(0x0000010e97e00000,0x0000010e97f00000)]
  0x000002eef7906000 JavaThread "Timer-116371" [_thread_blocked, id=1607440, stack(0x0000010e97d00000,0x0000010e97e00000)]
  0x000002eef7902000 JavaThread "Timer-116370" [_thread_blocked, id=1607436, stack(0x0000010e97c00000,0x0000010e97d00000)]
  0x000002eef78f7800 JavaThread "Timer-116369" [_thread_blocked, id=1607432, stack(0x0000010e97b00000,0x0000010e97c00000)]
  0x000002eef78fe800 JavaThread "Timer-116368" [_thread_blocked, id=1607428, stack(0x0000010e97a00000,0x0000010e97b00000)]
  0x000002eef78f7000 JavaThread "Timer-116367" [_thread_blocked, id=1607424, stack(0x0000010e97900000,0x0000010e97a00000)]
  0x000002eef78fd800 JavaThread "Timer-116366" [_thread_blocked, id=1607420, stack(0x0000010e97800000,0x0000010e97900000)]
  0x000002eef78fd000 JavaThread "Timer-116365" [_thread_blocked, id=1607412, stack(0x0000010e97700000,0x0000010e97800000)]
  0x000002eef78f8800 JavaThread "Timer-116364" [_thread_blocked, id=1607408, stack(0x0000010e97600000,0x0000010e97700000)]
  0x000002eef78fb800 JavaThread "Timer-116363" [_thread_blocked, id=1607404, stack(0x0000010e97500000,0x0000010e97600000)]
  0x000002eef78f9000 JavaThread "Timer-116362" [_thread_blocked, id=1607400, stack(0x0000010e97400000,0x0000010e97500000)]
  0x000002eef7c46800 JavaThread "Timer-116361" [_thread_blocked, id=1607396, stack(0x0000010e97300000,0x0000010e97400000)]
  0x000002eef7c46000 JavaThread "Timer-116360" [_thread_blocked, id=1607392, stack(0x0000010e97200000,0x0000010e97300000)]
  0x000002eef7c47800 JavaThread "Timer-116359" [_thread_blocked, id=1607388, stack(0x0000010e97100000,0x0000010e97200000)]
  0x000002eef71f6800 JavaThread "Timer-116358" [_thread_blocked, id=1607384, stack(0x0000010e97000000,0x0000010e97100000)]
  0x000002eef71f5800 JavaThread "Timer-116357" [_thread_blocked, id=1607380, stack(0x0000010e96f00000,0x0000010e97000000)]
  0x000002eef71f7000 JavaThread "Timer-116356" [_thread_blocked, id=1607376, stack(0x0000010e96e00000,0x0000010e96f00000)]
  0x000002eef71f5000 JavaThread "Timer-116355" [_thread_blocked, id=1607372, stack(0x0000010e96d00000,0x0000010e96e00000)]
  0x000002eef71f4000 JavaThread "Timer-116354" [_thread_blocked, id=1607368, stack(0x0000010e96c00000,0x0000010e96d00000)]
  0x000002eef71ed800 JavaThread "Timer-116353" [_thread_blocked, id=1607364, stack(0x0000010e96b00000,0x0000010e96c00000)]
  0x000002eef71ec800 JavaThread "Timer-116352" [_thread_blocked, id=1607360, stack(0x0000010e96a00000,0x0000010e96b00000)]
  0x000002eef71f2000 JavaThread "Timer-116351" [_thread_blocked, id=1607356, stack(0x0000010e96900000,0x0000010e96a00000)]
  0x000002eef71f1000 JavaThread "Timer-116350" [_thread_blocked, id=1607352, stack(0x0000010e96800000,0x0000010e96900000)]
  0x000002eef71f3800 JavaThread "Timer-116349" [_thread_blocked, id=1607348, stack(0x0000010e96700000,0x0000010e96800000)]
  0x000002eef71f0800 JavaThread "Timer-116348" [_thread_blocked, id=1607344, stack(0x0000010e96600000,0x0000010e96700000)]
  0x000002eef71ef800 JavaThread "Timer-116347" [_thread_blocked, id=1607340, stack(0x0000010e96500000,0x0000010e96600000)]
  0x000002eef71ee000 JavaThread "Timer-116346" [_thread_blocked, id=1607336, stack(0x0000010e96400000,0x0000010e96500000)]
  0x000002eef71f2800 JavaThread "Timer-116345" [_thread_blocked, id=1607332, stack(0x0000010e96300000,0x0000010e96400000)]
  0x000002eef71e9000 JavaThread "Timer-116344" [_thread_blocked, id=1607328, stack(0x0000010e96200000,0x0000010e96300000)]
  0x000002eef7a93800 JavaThread "Timer-116343" [_thread_blocked, id=1607324, stack(0x0000010e96100000,0x0000010e96200000)]
  0x000002eef71ea800 JavaThread "Timer-116342" [_thread_blocked, id=1607320, stack(0x0000010e96000000,0x0000010e96100000)]
  0x000002eef71e9800 JavaThread "Timer-116341" [_thread_blocked, id=1607316, stack(0x0000010e95f00000,0x0000010e96000000)]
  0x000002eef71eb000 JavaThread "Timer-116340" [_thread_blocked, id=1607312, stack(0x0000010e95e00000,0x0000010e95f00000)]
  0x000002eef71ec000 JavaThread "Timer-116339" [_thread_blocked, id=1607308, stack(0x0000010e95d00000,0x0000010e95e00000)]
  0x000002eef71e8000 JavaThread "Timer-116338" [_thread_blocked, id=1607304, stack(0x0000010e95c00000,0x0000010e95d00000)]
  0x000002eef71ef000 JavaThread "Timer-116337" [_thread_blocked, id=1607300, stack(0x0000010e95b00000,0x0000010e95c00000)]
  0x000002eef71e3800 JavaThread "Timer-116336" [_thread_blocked, id=1607296, stack(0x0000010e95a00000,0x0000010e95b00000)]
  0x000002eef71e7800 JavaThread "Timer-116335" [_thread_blocked, id=1607292, stack(0x0000010e95900000,0x0000010e95a00000)]
  0x000002eef71e6800 JavaThread "Timer-116334" [_thread_blocked, id=1607288, stack(0x0000010e95800000,0x0000010e95900000)]
  0x000002eef7308000 JavaThread "Timer-116333" [_thread_blocked, id=1607284, stack(0x0000010e95700000,0x0000010e95800000)]
  0x000002eef730c800 JavaThread "Timer-116332" [_thread_blocked, id=1607280, stack(0x0000010e95600000,0x0000010e95700000)]
  0x000002eef730b800 JavaThread "Timer-116331" [_thread_blocked, id=1607276, stack(0x0000010e95500000,0x0000010e95600000)]
  0x000002eef730e800 JavaThread "Timer-116330" [_thread_blocked, id=1607272, stack(0x0000010e95400000,0x0000010e95500000)]
  0x000002eef730d000 JavaThread "Timer-116329" [_thread_blocked, id=1607268, stack(0x0000010e95300000,0x0000010e95400000)]
  0x000002eef730b000 JavaThread "Timer-116328" [_thread_blocked, id=1607264, stack(0x0000010e95200000,0x0000010e95300000)]
  0x000002eef730e000 JavaThread "Timer-116327" [_thread_blocked, id=1607260, stack(0x0000010e95100000,0x0000010e95200000)]
  0x000002eef7307000 JavaThread "Timer-116326" [_thread_blocked, id=1607256, stack(0x0000010e95000000,0x0000010e95100000)]
  0x000002eef7305800 JavaThread "Timer-116325" [_thread_blocked, id=1607252, stack(0x0000010e94f00000,0x0000010e95000000)]
  0x000002eef7306800 JavaThread "Timer-116324" [_thread_blocked, id=1607248, stack(0x0000010e94e00000,0x0000010e94f00000)]
  0x000002eef72fe000 JavaThread "Timer-116323" [_thread_blocked, id=1607244, stack(0x0000010e94d00000,0x0000010e94e00000)]
  0x000002eef7305000 JavaThread "Timer-116322" [_thread_blocked, id=1607240, stack(0x0000010e94c00000,0x0000010e94d00000)]
  0x000002eef7300000 JavaThread "Timer-116321" [_thread_blocked, id=1607236, stack(0x0000010e94b00000,0x0000010e94c00000)]
  0x000002eef72ff800 JavaThread "Timer-116320" [_thread_blocked, id=1607232, stack(0x0000010e94a00000,0x0000010e94b00000)]
  0x000002eef72fd000 JavaThread "Timer-116319" [_thread_blocked, id=1607228, stack(0x0000010e94900000,0x0000010e94a00000)]
  0x000002eef72fe800 JavaThread "Timer-116318" [_thread_blocked, id=1607224, stack(0x0000010e94800000,0x0000010e94900000)]
  0x000002eef7302800 JavaThread "Timer-116317" [_thread_blocked, id=1607220, stack(0x0000010e94700000,0x0000010e94800000)]
  0x000002eef7304000 JavaThread "Timer-116316" [_thread_blocked, id=1607216, stack(0x0000010e94600000,0x0000010e94700000)]
  0x000002eef7301000 JavaThread "Timer-116315" [_thread_blocked, id=1607212, stack(0x0000010e94500000,0x0000010e94600000)]
  0x000002eef7302000 JavaThread "Timer-116314" [_thread_blocked, id=1607208, stack(0x0000010e94400000,0x0000010e94500000)]
  0x000002eef78fa000 JavaThread "Timer-116313" [_thread_blocked, id=1607204, stack(0x0000010e94300000,0x0000010e94400000)]
  0x000002eef75f4800 JavaThread "Timer-116312" [_thread_blocked, id=1607200, stack(0x0000010e94200000,0x0000010e94300000)]
  0x000002eef75f0800 JavaThread "Timer-116311" [_thread_blocked, id=1607196, stack(0x0000010e94100000,0x0000010e94200000)]
  0x000002eef75f3800 JavaThread "Timer-116310" [_thread_blocked, id=1607192, stack(0x0000010e94000000,0x0000010e94100000)]
  0x000002eef75f1800 JavaThread "Timer-116309" [_thread_blocked, id=1607188, stack(0x0000010e93f00000,0x0000010e94000000)]
  0x000002eef75e7000 JavaThread "Timer-116308" [_thread_blocked, id=1607184, stack(0x0000010e93e00000,0x0000010e93f00000)]
  0x000002eef75ec000 JavaThread "Timer-116307" [_thread_blocked, id=1607180, stack(0x0000010e93d00000,0x0000010e93e00000)]
  0x000002eef75ed800 JavaThread "Timer-116306" [_thread_blocked, id=1607176, stack(0x0000010e93c00000,0x0000010e93d00000)]
  0x000002eef75ed000 JavaThread "Timer-116305" [_thread_blocked, id=1607172, stack(0x0000010e93b00000,0x0000010e93c00000)]
  0x000002eef75e7800 JavaThread "Timer-116304" [_thread_blocked, id=1607168, stack(0x0000010e93a00000,0x0000010e93b00000)]
  0x000002eef75e5800 JavaThread "Timer-116303" [_thread_blocked, id=1607164, stack(0x0000010e93900000,0x0000010e93a00000)]
  0x000002eef75ea000 JavaThread "Timer-116302" [_thread_blocked, id=1607160, stack(0x0000010e93800000,0x0000010e93900000)]
  0x000002eef75e6000 JavaThread "Timer-116301" [_thread_blocked, id=1607156, stack(0x0000010e93700000,0x0000010e93800000)]
  0x000002eef75eb800 JavaThread "Timer-116300" [_thread_blocked, id=1607152, stack(0x0000010e93600000,0x0000010e93700000)]
  0x000002eef75e4800 JavaThread "Timer-116299" [_thread_blocked, id=1607148, stack(0x0000010e93500000,0x0000010e93600000)]
  0x000002eef75ea800 JavaThread "Timer-116298" [_thread_blocked, id=1607144, stack(0x0000010e93400000,0x0000010e93500000)]
  0x000002eef75e8800 JavaThread "Timer-116297" [_thread_blocked, id=1607140, stack(0x0000010e93300000,0x0000010e93400000)]
  0x000002eef75e9000 JavaThread "Timer-116296" [_thread_blocked, id=1607136, stack(0x0000010e93200000,0x0000010e93300000)]
  0x000002eef75dd000 JavaThread "Timer-116295" [_thread_blocked, id=1607132, stack(0x0000010e93100000,0x0000010e93200000)]
  0x000002eef75e4000 JavaThread "Timer-116294" [_thread_blocked, id=1607128, stack(0x0000010e93000000,0x0000010e93100000)]
  0x000002eef75dc800 JavaThread "Timer-116293" [_thread_blocked, id=1607124, stack(0x0000010e92f00000,0x0000010e93000000)]
  0x000002eef75e1000 JavaThread "Timer-116292" [_thread_blocked, id=1607120, stack(0x0000010e92e00000,0x0000010e92f00000)]
  0x000002eef75de800 JavaThread "Timer-116291" [_thread_blocked, id=1607116, stack(0x0000010e92d00000,0x0000010e92e00000)]
  0x000002eef7a89000 JavaThread "Timer-116290" [_thread_blocked, id=1607112, stack(0x0000010e92c00000,0x0000010e92d00000)]
  0x000002eef7a90000 JavaThread "Timer-116289" [_thread_blocked, id=1607108, stack(0x0000010e92b00000,0x0000010e92c00000)]
  0x000002eef7a8e800 JavaThread "Timer-116288" [_thread_blocked, id=1607104, stack(0x0000010e92a00000,0x0000010e92b00000)]
  0x000002eef7a8f000 JavaThread "Timer-116287" [_thread_blocked, id=1607100, stack(0x0000010e92900000,0x0000010e92a00000)]
  0x000002eef7a8d000 JavaThread "Timer-116286" [_thread_blocked, id=1607096, stack(0x0000010e92800000,0x0000010e92900000)]
  0x000002eef7a87000 JavaThread "Timer-116285" [_thread_blocked, id=1607092, stack(0x0000010e92700000,0x0000010e92800000)]
  0x000002eef7a8d800 JavaThread "Timer-116284" [_thread_blocked, id=1607088, stack(0x0000010e92600000,0x0000010e92700000)]
  0x000002eef7a8c000 JavaThread "Timer-116283" [_thread_blocked, id=1607084, stack(0x0000010e92500000,0x0000010e92600000)]
  0x000002eef7a85800 JavaThread "Timer-116282" [_thread_blocked, id=1607076, stack(0x0000010e92400000,0x0000010e92500000)]
  0x000002eef7a86000 JavaThread "Timer-116281" [_thread_blocked, id=1607072, stack(0x0000010e92300000,0x0000010e92400000)]
  0x000002eef7a84800 JavaThread "Timer-116280" [_thread_blocked, id=1607068, stack(0x0000010e92200000,0x0000010e92300000)]
  0x000002eef7a8a800 JavaThread "Timer-116279" [_thread_blocked, id=1607064, stack(0x0000010e92100000,0x0000010e92200000)]
  0x000002eef7a88800 JavaThread "Timer-116278" [_thread_blocked, id=1607060, stack(0x0000010e92000000,0x0000010e92100000)]
  0x000002eef7819000 JavaThread "Timer-116277" [_thread_blocked, id=1607056, stack(0x0000010e91f00000,0x0000010e92000000)]
  0x000002eef7818000 JavaThread "Timer-116276" [_thread_blocked, id=1607052, stack(0x0000010e91e00000,0x0000010e91f00000)]
  0x000002eef7815800 JavaThread "Timer-116275" [_thread_blocked, id=1607048, stack(0x0000010e91d00000,0x0000010e91e00000)]
  0x000002eef781c000 JavaThread "Timer-116274" [_thread_blocked, id=1607044, stack(0x0000010e91c00000,0x0000010e91d00000)]
  0x000002eef781b000 JavaThread "Timer-116273" [_thread_blocked, id=1607040, stack(0x0000010e91b00000,0x0000010e91c00000)]
  0x000002eef781a800 JavaThread "Timer-116272" [_thread_blocked, id=1607036, stack(0x0000010e91a00000,0x0000010e91b00000)]
  0x000002eef780e000 JavaThread "Timer-116271" [_thread_blocked, id=1607032, stack(0x0000010e91900000,0x0000010e91a00000)]
  0x000002eef7815000 JavaThread "Timer-116270" [_thread_blocked, id=1607028, stack(0x0000010e91800000,0x0000010e91900000)]
  0x000002eef780d800 JavaThread "Timer-116269" [_thread_blocked, id=1607024, stack(0x0000010e91700000,0x0000010e91800000)]
  0x000002eef7814000 JavaThread "Timer-116268" [_thread_blocked, id=1607020, stack(0x0000010e91600000,0x0000010e91700000)]
  0x000002eef780c800 JavaThread "Timer-116267" [_thread_blocked, id=1607016, stack(0x0000010e91500000,0x0000010e91600000)]
  0x000002eef7813800 JavaThread "Timer-116266" [_thread_blocked, id=1607012, stack(0x0000010e91400000,0x0000010e91500000)]
  0x000002eef7812800 JavaThread "Timer-116265" [_thread_blocked, id=1607008, stack(0x0000010e91300000,0x0000010e91400000)]
  0x000002eef7812000 JavaThread "Timer-116264" [_thread_blocked, id=1607004, stack(0x0000010e91200000,0x0000010e91300000)]
  0x000002eef7811000 JavaThread "Timer-116263" [_thread_blocked, id=1607000, stack(0x0000010e91100000,0x0000010e91200000)]
  0x000002eef7810800 JavaThread "Timer-116262" [_thread_blocked, id=1606996, stack(0x0000010e91000000,0x0000010e91100000)]
  0x000002eef780f800 JavaThread "Timer-116261" [_thread_blocked, id=1606992, stack(0x0000010e90f00000,0x0000010e91000000)]
  0x000002eef7a87800 JavaThread "Timer-116260" [_thread_blocked, id=1606988, stack(0x0000010e90e00000,0x0000010e90f00000)]
  0x000002eef7a8a000 JavaThread "Timer-116259" [_thread_blocked, id=1606984, stack(0x0000010e90d00000,0x0000010e90e00000)]
  0x000002eef7a8b800 JavaThread "Timer-116258" [_thread_blocked, id=1606980, stack(0x0000010e90c00000,0x0000010e90d00000)]
  0x000002eef7a7d000 JavaThread "Timer-116257" [_thread_blocked, id=1606976, stack(0x0000010e90b00000,0x0000010e90c00000)]
  0x000002eef7a84000 JavaThread "Timer-116256" [_thread_blocked, id=1606972, stack(0x0000010e90a00000,0x0000010e90b00000)]
  0x000002eef7a83000 JavaThread "Timer-116255" [_thread_blocked, id=1606968, stack(0x0000010e90900000,0x0000010e90a00000)]
  0x000002eef7a7c800 JavaThread "Timer-116254" [_thread_blocked, id=1606964, stack(0x0000010e90800000,0x0000010e90900000)]
  0x000002eef7a81000 JavaThread "Timer-116253" [_thread_blocked, id=1606960, stack(0x0000010e90700000,0x0000010e90800000)]
  0x000002eef7a82800 JavaThread "Timer-116252" [_thread_blocked, id=1606956, stack(0x0000010e90600000,0x0000010e90700000)]
  0x000002eef7a7e000 JavaThread "Timer-116251" [_thread_blocked, id=1606952, stack(0x0000010e90500000,0x0000010e90600000)]
  0x000002eef7a80000 JavaThread "Timer-116250" [_thread_blocked, id=1606948, stack(0x0000010e90400000,0x0000010e90500000)]
  0x000002eef7a7e800 JavaThread "Timer-116249" [_thread_blocked, id=1606944, stack(0x0000010e90300000,0x0000010e90400000)]
  0x000002eef7a7b800 JavaThread "Timer-116248" [_thread_blocked, id=1606940, stack(0x0000010e90200000,0x0000010e90300000)]
  0x000002eef7a7b000 JavaThread "Timer-116247" [_thread_blocked, id=1606936, stack(0x0000010e90100000,0x0000010e90200000)]
  0x000002eef7a81800 JavaThread "Timer-116246" [_thread_blocked, id=1606932, stack(0x0000010e90000000,0x0000010e90100000)]
  0x000002eef7a7a000 JavaThread "Timer-116245" [_thread_blocked, id=1606928, stack(0x0000010e8ff00000,0x0000010e90000000)]
  0x000002eef7a7f800 JavaThread "Timer-116244" [_thread_blocked, id=1606924, stack(0x0000010e8fe00000,0x0000010e8ff00000)]
  0x000002eef7a79800 JavaThread "Timer-116243" [_thread_blocked, id=1606920, stack(0x0000010e8fd00000,0x0000010e8fe00000)]
  0x000002eef7a72000 JavaThread "Timer-116242" [_thread_blocked, id=1606916, stack(0x0000010e8fc00000,0x0000010e8fd00000)]
  0x000002eef7a78800 JavaThread "Timer-116241" [_thread_blocked, id=1606912, stack(0x0000010e8fb00000,0x0000010e8fc00000)]
  0x000002eef7a75800 JavaThread "Timer-116240" [_thread_blocked, id=1606908, stack(0x0000010e8fa00000,0x0000010e8fb00000)]
  0x000002eef7a76800 JavaThread "Timer-116239" [_thread_blocked, id=1606904, stack(0x0000010e8f900000,0x0000010e8fa00000)]
  0x000002eef7a75000 JavaThread "Timer-116238" [_thread_blocked, id=1606900, stack(0x0000010e8f800000,0x0000010e8f900000)]
  0x000002eef7a78000 JavaThread "Timer-116237" [_thread_blocked, id=1606896, stack(0x0000010e8f700000,0x0000010e8f800000)]
  0x000002eef7a77000 JavaThread "Timer-116236" [_thread_blocked, id=1606892, stack(0x0000010e8f600000,0x0000010e8f700000)]
  0x000002eef7a72800 JavaThread "Timer-116235" [_thread_blocked, id=1606888, stack(0x0000010e8f500000,0x0000010e8f600000)]
  0x000002eef7a74000 JavaThread "Timer-116234" [_thread_blocked, id=1606884, stack(0x0000010e8f400000,0x0000010e8f500000)]
  0x000002eef7a73800 JavaThread "Timer-116233" [_thread_blocked, id=1606880, stack(0x0000010e8f300000,0x0000010e8f400000)]
  0x000002eef770a800 JavaThread "Timer-116232" [_thread_blocked, id=1606876, stack(0x0000010e8f200000,0x0000010e8f300000)]
  0x000002eef770d800 JavaThread "Timer-116231" [_thread_blocked, id=1606868, stack(0x0000010e8f100000,0x0000010e8f200000)]
  0x000002eef770b000 JavaThread "Timer-116230" [_thread_blocked, id=1606864, stack(0x0000010e8f000000,0x0000010e8f100000)]
  0x000002eef7709800 JavaThread "Timer-116229" [_thread_blocked, id=1606856, stack(0x0000010e8ef00000,0x0000010e8f000000)]
  0x000002eef7709000 JavaThread "Timer-116228" [_thread_blocked, id=1606852, stack(0x0000010e8ee00000,0x0000010e8ef00000)]
  0x000002eef770c000 JavaThread "Timer-116227" [_thread_blocked, id=1606848, stack(0x0000010e8ed00000,0x0000010e8ee00000)]
  0x000002eef7708000 JavaThread "Timer-116226" [_thread_blocked, id=1606844, stack(0x0000010e8ec00000,0x0000010e8ed00000)]
  0x000002eef7707800 JavaThread "Timer-116225" [_thread_blocked, id=1606840, stack(0x0000010e8eb00000,0x0000010e8ec00000)]
  0x000002eef7706000 JavaThread "Timer-116224" [_thread_blocked, id=1606836, stack(0x0000010e8ea00000,0x0000010e8eb00000)]
  0x000002eef7706800 JavaThread "Timer-116223" [_thread_blocked, id=1606832, stack(0x0000010e8e900000,0x0000010e8ea00000)]
  0x000002eef770c800 JavaThread "Timer-116222" [_thread_blocked, id=1606828, stack(0x0000010e8e800000,0x0000010e8e900000)]
  0x000002eef76fe800 JavaThread "Timer-116221" [_thread_blocked, id=1606824, stack(0x0000010e8e700000,0x0000010e8e800000)]
  0x000002eef7705000 JavaThread "Timer-116220" [_thread_blocked, id=1606820, stack(0x0000010e8e600000,0x0000010e8e700000)]
  0x000002eef7704800 JavaThread "Timer-116219" [_thread_blocked, id=1606816, stack(0x0000010e8e500000,0x0000010e8e600000)]
  0x000002eef7703000 JavaThread "Timer-116218" [_thread_blocked, id=1606812, stack(0x0000010e8e400000,0x0000010e8e500000)]
  0x000002eef7701800 JavaThread "Timer-116217" [_thread_blocked, id=1606808, stack(0x0000010e8e300000,0x0000010e8e400000)]
  0x000002eef7700800 JavaThread "Timer-116216" [_thread_blocked, id=1606804, stack(0x0000010e8e200000,0x0000010e8e300000)]
  0x000002eef7700000 JavaThread "Timer-116215" [_thread_blocked, id=1606800, stack(0x0000010e8df00000,0x0000010e8e000000)]
  0x000002eef76ff000 JavaThread "Timer-116214" [_thread_blocked, id=1606796, stack(0x0000010e8de00000,0x0000010e8df00000)]
  0x000002eef7703800 JavaThread "Timer-116213" [_thread_blocked, id=1606792, stack(0x0000010e8dd00000,0x0000010e8de00000)]
  0x000002eef7702000 JavaThread "Timer-116212" [_thread_blocked, id=1606788, stack(0x0000010e8dc00000,0x0000010e8dd00000)]
  0x000002eef76fd800 JavaThread "Timer-116211" [_thread_blocked, id=1606784, stack(0x0000010e8db00000,0x0000010e8dc00000)]
  0x000002eef76fd000 JavaThread "Timer-116210" [_thread_blocked, id=1606780, stack(0x0000010e8da00000,0x0000010e8db00000)]
  0x000002eef76fc000 JavaThread "Timer-116209" [_thread_blocked, id=1606776, stack(0x0000010e8d900000,0x0000010e8da00000)]
  0x000002eef76fa800 JavaThread "Timer-116208" [_thread_blocked, id=1606772, stack(0x0000010e8d800000,0x0000010e8d900000)]
  0x000002eef76f9000 JavaThread "Timer-116207" [_thread_blocked, id=1606768, stack(0x0000010e8d700000,0x0000010e8d800000)]
  0x000002eef76f4800 JavaThread "Timer-116206" [_thread_blocked, id=1606764, stack(0x0000010e8d600000,0x0000010e8d700000)]
  0x000002eef76f7000 JavaThread "Timer-116205" [_thread_blocked, id=1606760, stack(0x0000010e8d500000,0x0000010e8d600000)]
  0x000002eef76fb800 JavaThread "Timer-116204" [_thread_blocked, id=1606756, stack(0x0000010e8d400000,0x0000010e8d500000)]
  0x000002eef76f6000 JavaThread "Timer-116203" [_thread_blocked, id=1606752, stack(0x0000010e8d300000,0x0000010e8d400000)]
  0x000002eef76fa000 JavaThread "Timer-116202" [_thread_blocked, id=1606748, stack(0x0000010e8d200000,0x0000010e8d300000)]
  0x000002eef76f8800 JavaThread "Timer-116201" [_thread_blocked, id=1606744, stack(0x0000010e8d100000,0x0000010e8d200000)]
  0x000002eef76f4000 JavaThread "Timer-116200" [_thread_blocked, id=1606740, stack(0x0000010e8d000000,0x0000010e8d100000)]
  0x000002eef76f3000 JavaThread "Timer-116199" [_thread_blocked, id=1606736, stack(0x0000010e8cf00000,0x0000010e8d000000)]
  0x000002eef76f5800 JavaThread "Timer-116198" [_thread_blocked, id=1606732, stack(0x0000010e8ce00000,0x0000010e8cf00000)]
  0x000002eef76f2800 JavaThread "Timer-116197" [_thread_blocked, id=1606728, stack(0x0000010e8cd00000,0x0000010e8ce00000)]
  0x000002eef76f7800 JavaThread "Timer-116196" [_thread_blocked, id=1606724, stack(0x0000010e8cc00000,0x0000010e8cd00000)]
  0x000002eef76eb000 JavaThread "Timer-116195" [_thread_blocked, id=1606720, stack(0x0000010e8cb00000,0x0000010e8cc00000)]
  0x000002eef76f1800 JavaThread "Timer-116194" [_thread_blocked, id=1606716, stack(0x0000010e8ca00000,0x0000010e8cb00000)]
  0x000002eef76ea000 JavaThread "Timer-116193" [_thread_blocked, id=1606712, stack(0x0000010e8c900000,0x0000010e8ca00000)]
  0x000002eef75e2800 JavaThread "Timer-116192" [_thread_blocked, id=1606708, stack(0x0000010e8c800000,0x0000010e8c900000)]
  0x000002eef75e0000 JavaThread "Timer-116191" [_thread_blocked, id=1606704, stack(0x0000010e8c700000,0x0000010e8c800000)]
  0x000002eef75e3000 JavaThread "Timer-116190" [_thread_blocked, id=1606700, stack(0x0000010e8c600000,0x0000010e8c700000)]
  0x000002eef75df800 JavaThread "Timer-116189" [_thread_blocked, id=1606696, stack(0x0000010e8c500000,0x0000010e8c600000)]
  0x000002eef75de000 JavaThread "Timer-116188" [_thread_blocked, id=1606692, stack(0x0000010e8c400000,0x0000010e8c500000)]
  0x000002eef75e1800 JavaThread "Timer-116187" [_thread_blocked, id=1606688, stack(0x0000010e8c300000,0x0000010e8c400000)]
  0x000002eef75d5000 JavaThread "Timer-116186" [_thread_blocked, id=1606684, stack(0x0000010e8c200000,0x0000010e8c300000)]
  0x000002eef75da000 JavaThread "Timer-116185" [_thread_blocked, id=1606680, stack(0x0000010e8c100000,0x0000010e8c200000)]
  0x000002eef75d9800 JavaThread "Timer-116184" [_thread_blocked, id=1606676, stack(0x0000010e8c000000,0x0000010e8c100000)]
  0x000002eef75d8000 JavaThread "Timer-116183" [_thread_blocked, id=1606672, stack(0x0000010e8bf00000,0x0000010e8c000000)]
  0x000002eef75d8800 JavaThread "Timer-116182" [_thread_blocked, id=1606668, stack(0x0000010e8be00000,0x0000010e8bf00000)]
  0x000002eef75db000 JavaThread "Timer-116181" [_thread_blocked, id=1606664, stack(0x0000010e8bd00000,0x0000010e8be00000)]
  0x000002eef76ee000 JavaThread "Timer-116180" [_thread_blocked, id=1606660, stack(0x0000010e8bc00000,0x0000010e8bd00000)]
  0x000002eef76f1000 JavaThread "Timer-116179" [_thread_blocked, id=1598928, stack(0x0000010e8bb00000,0x0000010e8bc00000)]
  0x000002eef76f0000 JavaThread "Timer-116178" [_thread_blocked, id=1579412, stack(0x0000010e8ba00000,0x0000010e8bb00000)]
  0x000002eef76ed000 JavaThread "Timer-116177" [_thread_blocked, id=1579172, stack(0x0000010e8b900000,0x0000010e8ba00000)]
  0x000002eef76ec800 JavaThread "Timer-116176" [_thread_blocked, id=1579152, stack(0x0000010e8b800000,0x0000010e8b900000)]
  0x000002eef76eb800 JavaThread "Timer-116175" [_thread_blocked, id=1606156, stack(0x0000010e8b700000,0x0000010e8b800000)]
  0x000002eef76ef800 JavaThread "Timer-116174" [_thread_blocked, id=1606144, stack(0x0000010e8b600000,0x0000010e8b700000)]
  0x000002eef76ee800 JavaThread "Timer-116173" [_thread_blocked, id=1606108, stack(0x0000010e8b500000,0x0000010e8b600000)]
  0x000002eef76e7800 JavaThread "Timer-116172" [_thread_blocked, id=1219212, stack(0x0000010e8b400000,0x0000010e8b500000)]
  0x000002eef76e6000 JavaThread "Timer-116171" [_thread_blocked, id=1488620, stack(0x0000010e8b300000,0x0000010e8b400000)]
  0x000002eef76e7000 JavaThread "Timer-116170" [_thread_blocked, id=1269216, stack(0x0000010e8b200000,0x0000010e8b300000)]
  0x000002eef780f000 JavaThread "Timer-116169" [_thread_blocked, id=1299148, stack(0x0000010e8b100000,0x0000010e8b200000)]
  0x000002eef7805000 JavaThread "Timer-116168" [_thread_blocked, id=1606652, stack(0x0000010e8b000000,0x0000010e8b100000)]
  0x000002eef78fa800 JavaThread "Timer-116167" [_thread_blocked, id=1606648, stack(0x0000010e8af00000,0x0000010e8b000000)]
  0x000002eef75db800 JavaThread "Timer-116166" [_thread_blocked, id=1606644, stack(0x0000010e8ae00000,0x0000010e8af00000)]
  0x000002eef71e4800 JavaThread "Timer-116165" [_thread_blocked, id=1606640, stack(0x0000010e8ad00000,0x0000010e8ae00000)]
  0x000002eef71e3000 JavaThread "Timer-116164" [_thread_blocked, id=1606636, stack(0x0000010e8ac00000,0x0000010e8ad00000)]
  0x000002eef71e2000 JavaThread "Timer-116163" [_thread_blocked, id=1606632, stack(0x0000010e8ab00000,0x0000010e8ac00000)]
  0x000002eef71e0000 JavaThread "Timer-116162" [_thread_blocked, id=1606628, stack(0x0000010e8aa00000,0x0000010e8ab00000)]
  0x000002eef7303800 JavaThread "Timer-116161" [_thread_blocked, id=1606624, stack(0x0000010e8a900000,0x0000010e8aa00000)]
  0x000002eef72fc800 JavaThread "Timer-116160" [_thread_blocked, id=1606620, stack(0x0000010e8a800000,0x0000010e8a900000)]
  0x000002eef72fb800 JavaThread "Timer-116159" [_thread_blocked, id=1606616, stack(0x0000010e8a700000,0x0000010e8a800000)]
  0x000002eef72fb000 JavaThread "Timer-116158" [_thread_blocked, id=1606612, stack(0x0000010e8a600000,0x0000010e8a700000)]
  0x000002eef72fa000 JavaThread "Timer-116157" [_thread_blocked, id=1606608, stack(0x0000010e8a500000,0x0000010e8a600000)]
  0x000002eef72f2800 JavaThread "Timer-116156" [_thread_blocked, id=1606604, stack(0x0000010e8a400000,0x0000010e8a500000)]
  0x000002eef780c000 JavaThread "Timer-116155" [_thread_blocked, id=1606600, stack(0x0000010e8a300000,0x0000010e8a400000)]
  0x000002eef780b000 JavaThread "Timer-116154" [_thread_blocked, id=1606596, stack(0x0000010e8a200000,0x0000010e8a300000)]
  0x000002eef7804800 JavaThread "Timer-116153" [_thread_blocked, id=1606592, stack(0x0000010e8a100000,0x0000010e8a200000)]
  0x000002eef7803800 JavaThread "Timer-116152" [_thread_blocked, id=1606588, stack(0x0000010e8a000000,0x0000010e8a100000)]
  0x000002eef780a800 JavaThread "Timer-116151" [_thread_blocked, id=1606584, stack(0x0000010e89f00000,0x0000010e8a000000)]
  0x000002eef7806000 JavaThread "Timer-116150" [_thread_blocked, id=1606580, stack(0x0000010e89e00000,0x0000010e89f00000)]
  0x000002eef7808000 JavaThread "Timer-116149" [_thread_blocked, id=1606576, stack(0x0000010e89d00000,0x0000010e89e00000)]
  0x000002eef7809800 JavaThread "Timer-116148" [_thread_blocked, id=1606572, stack(0x0000010e89c00000,0x0000010e89d00000)]
  0x000002eef7807800 JavaThread "Timer-116147" [_thread_blocked, id=1606568, stack(0x0000010e89b00000,0x0000010e89c00000)]
  0x000002eef7806800 JavaThread "Timer-116146" [_thread_blocked, id=1606564, stack(0x0000010e89a00000,0x0000010e89b00000)]
  0x000002eef78fc000 JavaThread "Timer-116145" [_thread_blocked, id=1606560, stack(0x0000010e89900000,0x0000010e89a00000)]
  0x000002eef73d3800 JavaThread "Timer-116144" [_thread_blocked, id=1606556, stack(0x0000010e89800000,0x0000010e89900000)]
  0x000002eef73d2800 JavaThread "Timer-116143" [_thread_blocked, id=1606552, stack(0x0000010e89700000,0x0000010e89800000)]
  0x000002eef71e5000 JavaThread "Timer-116142" [_thread_blocked, id=1606548, stack(0x0000010e89600000,0x0000010e89700000)]
  0x000002eef71e1800 JavaThread "Timer-116141" [_thread_blocked, id=1606544, stack(0x0000010e89500000,0x0000010e89600000)]
  0x000002eef71e0800 JavaThread "Timer-116140" [_thread_blocked, id=1606540, stack(0x0000010e89400000,0x0000010e89500000)]
  0x000002eef71e6000 JavaThread "Timer-116139" [_thread_blocked, id=1606536, stack(0x0000010e89300000,0x0000010e89400000)]
  0x000002eef71da800 JavaThread "Timer-116138" [_thread_blocked, id=1606532, stack(0x0000010e89200000,0x0000010e89300000)]
  0x000002eef72f9800 JavaThread "Timer-116137" [_thread_blocked, id=1606528, stack(0x0000010e89100000,0x0000010e89200000)]
  0x000002eef72f2000 JavaThread "Timer-116136" [_thread_blocked, id=1606524, stack(0x0000010e89000000,0x0000010e89100000)]
  0x000002eef72f3800 JavaThread "Timer-116135" [_thread_blocked, id=1606520, stack(0x0000010e88f00000,0x0000010e89000000)]
  0x000002eef72f8800 JavaThread "Timer-116134" [_thread_blocked, id=1606516, stack(0x0000010e88e00000,0x0000010e88f00000)]
  0x000002eef72f1000 JavaThread "Timer-116133" [_thread_blocked, id=1606512, stack(0x0000010e88d00000,0x0000010e88e00000)]
  0x000002eef72f8000 JavaThread "Timer-116132" [_thread_blocked, id=1606508, stack(0x0000010e88c00000,0x0000010e88d00000)]
  0x000002eef73d2000 JavaThread "Timer-116131" [_thread_blocked, id=1606504, stack(0x0000010e88b00000,0x0000010e88c00000)]
  0x000002eef73d4000 JavaThread "Timer-116130" [_thread_blocked, id=1606500, stack(0x0000010e88a00000,0x0000010e88b00000)]
  0x000002eef73ca800 JavaThread "Timer-116129" [_thread_blocked, id=1606496, stack(0x0000010e88900000,0x0000010e88a00000)]
  0x000002eef73d1000 JavaThread "Timer-116128" [_thread_blocked, id=1606492, stack(0x0000010e88800000,0x0000010e88900000)]
  0x000002eef73d0800 JavaThread "Timer-116127" [_thread_blocked, id=1606484, stack(0x0000010e88700000,0x0000010e88800000)]
  0x000002eef73cf800 JavaThread "Timer-116126" [_thread_blocked, id=1606480, stack(0x0000010e88600000,0x0000010e88700000)]
  0x000002eef73c8000 JavaThread "Timer-116125" [_thread_blocked, id=1606476, stack(0x0000010e88500000,0x0000010e88600000)]
  0x000002eef73cf000 JavaThread "Timer-116124" [_thread_blocked, id=1606472, stack(0x0000010e88400000,0x0000010e88500000)]
  0x000002eef7803000 JavaThread "Timer-116123" [_thread_blocked, id=1606468, stack(0x0000010e88300000,0x0000010e88400000)]
  0x000002eef7809000 JavaThread "Timer-116122" [_thread_blocked, id=1606464, stack(0x0000010e88200000,0x0000010e88300000)]
  0x000002eef77fb800 JavaThread "Timer-116121" [_thread_blocked, id=1606460, stack(0x0000010e88100000,0x0000010e88200000)]
  0x000002eef7802000 JavaThread "Timer-116120" [_thread_blocked, id=1606456, stack(0x0000010e88000000,0x0000010e88100000)]
  0x000002eef77fa800 JavaThread "Timer-116119" [_thread_blocked, id=1606452, stack(0x0000010e87f00000,0x0000010e88000000)]
  0x000002eef7800000 JavaThread "Timer-116118" [_thread_blocked, id=1606448, stack(0x0000010e87e00000,0x0000010e87f00000)]
  0x000002eef7801800 JavaThread "Timer-116117" [_thread_blocked, id=1606444, stack(0x0000010e87d00000,0x0000010e87e00000)]
  0x000002eef77fc000 JavaThread "Timer-116116" [_thread_blocked, id=1606440, stack(0x0000010e87c00000,0x0000010e87d00000)]
  0x000002eef77fd000 JavaThread "Timer-116115" [_thread_blocked, id=1606436, stack(0x0000010e87b00000,0x0000010e87c00000)]
  0x000002eef7800800 JavaThread "Timer-116114" [_thread_blocked, id=1606432, stack(0x0000010e87a00000,0x0000010e87b00000)]
  0x000002eef77fe800 JavaThread "Timer-116113" [_thread_blocked, id=1606428, stack(0x0000010e87900000,0x0000010e87a00000)]
  0x000002eef77f8800 JavaThread "Timer-116112" [_thread_blocked, id=1606424, stack(0x0000010e87800000,0x0000010e87900000)]
  0x000002eef77f9000 JavaThread "Timer-116111" [_thread_blocked, id=1606420, stack(0x0000010e87700000,0x0000010e87800000)]
  0x000002eef77fd800 JavaThread "Timer-116110" [_thread_blocked, id=1606416, stack(0x0000010e87600000,0x0000010e87700000)]
  0x000002eef77ff000 JavaThread "Timer-116109" [_thread_blocked, id=1606412, stack(0x0000010e87500000,0x0000010e87600000)]
  0x000002eef77f4000 JavaThread "Timer-116108" [_thread_blocked, id=1606408, stack(0x0000010e87400000,0x0000010e87500000)]
  0x000002eef77fa000 JavaThread "Timer-116107" [_thread_blocked, id=1606404, stack(0x0000010e87300000,0x0000010e87400000)]
  0x000002eef75d1000 JavaThread "Timer-116106" [_thread_blocked, id=1606400, stack(0x0000010e87200000,0x0000010e87300000)]
  0x000002eef75d0800 JavaThread "Timer-116105" [_thread_blocked, id=1606396, stack(0x0000010e87100000,0x0000010e87200000)]
  0x000002eef75d5800 JavaThread "Timer-116104" [_thread_blocked, id=1606392, stack(0x0000010e87000000,0x0000010e87100000)]
  0x000002eef75d3800 JavaThread "Timer-116103" [_thread_blocked, id=1606388, stack(0x0000010e86f00000,0x0000010e87000000)]
  0x000002eef75d4000 JavaThread "Timer-116102" [_thread_blocked, id=1606384, stack(0x0000010e86e00000,0x0000010e86f00000)]
  0x000002eef75d7000 JavaThread "Timer-116101" [_thread_blocked, id=1606380, stack(0x0000010e86d00000,0x0000010e86e00000)]
  0x000002eef75d2800 JavaThread "Timer-116100" [_thread_blocked, id=1606376, stack(0x0000010e86c00000,0x0000010e86d00000)]
  0x000002eef77f7800 JavaThread "Timer-116099" [_thread_blocked, id=1606372, stack(0x0000010e86b00000,0x0000010e86c00000)]
  0x000002eef77f7000 JavaThread "Timer-116098" [_thread_blocked, id=1606368, stack(0x0000010e86a00000,0x0000010e86b00000)]
  0x000002eef77f0000 JavaThread "Timer-116097" [_thread_blocked, id=1606364, stack(0x0000010e86900000,0x0000010e86a00000)]
  0x000002eef77ef800 JavaThread "Timer-116096" [_thread_blocked, id=1606360, stack(0x0000010e86800000,0x0000010e86900000)]
  0x000002eef77f6000 JavaThread "Timer-116095" [_thread_blocked, id=1606356, stack(0x0000010e86700000,0x0000010e86800000)]
  0x000002eef77f1800 JavaThread "Timer-116094" [_thread_blocked, id=1606352, stack(0x0000010e86600000,0x0000010e86700000)]
  0x000002eef77f3000 JavaThread "Timer-116093" [_thread_blocked, id=1606348, stack(0x0000010e86500000,0x0000010e86600000)]
  0x000002eef77f1000 JavaThread "Timer-116092" [_thread_blocked, id=1606344, stack(0x0000010e86400000,0x0000010e86500000)]
  0x000002eef77f4800 JavaThread "Timer-116091" [_thread_blocked, id=1606340, stack(0x0000010e86300000,0x0000010e86400000)]
  0x000002eef77f2800 JavaThread "Timer-116090" [_thread_blocked, id=1606336, stack(0x0000010e86200000,0x0000010e86300000)]
  0x000002eef77f5800 JavaThread "Timer-116089" [_thread_blocked, id=1606328, stack(0x0000010e86100000,0x0000010e86200000)]
  0x000002eef77ee000 JavaThread "Timer-116088" [_thread_blocked, id=1606324, stack(0x0000010e86000000,0x0000010e86100000)]
  0x000002eef76e2800 JavaThread "Timer-116087" [_thread_blocked, id=1606320, stack(0x0000010e85f00000,0x0000010e86000000)]
  0x000002eef76e5800 JavaThread "Timer-116086" [_thread_blocked, id=1606316, stack(0x0000010e85e00000,0x0000010e85f00000)]
  0x000002eef76e8800 JavaThread "Timer-116085" [_thread_blocked, id=1606312, stack(0x0000010e85d00000,0x0000010e85e00000)]
  0x000002eef71df000 JavaThread "Timer-116084" [_thread_blocked, id=1606308, stack(0x0000010e85c00000,0x0000010e85d00000)]
  0x000002eef71de000 JavaThread "Timer-116083" [_thread_blocked, id=1606304, stack(0x0000010e85b00000,0x0000010e85c00000)]
  0x000002eef71dd800 JavaThread "Timer-116082" [_thread_blocked, id=1606300, stack(0x0000010e85a00000,0x0000010e85b00000)]
  0x000002eef73c9800 JavaThread "Timer-116081" [_thread_blocked, id=1606296, stack(0x0000010e85900000,0x0000010e85a00000)]
  0x000002eef73cc800 JavaThread "Timer-116080" [_thread_blocked, id=1606292, stack(0x0000010e85800000,0x0000010e85900000)]
  0x000002eef77ec800 JavaThread "Timer-116079" [_thread_blocked, id=1606288, stack(0x0000010e85700000,0x0000010e85800000)]
  0x000002eef77ee800 JavaThread "Timer-116078" [_thread_blocked, id=1606284, stack(0x0000010e85600000,0x0000010e85700000)]
  0x000002eef77ed000 JavaThread "Timer-116077" [_thread_blocked, id=1606280, stack(0x0000010e85500000,0x0000010e85600000)]
  0x000002eef7451800 JavaThread "Timer-116076" [_thread_blocked, id=1606276, stack(0x0000010e85400000,0x0000010e85500000)]
  0x000002eef7458800 JavaThread "Timer-116075" [_thread_blocked, id=1606272, stack(0x0000010e85300000,0x0000010e85400000)]
  0x000002eef7451000 JavaThread "Timer-116074" [_thread_blocked, id=1606268, stack(0x0000010e85200000,0x0000010e85300000)]
  0x000002eef7457800 JavaThread "Timer-116073" [_thread_blocked, id=1606264, stack(0x0000010e85100000,0x0000010e85200000)]
  0x000002eef7457000 JavaThread "Timer-116072" [_thread_blocked, id=1606260, stack(0x0000010e85000000,0x0000010e85100000)]
  0x000002eef7456000 JavaThread "Timer-116071" [_thread_blocked, id=1606256, stack(0x0000010e84f00000,0x0000010e85000000)]
  0x000002eef7455800 JavaThread "Timer-116070" [_thread_blocked, id=1606252, stack(0x0000010e84e00000,0x0000010e84f00000)]
  0x000002eef744e800 JavaThread "Timer-116069" [_thread_blocked, id=1606248, stack(0x0000010e84d00000,0x0000010e84e00000)]
  0x000002eef7454800 JavaThread "Timer-116068" [_thread_blocked, id=1606244, stack(0x0000010e84c00000,0x0000010e84d00000)]
  0x000002eef7454000 JavaThread "Timer-116067" [_thread_blocked, id=1606240, stack(0x0000010e84b00000,0x0000010e84c00000)]
  0x000002eef7452800 JavaThread "Timer-116066" [_thread_blocked, id=1606236, stack(0x0000010e84a00000,0x0000010e84b00000)]
  0x000002eef744c800 JavaThread "Timer-116065" [_thread_blocked, id=1606232, stack(0x0000010e84900000,0x0000010e84a00000)]
  0x000002eef7453000 JavaThread "Timer-116064" [_thread_blocked, id=1606228, stack(0x0000010e84800000,0x0000010e84900000)]
  0x000002eef7449800 JavaThread "Timer-116063" [_thread_blocked, id=1606224, stack(0x0000010e84700000,0x0000010e84800000)]
  0x000002eef744e000 JavaThread "Timer-116062" [_thread_blocked, id=1606220, stack(0x0000010e84600000,0x0000010e84700000)]
  0x000002eef744d000 JavaThread "Timer-116061" [_thread_blocked, id=1606216, stack(0x0000010e84500000,0x0000010e84600000)]
  0x000002eef744b800 JavaThread "Timer-116060" [_thread_blocked, id=1606212, stack(0x0000010e84400000,0x0000010e84500000)]
  0x000002eef7450000 JavaThread "Timer-116059" [_thread_blocked, id=1606208, stack(0x0000010e84300000,0x0000010e84400000)]
  0x000002eef744f800 JavaThread "Timer-116058" [_thread_blocked, id=1606204, stack(0x0000010e84200000,0x0000010e84300000)]
  0x000002eef744a000 JavaThread "Timer-116057" [_thread_blocked, id=1606200, stack(0x0000010e84100000,0x0000010e84200000)]
  0x000002eef7448800 JavaThread "Timer-116056" [_thread_blocked, id=1606196, stack(0x0000010e84000000,0x0000010e84100000)]
  0x000002eef744b000 JavaThread "Timer-116055" [_thread_blocked, id=1606192, stack(0x0000010e83f00000,0x0000010e84000000)]
  0x000002eef7448000 JavaThread "Timer-116054" [_thread_blocked, id=1606188, stack(0x0000010e83e00000,0x0000010e83f00000)]
  0x000002eef7447000 JavaThread "Timer-116053" [_thread_blocked, id=1606184, stack(0x0000010e83d00000,0x0000010e83e00000)]
  0x000002eef7445800 JavaThread "Timer-116052" [_thread_blocked, id=1606180, stack(0x0000010e83c00000,0x0000010e83d00000)]
  0x000002eef7445000 JavaThread "Timer-116051" [_thread_blocked, id=1606176, stack(0x0000010e83b00000,0x0000010e83c00000)]
  0x000002eef7444000 JavaThread "Timer-116050" [_thread_blocked, id=1606172, stack(0x0000010e83a00000,0x0000010e83b00000)]
  0x000002eef7446800 JavaThread "Timer-116049" [_thread_blocked, id=1606168, stack(0x0000010e83900000,0x0000010e83a00000)]
  0x000002eef743d800 JavaThread "Timer-116048" [_thread_blocked, id=1606164, stack(0x0000010e83800000,0x0000010e83900000)]
  0x000002eef743c800 JavaThread "Timer-116047" [_thread_blocked, id=1606160, stack(0x0000010e83700000,0x0000010e83800000)]
  0x000002eef72f5000 JavaThread "Timer-116046" [_thread_blocked, id=1606152, stack(0x0000010e83600000,0x0000010e83700000)]
  0x000002eef72f0800 JavaThread "Timer-116045" [_thread_blocked, id=1606148, stack(0x0000010e83500000,0x0000010e83600000)]
  0x000002eef72f6800 JavaThread "Timer-116044" [_thread_blocked, id=1606140, stack(0x0000010e83400000,0x0000010e83500000)]
  0x000002eef72f4000 JavaThread "Timer-116043" [_thread_blocked, id=1606136, stack(0x0000010e83300000,0x0000010e83400000)]
  0x000002eef72f7000 JavaThread "Timer-116042" [_thread_blocked, id=1606132, stack(0x0000010e83200000,0x0000010e83300000)]
  0x000002eef72f5800 JavaThread "Timer-116041" [_thread_blocked, id=1606128, stack(0x0000010e83100000,0x0000010e83200000)]
  0x000002eef72e9000 JavaThread "Timer-116040" [_thread_blocked, id=1606124, stack(0x0000010e83000000,0x0000010e83100000)]
  0x000002eef72ef800 JavaThread "Timer-116039" [_thread_blocked, id=1606120, stack(0x0000010e82f00000,0x0000010e83000000)]
  0x000002eef72e8000 JavaThread "Timer-116038" [_thread_blocked, id=1606112, stack(0x0000010e82e00000,0x0000010e82f00000)]
  0x000002eef75d2000 JavaThread "Timer-116037" [_thread_blocked, id=1606100, stack(0x0000010e82d00000,0x0000010e82e00000)]
  0x000002eef73ce000 JavaThread "Timer-116036" [_thread_blocked, id=1606096, stack(0x0000010e82c00000,0x0000010e82d00000)]
  0x000002eef73c7800 JavaThread "Timer-116035" [_thread_blocked, id=1606092, stack(0x0000010e82b00000,0x0000010e82c00000)]
  0x000002eef73cc000 JavaThread "Timer-116034" [_thread_blocked, id=1606088, stack(0x0000010e82a00000,0x0000010e82b00000)]
  0x000002eef73cd800 JavaThread "Timer-116033" [_thread_blocked, id=1606080, stack(0x0000010e82900000,0x0000010e82a00000)]
  0x000002eef73c9000 JavaThread "Timer-116032" [_thread_blocked, id=1606076, stack(0x0000010e82800000,0x0000010e82900000)]
  0x000002eef73c6800 JavaThread "Timer-116031" [_thread_blocked, id=1606068, stack(0x0000010e82700000,0x0000010e82800000)]
  0x000002eef73c5000 JavaThread "Timer-116030" [_thread_blocked, id=1606064, stack(0x0000010e82600000,0x0000010e82700000)]
  0x000002eef73cb000 JavaThread "Timer-116029" [_thread_blocked, id=1606060, stack(0x0000010e82500000,0x0000010e82600000)]
  0x000002eef73c6000 JavaThread "Timer-116028" [_thread_blocked, id=1606056, stack(0x0000010e82400000,0x0000010e82500000)]
  0x000002eef73c2000 JavaThread "Timer-116027" [_thread_blocked, id=1606052, stack(0x0000010e82300000,0x0000010e82400000)]
  0x000002eef76e9800 JavaThread "Timer-116026" [_thread_blocked, id=1606044, stack(0x0000010e82200000,0x0000010e82300000)]
  0x000002eef76de000 JavaThread "Timer-116025" [_thread_blocked, id=1606040, stack(0x0000010e82100000,0x0000010e82200000)]
  0x000002eef76df800 JavaThread "Timer-116024" [_thread_blocked, id=1606032, stack(0x0000010e82000000,0x0000010e82100000)]
  0x000002eef76e4800 JavaThread "Timer-116023" [_thread_blocked, id=1606028, stack(0x0000010e81f00000,0x0000010e82000000)]
  0x000002eef76dd000 JavaThread "Timer-116022" [_thread_blocked, id=1606024, stack(0x0000010e81e00000,0x0000010e81f00000)]
  0x000002eef76de800 JavaThread "Timer-116021" [_thread_blocked, id=1606020, stack(0x0000010e81d00000,0x0000010e81e00000)]
  0x000002eef76e1800 JavaThread "Timer-116020" [_thread_blocked, id=1606016, stack(0x0000010e81c00000,0x0000010e81d00000)]
  0x000002eef76e1000 JavaThread "Timer-116019" [_thread_blocked, id=1606012, stack(0x0000010e81b00000,0x0000010e81c00000)]
  0x000002eef76e0000 JavaThread "Timer-116018" [_thread_blocked, id=1606008, stack(0x0000010e81a00000,0x0000010e81b00000)]
  0x000002eef76e4000 JavaThread "Timer-116017" [_thread_blocked, id=1605996, stack(0x0000010e81900000,0x0000010e81a00000)]
  0x000002eef76e3000 JavaThread "Timer-116016" [_thread_blocked, id=1605992, stack(0x0000010e81800000,0x0000010e81900000)]
  0x000002eef76d5800 JavaThread "Timer-116015" [_thread_blocked, id=1605988, stack(0x0000010e81700000,0x0000010e81800000)]
  0x000002eef76db800 JavaThread "Timer-116014" [_thread_blocked, id=1605984, stack(0x0000010e81600000,0x0000010e81700000)]
  0x000002eef71dc000 JavaThread "Timer-116013" [_thread_blocked, id=1605980, stack(0x0000010e81500000,0x0000010e81600000)]
  0x000002eef75d6800 JavaThread "Timer-116012" [_thread_blocked, id=1605976, stack(0x0000010e81400000,0x0000010e81500000)]
  0x000002eef760c800 JavaThread "Timer-116011" [_thread_blocked, id=1605972, stack(0x0000010e81300000,0x0000010e81400000)]
  0x000002eef7610800 JavaThread "Timer-116010" [_thread_blocked, id=1605964, stack(0x0000010e81200000,0x0000010e81300000)]
  0x000002eef760d800 JavaThread "Timer-116009" [_thread_blocked, id=1605960, stack(0x0000010e81100000,0x0000010e81200000)]
  0x000002eef760e000 JavaThread "Timer-116008" [_thread_blocked, id=1605956, stack(0x0000010e81000000,0x0000010e81100000)]
  0x000002eef760f800 JavaThread "Timer-116007" [_thread_blocked, id=1605952, stack(0x0000010e80f00000,0x0000010e81000000)]
  0x000002eef7608000 JavaThread "Timer-116006" [_thread_blocked, id=1605948, stack(0x0000010e80e00000,0x0000010e80f00000)]
  0x000002eef760c000 JavaThread "Timer-116005" [_thread_blocked, id=1605944, stack(0x0000010e80d00000,0x0000010e80e00000)]
  0x000002eef760a800 JavaThread "Timer-116004" [_thread_blocked, id=1605940, stack(0x0000010e80c00000,0x0000010e80d00000)]
  0x000002eef760b000 JavaThread "Timer-116003" [_thread_blocked, id=1605936, stack(0x0000010e80b00000,0x0000010e80c00000)]
  0x000002eef760f000 JavaThread "Timer-116002" [_thread_blocked, id=1605932, stack(0x0000010e80a00000,0x0000010e80b00000)]
  0x000002eef7609000 JavaThread "Timer-116001" [_thread_blocked, id=1605928, stack(0x0000010e80900000,0x0000010e80a00000)]
  0x000002eef7609800 JavaThread "Timer-116000" [_thread_blocked, id=1605924, stack(0x0000010e80800000,0x0000010e80900000)]
  0x000002eef7601800 JavaThread "Timer-115999" [_thread_blocked, id=1605920, stack(0x0000010e80700000,0x0000010e80800000)]
  0x000002eef7600800 JavaThread "Timer-115998" [_thread_blocked, id=1605916, stack(0x0000010e80600000,0x0000010e80700000)]
  0x000002eef76da000 JavaThread "Timer-115997" [_thread_blocked, id=1605912, stack(0x0000010e80500000,0x0000010e80600000)]
  0x000002eef76d9800 JavaThread "Timer-115996" [_thread_blocked, id=1605908, stack(0x0000010e80400000,0x0000010e80500000)]
  0x000002eef76d8800 JavaThread "Timer-115995" [_thread_blocked, id=1605904, stack(0x0000010e80300000,0x0000010e80400000)]
  0x000002eef76d6800 JavaThread "Timer-115994" [_thread_blocked, id=1605900, stack(0x0000010e80200000,0x0000010e80300000)]
  0x000002eef76db000 JavaThread "Timer-115993" [_thread_blocked, id=1605896, stack(0x0000010e80100000,0x0000010e80200000)]
  0x000002eef76dc800 JavaThread "Timer-115992" [_thread_blocked, id=1605892, stack(0x0000010e80000000,0x0000010e80100000)]
  0x000002eef76d8000 JavaThread "Timer-115991" [_thread_blocked, id=1605888, stack(0x0000010e7ff00000,0x0000010e80000000)]
  0x000002eef76d7000 JavaThread "Timer-115990" [_thread_blocked, id=1605884, stack(0x0000010e7fe00000,0x0000010e7ff00000)]
  0x000002eef76cf000 JavaThread "Timer-115989" [_thread_blocked, id=1605880, stack(0x0000010e7fd00000,0x0000010e7fe00000)]
  0x000002eef76ce000 JavaThread "Timer-115988" [_thread_blocked, id=1605876, stack(0x0000010e7fc00000,0x0000010e7fd00000)]
  0x000002eef76d5000 JavaThread "Timer-115987" [_thread_blocked, id=1605872, stack(0x0000010e7fb00000,0x0000010e7fc00000)]
  0x000002eef76d4000 JavaThread "Timer-115986" [_thread_blocked, id=1605868, stack(0x0000010e7fa00000,0x0000010e7fb00000)]
  0x000002eef76d0800 JavaThread "Timer-115985" [_thread_blocked, id=1605864, stack(0x0000010e7f900000,0x0000010e7fa00000)]
  0x000002eef76cf800 JavaThread "Timer-115984" [_thread_blocked, id=1605860, stack(0x0000010e7f800000,0x0000010e7f900000)]
  0x000002eef76d3800 JavaThread "Timer-115983" [_thread_blocked, id=1605856, stack(0x0000010e7f700000,0x0000010e7f800000)]
  0x000002eef76d1000 JavaThread "Timer-115982" [_thread_blocked, id=1605852, stack(0x0000010e7f600000,0x0000010e7f700000)]
  0x000002eef76d2000 JavaThread "Timer-115981" [_thread_blocked, id=1605848, stack(0x0000010e7f500000,0x0000010e7f600000)]
  0x000002eef7607800 JavaThread "Timer-115980" [_thread_blocked, id=1605844, stack(0x0000010e7f400000,0x0000010e7f500000)]
  0x000002eef7606800 JavaThread "Timer-115979" [_thread_blocked, id=1605840, stack(0x0000010e7f300000,0x0000010e7f400000)]
  0x000002eef7606000 JavaThread "Timer-115978" [_thread_blocked, id=1605836, stack(0x0000010e7f200000,0x0000010e7f300000)]
  0x000002eef7605000 JavaThread "Timer-115977" [_thread_blocked, id=1605832, stack(0x0000010e7f100000,0x0000010e7f200000)]
  0x000002eef7604800 JavaThread "Timer-115976" [_thread_blocked, id=1605828, stack(0x0000010e7f000000,0x0000010e7f100000)]
  0x000002eef7603800 JavaThread "Timer-115975" [_thread_blocked, id=1605824, stack(0x0000010e7ef00000,0x0000010e7f000000)]
  0x000002eef71d9800 JavaThread "Timer-115974" [_thread_blocked, id=1605820, stack(0x0000010e7ee00000,0x0000010e7ef00000)]
  0x000002eef71d9000 JavaThread "Timer-115973" [_thread_blocked, id=1605816, stack(0x0000010e7ed00000,0x0000010e7ee00000)]
  0x000002eef71d8000 JavaThread "Timer-115972" [_thread_blocked, id=1605812, stack(0x0000010e7ec00000,0x0000010e7ed00000)]
  0x000002eef71d6000 JavaThread "Timer-115971" [_thread_blocked, id=1605808, stack(0x0000010e7eb00000,0x0000010e7ec00000)]
  0x000002eef71d6800 JavaThread "Timer-115970" [_thread_blocked, id=1605804, stack(0x0000010e7ea00000,0x0000010e7eb00000)]
  0x000002eef71dc800 JavaThread "Timer-115969" [_thread_blocked, id=1605800, stack(0x0000010e7e900000,0x0000010e7ea00000)]
  0x000002eef71d7800 JavaThread "Timer-115968" [_thread_blocked, id=1605796, stack(0x0000010e7e800000,0x0000010e7e900000)]
  0x000002eef71db000 JavaThread "Timer-115967" [_thread_blocked, id=1605792, stack(0x0000010e7e700000,0x0000010e7e800000)]
  0x000002eef71cf000 JavaThread "Timer-115966" [_thread_blocked, id=1605788, stack(0x0000010e7e600000,0x0000010e7e700000)]
  0x000002eef71ce800 JavaThread "Timer-115965" [_thread_blocked, id=1605784, stack(0x0000010e7e500000,0x0000010e7e600000)]
  0x000002eef71d5000 JavaThread "Timer-115964" [_thread_blocked, id=1605780, stack(0x0000010e7e400000,0x0000010e7e500000)]
  0x000002eef71d4800 JavaThread "Timer-115963" [_thread_blocked, id=1605776, stack(0x0000010e7e300000,0x0000010e7e400000)]
  0x000002eef72ef000 JavaThread "Timer-115962" [_thread_blocked, id=1605772, stack(0x0000010e7e200000,0x0000010e7e300000)]
  0x000002eef72e7800 JavaThread "Timer-115961" [_thread_blocked, id=1605768, stack(0x0000010e7e100000,0x0000010e7e200000)]
  0x000002eef76cd800 JavaThread "Timer-115960" [_thread_blocked, id=1605764, stack(0x0000010e7e000000,0x0000010e7e100000)]
  0x000002eef76d2800 JavaThread "Timer-115959" [_thread_blocked, id=1605760, stack(0x0000010e7dd00000,0x0000010e7de00000)]
  0x000002eef6b55800 JavaThread "Timer-115958" [_thread_blocked, id=1605756, stack(0x0000010e7dc00000,0x0000010e7dd00000)]
  0x000002eef6b5b000 JavaThread "Timer-115957" [_thread_blocked, id=1605752, stack(0x0000010e7db00000,0x0000010e7dc00000)]
  0x000002eef6b54800 JavaThread "Timer-115956" [_thread_blocked, id=1605748, stack(0x0000010e7da00000,0x0000010e7db00000)]
  0x000002eef6b53000 JavaThread "Timer-115955" [_thread_blocked, id=1605744, stack(0x0000010e7d900000,0x0000010e7da00000)]
  0x000002eef6b54000 JavaThread "Timer-115954" [_thread_blocked, id=1605740, stack(0x0000010e7d800000,0x0000010e7d900000)]
  0x000002eef6b5a000 JavaThread "Timer-115953" [_thread_blocked, id=1605736, stack(0x0000010e7d700000,0x0000010e7d800000)]
  0x000002eef6b58800 JavaThread "Timer-115952" [_thread_blocked, id=1605732, stack(0x0000010e7d600000,0x0000010e7d700000)]
  0x000002eef73c4800 JavaThread "Timer-115951" [_thread_blocked, id=1605728, stack(0x0000010e7d500000,0x0000010e7d600000)]
  0x000002eef72ee000 JavaThread "Timer-115950" [_thread_blocked, id=1605724, stack(0x0000010e7d400000,0x0000010e7d500000)]
  0x000002eef72ed800 JavaThread "Timer-115949" [_thread_blocked, id=1605720, stack(0x0000010e7d300000,0x0000010e7d400000)]
  0x000002eef72ec800 JavaThread "Timer-115948" [_thread_blocked, id=1605716, stack(0x0000010e7d200000,0x0000010e7d300000)]
  0x000002eef72ec000 JavaThread "Timer-115947" [_thread_blocked, id=1605712, stack(0x0000010e7d100000,0x0000010e7d200000)]
  0x000002eef72eb000 JavaThread "Timer-115946" [_thread_blocked, id=1605708, stack(0x0000010e7d000000,0x0000010e7d100000)]
  0x000002eef72e9800 JavaThread "Timer-115945" [_thread_blocked, id=1605704, stack(0x0000010e7cf00000,0x0000010e7d000000)]
  0x000002eef72ea800 JavaThread "Timer-115944" [_thread_blocked, id=1605700, stack(0x0000010e7ce00000,0x0000010e7cf00000)]
  0x000002eef72e0000 JavaThread "Timer-115943" [_thread_blocked, id=1605692, stack(0x0000010e7cd00000,0x0000010e7ce00000)]
  0x000002eef72e6800 JavaThread "Timer-115942" [_thread_blocked, id=1605688, stack(0x0000010e7cc00000,0x0000010e7cd00000)]
  0x000002eef72df000 JavaThread "Timer-115941" [_thread_blocked, id=1605684, stack(0x0000010e7cb00000,0x0000010e7cc00000)]
  0x000002eef72e6000 JavaThread "Timer-115940" [_thread_blocked, id=1605680, stack(0x0000010e7ca00000,0x0000010e7cb00000)]
  0x000002eef7603000 JavaThread "Timer-115939" [_thread_blocked, id=1605676, stack(0x0000010e7c900000,0x0000010e7ca00000)]
  0x000002eef7602000 JavaThread "Timer-115938" [_thread_blocked, id=1605672, stack(0x0000010e7c800000,0x0000010e7c900000)]
  0x000002eef6d9a000 JavaThread "Timer-115937" [_thread_blocked, id=1605668, stack(0x0000010e7c700000,0x0000010e7c800000)]
  0x000002eef6d99000 JavaThread "Timer-115936" [_thread_blocked, id=1605664, stack(0x0000010e7c600000,0x0000010e7c700000)]
  0x000002eef6d97800 JavaThread "Timer-115935" [_thread_blocked, id=1605660, stack(0x0000010e7c500000,0x0000010e7c600000)]
  0x000002eef6d9a800 JavaThread "Timer-115934" [_thread_blocked, id=1605656, stack(0x0000010e7c400000,0x0000010e7c500000)]
  0x000002eef6d97000 JavaThread "Timer-115933" [_thread_blocked, id=1605652, stack(0x0000010e7c300000,0x0000010e7c400000)]
  0x000002eef6d98800 JavaThread "Timer-115932" [_thread_blocked, id=1605648, stack(0x0000010e7c200000,0x0000010e7c300000)]
  0x000002eef7442800 JavaThread "Timer-115931" [_thread_blocked, id=1605640, stack(0x0000010e7c100000,0x0000010e7c200000)]
  0x000002eef7441000 JavaThread "Timer-115930" [_thread_blocked, id=1605636, stack(0x0000010e7c000000,0x0000010e7c100000)]
  0x000002eef7440800 JavaThread "Timer-115929" [_thread_blocked, id=1402248, stack(0x0000010e7bf00000,0x0000010e7c000000)]
  0x000002eef6d95800 JavaThread "Timer-115928" [_thread_blocked, id=1603472, stack(0x0000010e7be00000,0x0000010e7bf00000)]
  0x000002eef6d9b800 JavaThread "Timer-115927" [_thread_blocked, id=1402252, stack(0x0000010e7bd00000,0x0000010e7be00000)]
  0x000002eef6d96000 JavaThread "Timer-115926" [_thread_blocked, id=1402520, stack(0x0000010e7bc00000,0x0000010e7bd00000)]
  0x000002eef6d94800 JavaThread "Timer-115925" [_thread_blocked, id=1402532, stack(0x0000010e7bb00000,0x0000010e7bc00000)]
  0x000002eef6d8d000 JavaThread "Timer-115924" [_thread_blocked, id=233156, stack(0x0000010e7ba00000,0x0000010e7bb00000)]
  0x000002eef6d94000 JavaThread "Timer-115923" [_thread_blocked, id=1402536, stack(0x0000010e7b900000,0x0000010e7ba00000)]
  0x000002eef6d8c800 JavaThread "Timer-115922" [_thread_blocked, id=1562196, stack(0x0000010e7b800000,0x0000010e7b900000)]
  0x000002eef6d93000 JavaThread "Timer-115921" [_thread_blocked, id=1605628, stack(0x0000010e7b700000,0x0000010e7b800000)]
  0x000002eef7442000 JavaThread "Timer-115920" [_thread_blocked, id=1605624, stack(0x0000010e7b600000,0x0000010e7b700000)]
  0x000002eef73bd000 JavaThread "Timer-115919" [_thread_blocked, id=1605620, stack(0x0000010e7b500000,0x0000010e7b600000)]
  0x000002eef73c1800 JavaThread "Timer-115918" [_thread_blocked, id=1605616, stack(0x0000010e7b400000,0x0000010e7b500000)]
  0x000002eef73c0800 JavaThread "Timer-115917" [_thread_blocked, id=1605612, stack(0x0000010e7b300000,0x0000010e7b400000)]
  0x000002eef73c0000 JavaThread "Timer-115916" [_thread_blocked, id=1605608, stack(0x0000010e7b200000,0x0000010e7b300000)]
  0x000002eef73bf000 JavaThread "Timer-115915" [_thread_blocked, id=1605604, stack(0x0000010e7b100000,0x0000010e7b200000)]
  0x000002eef73c3800 JavaThread "Timer-115914" [_thread_blocked, id=1605600, stack(0x0000010e7b000000,0x0000010e7b100000)]
  0x000002eef73c3000 JavaThread "Timer-115913" [_thread_blocked, id=1605588, stack(0x0000010e7af00000,0x0000010e7b000000)]
  0x000002eef73be800 JavaThread "Timer-115912" [_thread_blocked, id=1605584, stack(0x0000010e7ae00000,0x0000010e7af00000)]
  0x000002eef73b8000 JavaThread "Timer-115911" [_thread_blocked, id=1605580, stack(0x0000010e7ad00000,0x0000010e7ae00000)]
  0x000002eef73bc000 JavaThread "Timer-115910" [_thread_blocked, id=1605576, stack(0x0000010e7ac00000,0x0000010e7ad00000)]
  0x000002eef73ba800 JavaThread "Timer-115909" [_thread_blocked, id=1605572, stack(0x0000010e7ab00000,0x0000010e7ac00000)]
  0x000002eef73b9800 JavaThread "Timer-115908" [_thread_blocked, id=1605564, stack(0x0000010e7aa00000,0x0000010e7ab00000)]
  0x000002eef73bb000 JavaThread "Timer-115907" [_thread_blocked, id=1605560, stack(0x0000010e7a900000,0x0000010e7aa00000)]
  0x000002eef73bd800 JavaThread "Timer-115906" [_thread_blocked, id=1605556, stack(0x0000010e7a800000,0x0000010e7a900000)]
  0x000002eef73b6800 JavaThread "Timer-115905" [_thread_blocked, id=1605552, stack(0x0000010e7a700000,0x0000010e7a800000)]
  0x000002eef73b9000 JavaThread "Timer-115904" [_thread_blocked, id=1605548, stack(0x0000010e7a600000,0x0000010e7a700000)]
  0x000002eef73b6000 JavaThread "Timer-115903" [_thread_blocked, id=1605544, stack(0x0000010e7a500000,0x0000010e7a600000)]
  0x000002eef73b5000 JavaThread "Timer-115902" [_thread_blocked, id=1605540, stack(0x0000010e7a400000,0x0000010e7a500000)]
  0x000002eef73b7800 JavaThread "Timer-115901" [_thread_blocked, id=1605536, stack(0x0000010e7a300000,0x0000010e7a400000)]
  0x000002eef73ad800 JavaThread "Timer-115900" [_thread_blocked, id=1605532, stack(0x0000010e7a200000,0x0000010e7a300000)]
  0x000002eef73b3800 JavaThread "Timer-115899" [_thread_blocked, id=1605528, stack(0x0000010e7a100000,0x0000010e7a200000)]
  0x000002eef73b3000 JavaThread "Timer-115898" [_thread_blocked, id=1605524, stack(0x0000010e7a000000,0x0000010e7a100000)]
  0x000002eef73b4800 JavaThread "Timer-115897" [_thread_blocked, id=1605520, stack(0x0000010e79f00000,0x0000010e7a000000)]
  0x000002eef73ab800 JavaThread "Timer-115896" [_thread_blocked, id=1605516, stack(0x0000010e79e00000,0x0000010e79f00000)]
  0x000002eef73ad000 JavaThread "Timer-115895" [_thread_blocked, id=1605512, stack(0x0000010e79d00000,0x0000010e79e00000)]
  0x000002eef73ac000 JavaThread "Timer-115894" [_thread_blocked, id=1605508, stack(0x0000010e79c00000,0x0000010e79d00000)]
  0x000002eef73ae800 JavaThread "Timer-115893" [_thread_blocked, id=1605504, stack(0x0000010e79b00000,0x0000010e79c00000)]
  0x000002eef73af000 JavaThread "Timer-115892" [_thread_blocked, id=1605500, stack(0x0000010e79a00000,0x0000010e79b00000)]
  0x000002eef73b2000 JavaThread "Timer-115891" [_thread_blocked, id=1605496, stack(0x0000010e79900000,0x0000010e79a00000)]
  0x000002eef73b0000 JavaThread "Timer-115890" [_thread_blocked, id=1605492, stack(0x0000010e79800000,0x0000010e79900000)]
  0x000002eef73b1800 JavaThread "Timer-115889" [_thread_blocked, id=1605488, stack(0x0000010e79700000,0x0000010e79800000)]
  0x000002eef73aa800 JavaThread "Timer-115888" [_thread_blocked, id=1605484, stack(0x0000010e79600000,0x0000010e79700000)]
  0x000002eef73b0800 JavaThread "Timer-115887" [_thread_blocked, id=1605480, stack(0x0000010e79500000,0x0000010e79600000)]
  0x000002eef73a3000 JavaThread "Timer-115886" [_thread_blocked, id=1605476, stack(0x0000010e79400000,0x0000010e79500000)]
  0x000002eef73aa000 JavaThread "Timer-115885" [_thread_blocked, id=1605472, stack(0x0000010e79300000,0x0000010e79400000)]
  0x000002eef73a9000 JavaThread "Timer-115884" [_thread_blocked, id=1605468, stack(0x0000010e79200000,0x0000010e79300000)]
  0x000002eef73a8800 JavaThread "Timer-115883" [_thread_blocked, id=1605464, stack(0x0000010e79100000,0x0000010e79200000)]
  0x000002eef73a7800 JavaThread "Timer-115882" [_thread_blocked, id=1605456, stack(0x0000010e79000000,0x0000010e79100000)]
  0x000002eef73a0000 JavaThread "Timer-115881" [_thread_blocked, id=1605452, stack(0x0000010e78f00000,0x0000010e79000000)]
  0x000002eef73a2800 JavaThread "Timer-115880" [_thread_blocked, id=1605448, stack(0x0000010e78e00000,0x0000010e78f00000)]
  0x000002eef72e5000 JavaThread "Timer-115879" [_thread_blocked, id=1605440, stack(0x0000010e78d00000,0x0000010e78e00000)]
  0x000002eef72e4800 JavaThread "Timer-115878" [_thread_blocked, id=1605436, stack(0x0000010e78c00000,0x0000010e78d00000)]
  0x000002eef72e3800 JavaThread "Timer-115877" [_thread_blocked, id=1605432, stack(0x0000010e78b00000,0x0000010e78c00000)]
  0x000002eef72e3000 JavaThread "Timer-115876" [_thread_blocked, id=1605428, stack(0x0000010e78a00000,0x0000010e78b00000)]
  0x000002eef72e1800 JavaThread "Timer-115875" [_thread_blocked, id=1605424, stack(0x0000010e78900000,0x0000010e78a00000)]
  0x000002eef72e0800 JavaThread "Timer-115874" [_thread_blocked, id=1605420, stack(0x0000010e78800000,0x0000010e78900000)]
  0x000002eef72e2000 JavaThread "Timer-115873" [_thread_blocked, id=1605416, stack(0x0000010e78700000,0x0000010e78800000)]
  0x000002eef72d7800 JavaThread "Timer-115872" [_thread_blocked, id=1605412, stack(0x0000010e78600000,0x0000010e78700000)]
  0x000002eef72d8800 JavaThread "Timer-115871" [_thread_blocked, id=1605408, stack(0x0000010e78500000,0x0000010e78600000)]
  0x000002eef72de800 JavaThread "Timer-115870" [_thread_blocked, id=1605404, stack(0x0000010e78400000,0x0000010e78500000)]
  0x000002eef72d7000 JavaThread "Timer-115869" [_thread_blocked, id=1605400, stack(0x0000010e78300000,0x0000010e78400000)]
  0x000002eef72d9000 JavaThread "Timer-115868" [_thread_blocked, id=1605396, stack(0x0000010e78200000,0x0000010e78300000)]
  0x000002eef72da000 JavaThread "Timer-115867" [_thread_blocked, id=1605392, stack(0x0000010e78100000,0x0000010e78200000)]
  0x000002eef73a7000 JavaThread "Timer-115866" [_thread_blocked, id=1605384, stack(0x0000010e78000000,0x0000010e78100000)]
  0x000002eef73a6000 JavaThread "Timer-115865" [_thread_blocked, id=1605376, stack(0x0000010e77f00000,0x0000010e78000000)]
  0x000002eef73a4800 JavaThread "Timer-115864" [_thread_blocked, id=1605368, stack(0x0000010e77e00000,0x0000010e77f00000)]
  0x000002eef739f800 JavaThread "Timer-115863" [_thread_blocked, id=1605364, stack(0x0000010e77d00000,0x0000010e77e00000)]
  0x000002eef73a1800 JavaThread "Timer-115862" [_thread_blocked, id=1605360, stack(0x0000010e77c00000,0x0000010e77d00000)]
  0x000002eef73a4000 JavaThread "Timer-115861" [_thread_blocked, id=1605356, stack(0x0000010e77b00000,0x0000010e77c00000)]
  0x000002eef73a5800 JavaThread "Timer-115860" [_thread_blocked, id=1605352, stack(0x0000010e77a00000,0x0000010e77b00000)]
  0x000002eef73a1000 JavaThread "Timer-115859" [_thread_blocked, id=1605348, stack(0x0000010e77900000,0x0000010e77a00000)]
  0x000002eef7398000 JavaThread "Timer-115858" [_thread_blocked, id=1605344, stack(0x0000010e77800000,0x0000010e77900000)]
  0x000002eef743e000 JavaThread "Timer-115857" [_thread_blocked, id=1605340, stack(0x0000010e77700000,0x0000010e77800000)]
  0x000002eef743f000 JavaThread "Timer-115856" [_thread_blocked, id=1605336, stack(0x0000010e77600000,0x0000010e77700000)]
  0x000002eef743f800 JavaThread "Timer-115855" [_thread_blocked, id=1605332, stack(0x0000010e77500000,0x0000010e77600000)]
  0x000002eef7443800 JavaThread "Timer-115854" [_thread_blocked, id=1605328, stack(0x0000010e77400000,0x0000010e77500000)]
  0x000002eef7435000 JavaThread "Timer-115853" [_thread_blocked, id=1605324, stack(0x0000010e77300000,0x0000010e77400000)]
  0x000002eef7436800 JavaThread "Timer-115852" [_thread_blocked, id=1605320, stack(0x0000010e77200000,0x0000010e77300000)]
  0x000002eef7439800 JavaThread "Timer-115851" [_thread_blocked, id=1605316, stack(0x0000010e77100000,0x0000010e77200000)]
  0x000002eef743c000 JavaThread "Timer-115850" [_thread_blocked, id=1605312, stack(0x0000010e77000000,0x0000010e77100000)]
  0x000002eef7434000 JavaThread "Timer-115849" [_thread_blocked, id=1605308, stack(0x0000010e76f00000,0x0000010e77000000)]
  0x000002eef743b000 JavaThread "Timer-115848" [_thread_blocked, id=1605300, stack(0x0000010e76e00000,0x0000010e76f00000)]
  0x000002eef7433800 JavaThread "Timer-115847" [_thread_blocked, id=1605296, stack(0x0000010e76d00000,0x0000010e76e00000)]
  0x000002eef7438800 JavaThread "Timer-115846" [_thread_blocked, id=1605292, stack(0x0000010e76c00000,0x0000010e76d00000)]
  0x000002eef7438000 JavaThread "Timer-115845" [_thread_blocked, id=1605288, stack(0x0000010e76b00000,0x0000010e76c00000)]
  0x000002eef7435800 JavaThread "Timer-115844" [_thread_blocked, id=1605284, stack(0x0000010e76a00000,0x0000010e76b00000)]
  0x000002eef743a000 JavaThread "Timer-115843" [_thread_blocked, id=1605276, stack(0x0000010e76900000,0x0000010e76a00000)]
  0x000002eef7432800 JavaThread "Timer-115842" [_thread_blocked, id=1605272, stack(0x0000010e76800000,0x0000010e76900000)]
  0x000002eef7437000 JavaThread "Timer-115841" [_thread_blocked, id=1605268, stack(0x0000010e76700000,0x0000010e76800000)]
  0x000002eef7432000 JavaThread "Timer-115840" [_thread_blocked, id=1605264, stack(0x0000010e76600000,0x0000010e76700000)]
  0x000002eef742a800 JavaThread "Timer-115839" [_thread_blocked, id=1605256, stack(0x0000010e76500000,0x0000010e76600000)]
  0x000002eef7431000 JavaThread "Timer-115838" [_thread_blocked, id=1605248, stack(0x0000010e76400000,0x0000010e76500000)]
  0x000002eef7430800 JavaThread "Timer-115837" [_thread_blocked, id=1605244, stack(0x0000010e76300000,0x0000010e76400000)]
  0x000002eef742f800 JavaThread "Timer-115836" [_thread_blocked, id=1605240, stack(0x0000010e76200000,0x0000010e76300000)]
  0x000002eef742c800 JavaThread "Timer-115835" [_thread_blocked, id=1605236, stack(0x0000010e76100000,0x0000010e76200000)]
  0x000002eef7428000 JavaThread "Timer-115834" [_thread_blocked, id=1605232, stack(0x0000010e76000000,0x0000010e76100000)]
  0x000002eef742b000 JavaThread "Timer-115833" [_thread_blocked, id=1605228, stack(0x0000010e75f00000,0x0000010e76000000)]
  0x000002eef742e000 JavaThread "Timer-115832" [_thread_blocked, id=1605224, stack(0x0000010e75e00000,0x0000010e75f00000)]
  0x000002eef742c000 JavaThread "Timer-115831" [_thread_blocked, id=1605220, stack(0x0000010e75d00000,0x0000010e75e00000)]
  0x000002eef7429000 JavaThread "Timer-115830" [_thread_blocked, id=1605216, stack(0x0000010e75c00000,0x0000010e75d00000)]
  0x000002eef7429800 JavaThread "Timer-115829" [_thread_blocked, id=1605212, stack(0x0000010e75b00000,0x0000010e75c00000)]
  0x000002eef742d800 JavaThread "Timer-115828" [_thread_blocked, id=1605208, stack(0x0000010e75a00000,0x0000010e75b00000)]
  0x000002eef742f000 JavaThread "Timer-115827" [_thread_blocked, id=1605204, stack(0x0000010e75900000,0x0000010e75a00000)]
  0x000002eef7420800 JavaThread "Timer-115826" [_thread_blocked, id=1605200, stack(0x0000010e75800000,0x0000010e75900000)]
  0x000002eef7427800 JavaThread "Timer-115825" [_thread_blocked, id=1605196, stack(0x0000010e75700000,0x0000010e75800000)]
  0x000002eef7426800 JavaThread "Timer-115824" [_thread_blocked, id=1605192, stack(0x0000010e75600000,0x0000010e75700000)]
  0x000002eef7426000 JavaThread "Timer-115823" [_thread_blocked, id=1605188, stack(0x0000010e75500000,0x0000010e75600000)]
  0x000002eef6b58000 JavaThread "Timer-115822" [_thread_blocked, id=1605184, stack(0x0000010e75400000,0x0000010e75500000)]
  0x000002eef6b57000 JavaThread "Timer-115821" [_thread_blocked, id=1605180, stack(0x0000010e75300000,0x0000010e75400000)]
  0x000002eef6b52800 JavaThread "Timer-115820" [_thread_blocked, id=1605176, stack(0x0000010e75200000,0x0000010e75300000)]
  0x000002eef6d8b800 JavaThread "Timer-115819" [_thread_blocked, id=1605172, stack(0x0000010e75100000,0x0000010e75200000)]
  0x000002eef6d92800 JavaThread "Timer-115818" [_thread_blocked, id=1605160, stack(0x0000010e75000000,0x0000010e75100000)]
  0x000002eef6d8e000 JavaThread "Timer-115817" [_thread_blocked, id=1605156, stack(0x0000010e74f00000,0x0000010e75000000)]
  0x000002eef6d91000 JavaThread "Timer-115816" [_thread_blocked, id=1605152, stack(0x0000010e74e00000,0x0000010e74f00000)]
  0x000002eef6d8f800 JavaThread "Timer-115815" [_thread_blocked, id=1605148, stack(0x0000010e74d00000,0x0000010e74e00000)]
  0x000002eef6d90000 JavaThread "Timer-115814" [_thread_blocked, id=1605144, stack(0x0000010e74c00000,0x0000010e74d00000)]
  0x000002eef6d8e800 JavaThread "Timer-115813" [_thread_blocked, id=1605136, stack(0x0000010e74b00000,0x0000010e74c00000)]
  0x000002eef6d91800 JavaThread "Timer-115812" [_thread_blocked, id=1605132, stack(0x0000010e74a00000,0x0000010e74b00000)]
  0x000002eef72dd800 JavaThread "Timer-115811" [_thread_blocked, id=1605128, stack(0x0000010e74900000,0x0000010e74a00000)]
  0x000002eef72d6000 JavaThread "Timer-115810" [_thread_blocked, id=1605124, stack(0x0000010e74800000,0x0000010e74900000)]
  0x000002eef7425000 JavaThread "Timer-115809" [_thread_blocked, id=1605120, stack(0x0000010e74700000,0x0000010e74800000)]
  0x000002eef72dd000 JavaThread "Timer-115808" [_thread_blocked, id=1605116, stack(0x0000010e74600000,0x0000010e74700000)]
  0x000002eef72db800 JavaThread "Timer-115807" [_thread_blocked, id=1605112, stack(0x0000010e74500000,0x0000010e74600000)]
  0x000002eef7421800 JavaThread "Timer-115806" [_thread_blocked, id=1605108, stack(0x0000010e74400000,0x0000010e74500000)]
  0x000002eef7423800 JavaThread "Timer-115805" [_thread_blocked, id=1605104, stack(0x0000010e74300000,0x0000010e74400000)]
  0x000002eef7423000 JavaThread "Timer-115804" [_thread_blocked, id=1605100, stack(0x0000010e74200000,0x0000010e74300000)]
  0x000002eef7422000 JavaThread "Timer-115803" [_thread_blocked, id=1605096, stack(0x0000010e74100000,0x0000010e74200000)]
  0x000002eef7424800 JavaThread "Timer-115802" [_thread_blocked, id=1605092, stack(0x0000010e74000000,0x0000010e74100000)]
  0x000002eef7419000 JavaThread "Timer-115801" [_thread_blocked, id=1605088, stack(0x0000010e73f00000,0x0000010e74000000)]
  0x000002eef7420000 JavaThread "Timer-115800" [_thread_blocked, id=1605084, stack(0x0000010e73e00000,0x0000010e73f00000)]
  0x000002eef741f000 JavaThread "Timer-115799" [_thread_blocked, id=1605080, stack(0x0000010e73d00000,0x0000010e73e00000)]
  0x000002eef741e800 JavaThread "Timer-115798" [_thread_blocked, id=1605076, stack(0x0000010e73c00000,0x0000010e73d00000)]
  0x000002eef741d800 JavaThread "Timer-115797" [_thread_blocked, id=1605072, stack(0x0000010e73b00000,0x0000010e73c00000)]
  0x000002eef7418800 JavaThread "Timer-115796" [_thread_blocked, id=1605068, stack(0x0000010e73a00000,0x0000010e73b00000)]
  0x000002eef741d000 JavaThread "Timer-115795" [_thread_blocked, id=1605064, stack(0x0000010e73900000,0x0000010e73a00000)]
  0x000002eef741c000 JavaThread "Timer-115794" [_thread_blocked, id=1605060, stack(0x0000010e73800000,0x0000010e73900000)]
  0x000002eef741a800 JavaThread "Timer-115793" [_thread_blocked, id=1605056, stack(0x0000010e73700000,0x0000010e73800000)]
  0x000002eef741a000 JavaThread "Timer-115792" [_thread_blocked, id=1605052, stack(0x0000010e73600000,0x0000010e73700000)]
  0x000002eef741b800 JavaThread "Timer-115791" [_thread_blocked, id=1605048, stack(0x0000010e73500000,0x0000010e73600000)]
  0x000002eef5fa2800 JavaThread "Timer-115790" [_thread_blocked, id=1605044, stack(0x0000010e73400000,0x0000010e73500000)]
  0x000002eef5fa9000 JavaThread "Timer-115789" [_thread_blocked, id=1605040, stack(0x0000010e73300000,0x0000010e73400000)]
  0x000002eef5fa8800 JavaThread "Timer-115788" [_thread_blocked, id=1605036, stack(0x0000010e73200000,0x0000010e73300000)]
  0x000002eef739e800 JavaThread "Timer-115787" [_thread_blocked, id=1605024, stack(0x0000010e73100000,0x0000010e73200000)]
  0x000002eef739e000 JavaThread "Timer-115786" [_thread_blocked, id=1605020, stack(0x0000010e73000000,0x0000010e73100000)]
  0x000002eef739d000 JavaThread "Timer-115785" [_thread_blocked, id=1605016, stack(0x0000010e72f00000,0x0000010e73000000)]
  0x000002eef7397000 JavaThread "Timer-115784" [_thread_blocked, id=1605012, stack(0x0000010e72e00000,0x0000010e72f00000)]
  0x000002eef739c800 JavaThread "Timer-115783" [_thread_blocked, id=1605008, stack(0x0000010e72d00000,0x0000010e72e00000)]
  0x000002eef7395000 JavaThread "Timer-115782" [_thread_blocked, id=1605004, stack(0x0000010e72c00000,0x0000010e72d00000)]
  0x000002eef7396800 JavaThread "Timer-115781" [_thread_blocked, id=1605000, stack(0x0000010e72b00000,0x0000010e72c00000)]
  0x000002eef7398800 JavaThread "Timer-115780" [_thread_blocked, id=1604996, stack(0x0000010e72a00000,0x0000010e72b00000)]
  0x000002eef739b800 JavaThread "Timer-115779" [_thread_blocked, id=1604992, stack(0x0000010e72900000,0x0000010e72a00000)]
  0x000002eef7399800 JavaThread "Timer-115778" [_thread_blocked, id=1604980, stack(0x0000010e72800000,0x0000010e72900000)]
  0x000002eef7395800 JavaThread "Timer-115777" [_thread_blocked, id=1604976, stack(0x0000010e72700000,0x0000010e72800000)]
  0x000002eef739b000 JavaThread "Timer-115776" [_thread_blocked, id=1604972, stack(0x0000010e72600000,0x0000010e72700000)]
  0x000002eef739a000 JavaThread "Timer-115775" [_thread_blocked, id=1604968, stack(0x0000010e72500000,0x0000010e72600000)]
  0x000002eef6e73000 JavaThread "Timer-115774" [_thread_blocked, id=1604964, stack(0x0000010e72400000,0x0000010e72500000)]
  0x000002eef6e77000 JavaThread "Timer-115773" [_thread_blocked, id=1604960, stack(0x0000010e72300000,0x0000010e72400000)]
  0x000002eef6e75800 JavaThread "Timer-115772" [_thread_blocked, id=1604956, stack(0x0000010e72200000,0x0000010e72300000)]
  0x000002eef6e76000 JavaThread "Timer-115771" [_thread_blocked, id=1604952, stack(0x0000010e72100000,0x0000010e72200000)]
  0x000002eef6e74000 JavaThread "Timer-115770" [_thread_blocked, id=1604948, stack(0x0000010e72000000,0x0000010e72100000)]
  0x000002eef6d8a000 JavaThread "Timer-115769" [_thread_blocked, id=1604944, stack(0x0000010e71f00000,0x0000010e72000000)]
  0x000002eef6d8b000 JavaThread "Timer-115768" [_thread_blocked, id=1604940, stack(0x0000010e71e00000,0x0000010e71f00000)]
  0x000002eef6d89800 JavaThread "Timer-115767" [_thread_blocked, id=1604936, stack(0x0000010e71d00000,0x0000010e71e00000)]
  0x000002eef6d88800 JavaThread "Timer-115766" [_thread_blocked, id=1604928, stack(0x0000010e71c00000,0x0000010e71d00000)]
  0x000002eef6d87000 JavaThread "Timer-115765" [_thread_blocked, id=1604924, stack(0x0000010e71b00000,0x0000010e71c00000)]
  0x000002eef6d85800 JavaThread "Timer-115764" [_thread_blocked, id=1604920, stack(0x0000010e71a00000,0x0000010e71b00000)]
  0x000002eef6d85000 JavaThread "Timer-115763" [_thread_blocked, id=1604916, stack(0x0000010e71900000,0x0000010e71a00000)]
  0x000002eef71cd800 JavaThread "Timer-115762" [_thread_blocked, id=1604908, stack(0x0000010e71800000,0x0000010e71900000)]
  0x000002eef72da800 JavaThread "Timer-115761" [_thread_blocked, id=1604904, stack(0x0000010e71700000,0x0000010e71800000)]
  0x000002eef72dc000 JavaThread "Timer-115760" [_thread_blocked, id=1604900, stack(0x0000010e71600000,0x0000010e71700000)]
  0x000002eef72d5800 JavaThread "Timer-115759" [_thread_blocked, id=1604896, stack(0x0000010e71500000,0x0000010e71600000)]
  0x000002eef6022800 JavaThread "Timer-115758" [_thread_blocked, id=1604892, stack(0x0000010e71400000,0x0000010e71500000)]
  0x000002eef6022000 JavaThread "Timer-115757" [_thread_blocked, id=1604888, stack(0x0000010e71300000,0x0000010e71400000)]
  0x000002eef6e74800 JavaThread "Timer-115756" [_thread_blocked, id=1604884, stack(0x0000010e71200000,0x0000010e71300000)]
  0x000002eef6e6b800 JavaThread "Timer-115755" [_thread_blocked, id=1604880, stack(0x0000010e71100000,0x0000010e71200000)]
  0x000002eef6e72000 JavaThread "Timer-115754" [_thread_blocked, id=1604876, stack(0x0000010e71000000,0x0000010e71100000)]
  0x000002eef6e71800 JavaThread "Timer-115753" [_thread_blocked, id=1604872, stack(0x0000010e70f00000,0x0000010e71000000)]
  0x000002eef6e70800 JavaThread "Timer-115752" [_thread_blocked, id=1604868, stack(0x0000010e70e00000,0x0000010e70f00000)]
  0x000002eef6e70000 JavaThread "Timer-115751" [_thread_blocked, id=1604864, stack(0x0000010e70d00000,0x0000010e70e00000)]
  0x000002eef6e6a000 JavaThread "Timer-115750" [_thread_blocked, id=1604860, stack(0x0000010e70c00000,0x0000010e70d00000)]
  0x000002eef6e6f000 JavaThread "Timer-115749" [_thread_blocked, id=1604856, stack(0x0000010e70b00000,0x0000010e70c00000)]
  0x000002eef6e6e800 JavaThread "Timer-115748" [_thread_blocked, id=1604852, stack(0x0000010e70a00000,0x0000010e70b00000)]
  0x000002eef6e69000 JavaThread "Timer-115747" [_thread_blocked, id=1604844, stack(0x0000010e70900000,0x0000010e70a00000)]
  0x000002eef6e6d000 JavaThread "Timer-115746" [_thread_blocked, id=1604840, stack(0x0000010e70800000,0x0000010e70900000)]
  0x000002eef6e6c000 JavaThread "Timer-115745" [_thread_blocked, id=1604836, stack(0x0000010e70700000,0x0000010e70800000)]
  0x000002eef6e68800 JavaThread "Timer-115744" [_thread_blocked, id=1604832, stack(0x0000010e70600000,0x0000010e70700000)]
  0x000002eef6e6a800 JavaThread "Timer-115743" [_thread_blocked, id=1604828, stack(0x0000010e70500000,0x0000010e70600000)]
  0x000002eef6e6d800 JavaThread "Timer-115742" [_thread_blocked, id=1604824, stack(0x0000010e70400000,0x0000010e70500000)]
  0x000002eef6e61000 JavaThread "Timer-115741" [_thread_blocked, id=1604820, stack(0x0000010e70300000,0x0000010e70400000)]
  0x000002eef6e67000 JavaThread "Timer-115740" [_thread_blocked, id=1604816, stack(0x0000010e70200000,0x0000010e70300000)]
  0x000002eef6e66000 JavaThread "Timer-115739" [_thread_blocked, id=1604812, stack(0x0000010e70100000,0x0000010e70200000)]
  0x000002eef6e64800 JavaThread "Timer-115738" [_thread_blocked, id=1604808, stack(0x0000010e70000000,0x0000010e70100000)]
  0x000002eef6e65800 JavaThread "Timer-115737" [_thread_blocked, id=1604804, stack(0x0000010e6ff00000,0x0000010e70000000)]
  0x000002eef6e64000 JavaThread "Timer-115736" [_thread_blocked, id=1604800, stack(0x0000010e6fe00000,0x0000010e6ff00000)]
  0x000002eef6e62800 JavaThread "Timer-115735" [_thread_blocked, id=1604796, stack(0x0000010e6fd00000,0x0000010e6fe00000)]
  0x000002eef6e63000 JavaThread "Timer-115734" [_thread_blocked, id=1604792, stack(0x0000010e6fc00000,0x0000010e6fd00000)]
  0x000002eef6e61800 JavaThread "Timer-115733" [_thread_blocked, id=1604788, stack(0x0000010e6fb00000,0x0000010e6fc00000)]
  0x000002eef6e67800 JavaThread "Timer-115732" [_thread_blocked, id=1604784, stack(0x0000010e6fa00000,0x0000010e6fb00000)]
  0x000002eef6e60000 JavaThread "Timer-115731" [_thread_blocked, id=1604780, stack(0x0000010e6f900000,0x0000010e6fa00000)]
  0x000002eef6e58800 JavaThread "Timer-115730" [_thread_blocked, id=1604772, stack(0x0000010e6f800000,0x0000010e6f900000)]
  0x000002eef6e5f800 JavaThread "Timer-115729" [_thread_blocked, id=1604768, stack(0x0000010e6f700000,0x0000010e6f800000)]
  0x000002eef6e58000 JavaThread "Timer-115728" [_thread_blocked, id=1604764, stack(0x0000010e6f600000,0x0000010e6f700000)]
  0x000002eef6e5e800 JavaThread "Timer-115727" [_thread_blocked, id=1604760, stack(0x0000010e6f500000,0x0000010e6f600000)]
  0x000002eef6e59800 JavaThread "Timer-115726" [_thread_blocked, id=1604756, stack(0x0000010e6f400000,0x0000010e6f500000)]
  0x000002eef6e5e000 JavaThread "Timer-115725" [_thread_blocked, id=1604752, stack(0x0000010e6f300000,0x0000010e6f400000)]
  0x000002eef6e5d000 JavaThread "Timer-115724" [_thread_blocked, id=1604748, stack(0x0000010e6f200000,0x0000010e6f300000)]
  0x000002eef6e5c800 JavaThread "Timer-115723" [_thread_blocked, id=1604744, stack(0x0000010e6f100000,0x0000010e6f200000)]
  0x000002eef6e5b800 JavaThread "Timer-115722" [_thread_blocked, id=1604736, stack(0x0000010e6f000000,0x0000010e6f100000)]
  0x000002eef6e5b000 JavaThread "Timer-115721" [_thread_blocked, id=1604732, stack(0x0000010e6ef00000,0x0000010e6f000000)]
  0x000002eef6e5a000 JavaThread "Timer-115720" [_thread_blocked, id=1604728, stack(0x0000010e6ee00000,0x0000010e6ef00000)]
  0x000002eef6e57000 JavaThread "Timer-115719" [_thread_blocked, id=1604724, stack(0x0000010e6ed00000,0x0000010e6ee00000)]
  0x000002eef6e4f800 JavaThread "Timer-115718" [_thread_blocked, id=1604720, stack(0x0000010e6ec00000,0x0000010e6ed00000)]
  0x000002eef6e56800 JavaThread "Timer-115717" [_thread_blocked, id=1604716, stack(0x0000010e6eb00000,0x0000010e6ec00000)]
  0x000002eef6e55800 JavaThread "Timer-115716" [_thread_blocked, id=1604708, stack(0x0000010e6ea00000,0x0000010e6eb00000)]
  0x000002eef6e50800 JavaThread "Timer-115715" [_thread_blocked, id=1604700, stack(0x0000010e6e900000,0x0000010e6ea00000)]
  0x000002eef6e55000 JavaThread "Timer-115714" [_thread_blocked, id=1604696, stack(0x0000010e6e800000,0x0000010e6e900000)]
  0x000002eef6026800 JavaThread "Timer-115713" [_thread_blocked, id=1604692, stack(0x0000010e6e700000,0x0000010e6e800000)]
  0x000002eef6027000 JavaThread "Timer-115712" [_thread_blocked, id=1604688, stack(0x0000010e6e600000,0x0000010e6e700000)]
  0x000002eef71d3800 JavaThread "Timer-115711" [_thread_blocked, id=1604684, stack(0x0000010e6e500000,0x0000010e6e600000)]
  0x000002eef71d2000 JavaThread "Timer-115710" [_thread_blocked, id=1604680, stack(0x0000010e6e400000,0x0000010e6e500000)]
  0x000002eef71d0000 JavaThread "Timer-115709" [_thread_blocked, id=1604676, stack(0x0000010e6e300000,0x0000010e6e400000)]
  0x000002eef71d3000 JavaThread "Timer-115708" [_thread_blocked, id=1604672, stack(0x0000010e6e200000,0x0000010e6e300000)]
  0x000002eef71d1800 JavaThread "Timer-115707" [_thread_blocked, id=1604668, stack(0x0000010e6e100000,0x0000010e6e200000)]
  0x000002eef71cd000 JavaThread "Timer-115706" [_thread_blocked, id=1604664, stack(0x0000010e6e000000,0x0000010e6e100000)]
  0x000002eef71d0800 JavaThread "Timer-115705" [_thread_blocked, id=1604660, stack(0x0000010e6df00000,0x0000010e6e000000)]
  0x000002eef71c5800 JavaThread "Timer-115704" [_thread_blocked, id=1604656, stack(0x0000010e6de00000,0x0000010e6df00000)]
  0x000002eef71cc000 JavaThread "Timer-115703" [_thread_blocked, id=1604652, stack(0x0000010e6db00000,0x0000010e6dc00000)]
  0x000002eef71c4800 JavaThread "Timer-115702" [_thread_blocked, id=1604648, stack(0x0000010e6da00000,0x0000010e6db00000)]
  0x000002eef71cb800 JavaThread "Timer-115701" [_thread_blocked, id=1604644, stack(0x0000010e6d900000,0x0000010e6da00000)]
  0x000002eef71ca800 JavaThread "Timer-115700" [_thread_blocked, id=1604640, stack(0x0000010e6d800000,0x0000010e6d900000)]
  0x000002eef71c6000 JavaThread "Timer-115699" [_thread_blocked, id=1604636, stack(0x0000010e6d700000,0x0000010e6d800000)]
  0x000002eef71ca000 JavaThread "Timer-115698" [_thread_blocked, id=1604632, stack(0x0000010e6d600000,0x0000010e6d700000)]
  0x000002eef71c9000 JavaThread "Timer-115697" [_thread_blocked, id=1604628, stack(0x0000010e6d500000,0x0000010e6d600000)]
  0x000002eef71c8800 JavaThread "Timer-115696" [_thread_blocked, id=1604624, stack(0x0000010e6d400000,0x0000010e6d500000)]
  0x000002eef71c3000 JavaThread "Timer-115695" [_thread_blocked, id=1604620, stack(0x0000010e6d300000,0x0000010e6d400000)]
  0x000002eef71c1800 JavaThread "Timer-115694" [_thread_blocked, id=1604616, stack(0x0000010e6d200000,0x0000010e6d300000)]
  0x000002eef71c7800 JavaThread "Timer-115693" [_thread_blocked, id=1604612, stack(0x0000010e6d100000,0x0000010e6d200000)]
  0x000002eef71c2800 JavaThread "Timer-115692" [_thread_blocked, id=1578404, stack(0x0000010e6d000000,0x0000010e6d100000)]
  0x000002eef71c0000 JavaThread "Timer-115691" [_thread_blocked, id=1250032, stack(0x0000010e6cf00000,0x0000010e6d000000)]
  0x000002eef71c4000 JavaThread "Timer-115690" [_thread_blocked, id=1604276, stack(0x0000010e6ce00000,0x0000010e6cf00000)]
  0x000002eef71c1000 JavaThread "Timer-115689" [_thread_blocked, id=1604272, stack(0x0000010e6cd00000,0x0000010e6ce00000)]
  0x000002eef71c7000 JavaThread "Timer-115688" [_thread_blocked, id=1584984, stack(0x0000010e6cc00000,0x0000010e6cd00000)]
  0x000002eef71b8800 JavaThread "Timer-115687" [_thread_blocked, id=1508520, stack(0x0000010e6cb00000,0x0000010e6cc00000)]
  0x000002eef71bb000 JavaThread "Timer-115686" [_thread_blocked, id=1487908, stack(0x0000010e6ca00000,0x0000010e6cb00000)]
  0x000002eef71be800 JavaThread "Timer-115685" [_thread_blocked, id=1604604, stack(0x0000010e6c900000,0x0000010e6ca00000)]
  0x000002eef71bc800 JavaThread "Timer-115684" [_thread_blocked, id=1604600, stack(0x0000010e6c800000,0x0000010e6c900000)]
  0x000002eef71bf800 JavaThread "Timer-115683" [_thread_blocked, id=1604596, stack(0x0000010e6c700000,0x0000010e6c800000)]
  0x000002eef71be000 JavaThread "Timer-115682" [_thread_blocked, id=1604592, stack(0x0000010e6c600000,0x0000010e6c700000)]
  0x000002eef71ba000 JavaThread "Timer-115681" [_thread_blocked, id=1604588, stack(0x0000010e6c500000,0x0000010e6c600000)]
  0x000002eef71b9800 JavaThread "Timer-115680" [_thread_blocked, id=1604584, stack(0x0000010e6c400000,0x0000010e6c500000)]
  0x000002eef71bd000 JavaThread "Timer-115679" [_thread_blocked, id=1604580, stack(0x0000010e6c300000,0x0000010e6c400000)]
  0x000002eef71b8000 JavaThread "Timer-115678" [_thread_blocked, id=1604576, stack(0x0000010e6c200000,0x0000010e6c300000)]
  0x000002eef71bb800 JavaThread "Timer-115677" [_thread_blocked, id=1604572, stack(0x0000010e6c100000,0x0000010e6c200000)]
  0x000002eef6d1c800 JavaThread "Timer-115676" [_thread_blocked, id=1604568, stack(0x0000010e6c000000,0x0000010e6c100000)]
  0x000002eef6d86800 JavaThread "Timer-115675" [_thread_blocked, id=1604564, stack(0x0000010e6bf00000,0x0000010e6c000000)]
  0x000002eef5fa7800 JavaThread "Timer-115674" [_thread_blocked, id=1604560, stack(0x0000010e6be00000,0x0000010e6bf00000)]
  0x000002eef5fa6000 JavaThread "Timer-115673" [_thread_blocked, id=1604556, stack(0x0000010e6bd00000,0x0000010e6be00000)]
  0x000002eef5fa7000 JavaThread "Timer-115672" [_thread_blocked, id=1604552, stack(0x0000010e6bc00000,0x0000010e6bd00000)]
  0x000002eef5fa4000 JavaThread "Timer-115671" [_thread_blocked, id=1604548, stack(0x0000010e6bb00000,0x0000010e6bc00000)]
  0x000002eef1b37800 JavaThread "Timer-115670" [_thread_blocked, id=1604544, stack(0x0000010e6ba00000,0x0000010e6bb00000)]
  0x000002eef1b37000 JavaThread "Timer-115669" [_thread_blocked, id=1604540, stack(0x0000010e6b900000,0x0000010e6ba00000)]
  0x000002eef1b34800 JavaThread "Timer-115668" [_thread_blocked, id=1604536, stack(0x0000010e6b800000,0x0000010e6b900000)]
  0x000002eef1b35800 JavaThread "Timer-115667" [_thread_blocked, id=1604532, stack(0x0000010e6b700000,0x0000010e6b800000)]
  0x000002eef1b36000 JavaThread "Timer-115666" [_thread_blocked, id=1604528, stack(0x0000010e6b600000,0x0000010e6b700000)]
  0x000002eef1b38800 JavaThread "Timer-115665" [_thread_blocked, id=1604524, stack(0x0000010e6b500000,0x0000010e6b600000)]
  0x000002eef1b33800 JavaThread "Timer-115664" [_thread_blocked, id=1604520, stack(0x0000010e6b400000,0x0000010e6b500000)]
  0x000002eef1b31800 JavaThread "Timer-115663" [_thread_blocked, id=1604516, stack(0x0000010e6b300000,0x0000010e6b400000)]
  0x000002eef1b33000 JavaThread "Timer-115662" [_thread_blocked, id=1604512, stack(0x0000010e6b200000,0x0000010e6b300000)]
  0x000002eef1b2a000 JavaThread "Timer-115661" [_thread_blocked, id=1604508, stack(0x0000010e6b100000,0x0000010e6b200000)]
  0x000002eef1b30800 JavaThread "Timer-115660" [_thread_blocked, id=1604504, stack(0x0000010e6b000000,0x0000010e6b100000)]
  0x000002eef1b2b800 JavaThread "Timer-115659" [_thread_blocked, id=1604500, stack(0x0000010e6af00000,0x0000010e6b000000)]
  0x000002eef1b2a800 JavaThread "Timer-115658" [_thread_blocked, id=1604496, stack(0x0000010e6ae00000,0x0000010e6af00000)]
  0x000002eef1b29000 JavaThread "Timer-115657" [_thread_blocked, id=1604492, stack(0x0000010e6ad00000,0x0000010e6ae00000)]
  0x000002eef1b30000 JavaThread "Timer-115656" [_thread_blocked, id=1604488, stack(0x0000010e6ac00000,0x0000010e6ad00000)]
  0x000002eef1b2d000 JavaThread "Timer-115655" [_thread_blocked, id=1604484, stack(0x0000010e6ab00000,0x0000010e6ac00000)]
  0x000002eef1b2f000 JavaThread "Timer-115654" [_thread_blocked, id=1604480, stack(0x0000010e6aa00000,0x0000010e6ab00000)]
  0x000002eef1b2e800 JavaThread "Timer-115653" [_thread_blocked, id=1604476, stack(0x0000010e6a900000,0x0000010e6aa00000)]
  0x000002eef6e53800 JavaThread "Timer-115652" [_thread_blocked, id=1604472, stack(0x0000010e6a800000,0x0000010e6a900000)]
  0x000002eef6e52800 JavaThread "Timer-115651" [_thread_blocked, id=1604468, stack(0x0000010e6a700000,0x0000010e6a800000)]
  0x000002eef6e54000 JavaThread "Timer-115650" [_thread_blocked, id=1604464, stack(0x0000010e6a600000,0x0000010e6a700000)]
  0x000002eef6e52000 JavaThread "Timer-115649" [_thread_blocked, id=1604460, stack(0x0000010e6a500000,0x0000010e6a600000)]
  0x000002eef6e51000 JavaThread "Timer-115648" [_thread_blocked, id=1604456, stack(0x0000010e6a400000,0x0000010e6a500000)]
  0x000002eef6e48000 JavaThread "Timer-115647" [_thread_blocked, id=1604452, stack(0x0000010e6a300000,0x0000010e6a400000)]
  0x000002eef6e49000 JavaThread "Timer-115646" [_thread_blocked, id=1604448, stack(0x0000010e6a200000,0x0000010e6a300000)]
  0x000002eef6e4f000 JavaThread "Timer-115645" [_thread_blocked, id=1604444, stack(0x0000010e6a100000,0x0000010e6a200000)]
  0x000002eef6e4e000 JavaThread "Timer-115644" [_thread_blocked, id=1604440, stack(0x0000010e6a000000,0x0000010e6a100000)]
  0x000002eef6e4c000 JavaThread "Timer-115643" [_thread_blocked, id=1604436, stack(0x0000010e69f00000,0x0000010e6a000000)]
  0x000002eef6e4a800 JavaThread "Timer-115642" [_thread_blocked, id=1604432, stack(0x0000010e69e00000,0x0000010e69f00000)]
  0x000002eef6b56000 JavaThread "Timer-115641" [_thread_blocked, id=1604428, stack(0x0000010e69d00000,0x0000010e69e00000)]
  0x000002eef6b59800 JavaThread "Timer-115640" [_thread_blocked, id=1604424, stack(0x0000010e69c00000,0x0000010e69d00000)]
  0x000002eef6b51800 JavaThread "Timer-115639" [_thread_blocked, id=1604420, stack(0x0000010e69b00000,0x0000010e69c00000)]
  0x000002eef6b4a000 JavaThread "Timer-115638" [_thread_blocked, id=1604416, stack(0x0000010e69a00000,0x0000010e69b00000)]
  0x000002eef6b51000 JavaThread "Timer-115637" [_thread_blocked, id=1604412, stack(0x0000010e69900000,0x0000010e69a00000)]
  0x000002eef6b49800 JavaThread "Timer-115636" [_thread_blocked, id=1604408, stack(0x0000010e69800000,0x0000010e69900000)]
  0x000002eef6b4b800 JavaThread "Timer-115635" [_thread_blocked, id=1604404, stack(0x0000010e69700000,0x0000010e69800000)]
  0x000002eef6b50000 JavaThread "Timer-115634" [_thread_blocked, id=1604400, stack(0x0000010e69600000,0x0000010e69700000)]
  0x000002eef6b4f800 JavaThread "Timer-115633" [_thread_blocked, id=1604396, stack(0x0000010e69500000,0x0000010e69600000)]
  0x000002eef6b4d000 JavaThread "Timer-115632" [_thread_blocked, id=1604392, stack(0x0000010e69400000,0x0000010e69500000)]
  0x000002eef6b4c800 JavaThread "Timer-115631" [_thread_blocked, id=1604388, stack(0x0000010e69300000,0x0000010e69400000)]
  0x000002eef6b4e800 JavaThread "Timer-115630" [_thread_blocked, id=1604384, stack(0x0000010e69200000,0x0000010e69300000)]
  0x000002eef6b48800 JavaThread "Timer-115629" [_thread_blocked, id=1604380, stack(0x0000010e69100000,0x0000010e69200000)]
  0x000002eef6b4b000 JavaThread "Timer-115628" [_thread_blocked, id=1604376, stack(0x0000010e69000000,0x0000010e69100000)]
  0x000002eef6b4e000 JavaThread "Timer-115627" [_thread_blocked, id=1604372, stack(0x0000010e68f00000,0x0000010e69000000)]
  0x000002eef6b41000 JavaThread "Timer-115626" [_thread_blocked, id=1604368, stack(0x0000010e68e00000,0x0000010e68f00000)]
  0x000002eef6b48000 JavaThread "Timer-115625" [_thread_blocked, id=1604364, stack(0x0000010e68d00000,0x0000010e68e00000)]
  0x000002eef6b46800 JavaThread "Timer-115624" [_thread_blocked, id=1604360, stack(0x0000010e68c00000,0x0000010e68d00000)]
  0x000002eef6b44000 JavaThread "Timer-115623" [_thread_blocked, id=1604356, stack(0x0000010e68b00000,0x0000010e68c00000)]
  0x000002eef6b45800 JavaThread "Timer-115622" [_thread_blocked, id=1604352, stack(0x0000010e68a00000,0x0000010e68b00000)]
  0x000002eef6b40800 JavaThread "Timer-115621" [_thread_blocked, id=1604348, stack(0x0000010e68900000,0x0000010e68a00000)]
  0x000002eef6b47000 JavaThread "Timer-115620" [_thread_blocked, id=1604344, stack(0x0000010e68800000,0x0000010e68900000)]
  0x000002eef6b42800 JavaThread "Timer-115619" [_thread_blocked, id=1604340, stack(0x0000010e68700000,0x0000010e68800000)]
  0x000002eef6b43800 JavaThread "Timer-115618" [_thread_blocked, id=1604336, stack(0x0000010e68600000,0x0000010e68700000)]
  0x000002eef6b45000 JavaThread "Timer-115617" [_thread_blocked, id=1604332, stack(0x0000010e68500000,0x0000010e68600000)]
  0x000002eef6b42000 JavaThread "Timer-115616" [_thread_blocked, id=1604328, stack(0x0000010e68400000,0x0000010e68500000)]
  0x000002eef6b39000 JavaThread "Timer-115615" [_thread_blocked, id=1604324, stack(0x0000010e68300000,0x0000010e68400000)]
  0x000002eef6b3e000 JavaThread "Timer-115614" [_thread_blocked, id=1604316, stack(0x0000010e68200000,0x0000010e68300000)]
  0x000002eef6b3d800 JavaThread "Timer-115613" [_thread_blocked, id=1604312, stack(0x0000010e68100000,0x0000010e68200000)]
  0x000002eef6b3f800 JavaThread "Timer-115612" [_thread_blocked, id=1604308, stack(0x0000010e68000000,0x0000010e68100000)]
  0x000002eef6b3c800 JavaThread "Timer-115611" [_thread_blocked, id=1604304, stack(0x0000010e67f00000,0x0000010e68000000)]
  0x000002eef6b38000 JavaThread "Timer-115610" [_thread_blocked, id=1604300, stack(0x0000010e67e00000,0x0000010e67f00000)]
  0x000002eef6b3c000 JavaThread "Timer-115609" [_thread_blocked, id=1604296, stack(0x0000010e67d00000,0x0000010e67e00000)]
  0x000002eef6b3b000 JavaThread "Timer-115608" [_thread_blocked, id=1604292, stack(0x0000010e67c00000,0x0000010e67d00000)]
  0x000002eef6b3a800 JavaThread "Timer-115607" [_thread_blocked, id=1604288, stack(0x0000010e67b00000,0x0000010e67c00000)]
  0x000002eef6b39800 JavaThread "Timer-115606" [_thread_blocked, id=1604284, stack(0x0000010e67a00000,0x0000010e67b00000)]
  0x000002eef6b3f000 JavaThread "Timer-115605" [_thread_blocked, id=1604280, stack(0x0000010e67900000,0x0000010e67a00000)]
  0x000002eef6e4d800 JavaThread "Timer-115604" [_thread_blocked, id=1604268, stack(0x0000010e67800000,0x0000010e67900000)]
  0x000002eef6e4b000 JavaThread "Timer-115603" [_thread_blocked, id=1604264, stack(0x0000010e67700000,0x0000010e67800000)]
  0x000002eef6e4c800 JavaThread "Timer-115602" [_thread_blocked, id=1604260, stack(0x0000010e67600000,0x0000010e67700000)]
  0x000002eef6d1b800 JavaThread "Timer-115601" [_thread_blocked, id=1604256, stack(0x0000010e67500000,0x0000010e67600000)]
  0x000002eef6d21000 JavaThread "Timer-115600" [_thread_blocked, id=1604252, stack(0x0000010e67400000,0x0000010e67500000)]
  0x000002eef6d22800 JavaThread "Timer-115599" [_thread_blocked, id=1604248, stack(0x0000010e67300000,0x0000010e67400000)]
  0x000002eef6d20000 JavaThread "Timer-115598" [_thread_blocked, id=1604244, stack(0x0000010e67200000,0x0000010e67300000)]
  0x000002eef6d1f800 JavaThread "Timer-115597" [_thread_blocked, id=1604240, stack(0x0000010e67100000,0x0000010e67200000)]
  0x000002eef6d21800 JavaThread "Timer-115596" [_thread_blocked, id=1604236, stack(0x0000010e67000000,0x0000010e67100000)]
  0x000002eef6d1e800 JavaThread "Timer-115595" [_thread_blocked, id=1604232, stack(0x0000010e66f00000,0x0000010e67000000)]
  0x000002eef6d1e000 JavaThread "Timer-115594" [_thread_blocked, id=1604228, stack(0x0000010e66e00000,0x0000010e66f00000)]
  0x000002eef6d16800 JavaThread "Timer-115593" [_thread_blocked, id=1604224, stack(0x0000010e66d00000,0x0000010e66e00000)]
  0x000002eef6d1b000 JavaThread "Timer-115592" [_thread_blocked, id=1604220, stack(0x0000010e66c00000,0x0000010e66d00000)]
  0x000002eef6d1a000 JavaThread "Timer-115591" [_thread_blocked, id=1604216, stack(0x0000010e66b00000,0x0000010e66c00000)]
  0x000002eef6d84000 JavaThread "Timer-115590" [_thread_blocked, id=1604212, stack(0x0000010e66a00000,0x0000010e66b00000)]
  0x000002eef6d83800 JavaThread "Timer-115589" [_thread_blocked, id=1604208, stack(0x0000010e66900000,0x0000010e66a00000)]
  0x000002eef6d88000 JavaThread "Timer-115588" [_thread_blocked, id=1604204, stack(0x0000010e66800000,0x0000010e66900000)]
  0x000002eef6d7b800 JavaThread "Timer-115587" [_thread_blocked, id=1604200, stack(0x0000010e66700000,0x0000010e66800000)]
  0x000002eef6d82800 JavaThread "Timer-115586" [_thread_blocked, id=1604196, stack(0x0000010e66600000,0x0000010e66700000)]
  0x000002eef6d82000 JavaThread "Timer-115585" [_thread_blocked, id=1604192, stack(0x0000010e66500000,0x0000010e66600000)]
  0x000002eef6d7a000 JavaThread "Timer-115584" [_thread_blocked, id=1604188, stack(0x0000010e66400000,0x0000010e66500000)]
  0x000002eef6d81000 JavaThread "Timer-115583" [_thread_blocked, id=1604184, stack(0x0000010e66300000,0x0000010e66400000)]
  0x000002eef6d7b000 JavaThread "Timer-115582" [_thread_blocked, id=1604180, stack(0x0000010e66200000,0x0000010e66300000)]
  0x000002eef6d7f800 JavaThread "Timer-115581" [_thread_blocked, id=1604176, stack(0x0000010e66100000,0x0000010e66200000)]
  0x000002eef6d79800 JavaThread "Timer-115580" [_thread_blocked, id=1604172, stack(0x0000010e66000000,0x0000010e66100000)]
  0x000002eef6d7d000 JavaThread "Timer-115579" [_thread_blocked, id=1604168, stack(0x0000010e65f00000,0x0000010e66000000)]
  0x000002eef6d80800 JavaThread "Timer-115578" [_thread_blocked, id=1604164, stack(0x0000010e65e00000,0x0000010e65f00000)]
  0x000002eef6d78800 JavaThread "Timer-115577" [_thread_blocked, id=1604160, stack(0x0000010e65d00000,0x0000010e65e00000)]
  0x000002eef6d7c800 JavaThread "Timer-115576" [_thread_blocked, id=1604156, stack(0x0000010e65c00000,0x0000010e65d00000)]
  0x000002eef6d7e800 JavaThread "Timer-115575" [_thread_blocked, id=1604152, stack(0x0000010e65b00000,0x0000010e65c00000)]
  0x000002eef6d7e000 JavaThread "Timer-115574" [_thread_blocked, id=1604148, stack(0x0000010e65a00000,0x0000010e65b00000)]
  0x000002eef6d74000 JavaThread "Timer-115573" [_thread_blocked, id=1604144, stack(0x0000010e65900000,0x0000010e65a00000)]
  0x000002eef6d77000 JavaThread "Timer-115572" [_thread_blocked, id=1604140, stack(0x0000010e65800000,0x0000010e65900000)]
  0x000002eef6d78000 JavaThread "Timer-115571" [_thread_blocked, id=1604136, stack(0x0000010e65700000,0x0000010e65800000)]
  0x000002eef6d75000 JavaThread "Timer-115570" [_thread_blocked, id=1604132, stack(0x0000010e65600000,0x0000010e65700000)]
  0x000002eef6d72000 JavaThread "Timer-115569" [_thread_blocked, id=1604128, stack(0x0000010e65500000,0x0000010e65600000)]
  0x000002eef6d75800 JavaThread "Timer-115568" [_thread_blocked, id=1604124, stack(0x0000010e65400000,0x0000010e65500000)]
  0x000002eef5fa4800 JavaThread "Timer-115567" [_thread_blocked, id=1604120, stack(0x0000010e65300000,0x0000010e65400000)]
  0x000002eef5fa3000 JavaThread "Timer-115566" [_thread_blocked, id=1604116, stack(0x0000010e65200000,0x0000010e65300000)]
  0x000002eef5fa5800 JavaThread "Timer-115565" [_thread_blocked, id=1604112, stack(0x0000010e65100000,0x0000010e65200000)]
  0x000002eef5f9b000 JavaThread "Timer-115564" [_thread_blocked, id=1604108, stack(0x0000010e65000000,0x0000010e65100000)]
  0x000002eef5fa1800 JavaThread "Timer-115563" [_thread_blocked, id=1604104, stack(0x0000010e64f00000,0x0000010e65000000)]
  0x000002eef5f9a000 JavaThread "Timer-115562" [_thread_blocked, id=1604100, stack(0x0000010e64e00000,0x0000010e64f00000)]
  0x000002eef5f9b800 JavaThread "Timer-115561" [_thread_blocked, id=1604096, stack(0x0000010e64d00000,0x0000010e64e00000)]
  0x000002eef5f9c800 JavaThread "Timer-115560" [_thread_blocked, id=1604092, stack(0x0000010e64c00000,0x0000010e64d00000)]
  0x000002eef5fa0000 JavaThread "Timer-115559" [_thread_blocked, id=1604088, stack(0x0000010e64b00000,0x0000010e64c00000)]
  0x000002eef5f9d000 JavaThread "Timer-115558" [_thread_blocked, id=1604084, stack(0x0000010e64a00000,0x0000010e64b00000)]
  0x000002eef6d1d000 JavaThread "Timer-115557" [_thread_blocked, id=1604080, stack(0x0000010e64900000,0x0000010e64a00000)]
  0x000002eef6d17000 JavaThread "Timer-115556" [_thread_blocked, id=1604076, stack(0x0000010e64800000,0x0000010e64900000)]
  0x000002eef6d12800 JavaThread "Timer-115555" [_thread_blocked, id=1604072, stack(0x0000010e64700000,0x0000010e64800000)]
  0x000002eef6d18800 JavaThread "Timer-115554" [_thread_blocked, id=1604068, stack(0x0000010e64600000,0x0000010e64700000)]
  0x000002eef6d15800 JavaThread "Timer-115553" [_thread_blocked, id=1604064, stack(0x0000010e64500000,0x0000010e64600000)]
  0x000002eef6d13800 JavaThread "Timer-115552" [_thread_blocked, id=1604060, stack(0x0000010e64400000,0x0000010e64500000)]
  0x000002eef6d14000 JavaThread "Timer-115551" [_thread_blocked, id=1604056, stack(0x0000010e64300000,0x0000010e64400000)]
  0x000002eef6d15000 JavaThread "Timer-115550" [_thread_blocked, id=1604052, stack(0x0000010e64200000,0x0000010e64300000)]
  0x000002eef6d19800 JavaThread "Timer-115549" [_thread_blocked, id=1604048, stack(0x0000010e64100000,0x0000010e64200000)]
  0x000002eef6d18000 JavaThread "Timer-115548" [_thread_blocked, id=1604044, stack(0x0000010e64000000,0x0000010e64100000)]
  0x000002eef6d11000 JavaThread "Timer-115547" [_thread_blocked, id=1604040, stack(0x0000010e63f00000,0x0000010e64000000)]
  0x000002eef5f9f800 JavaThread "Timer-115546" [_thread_blocked, id=1604036, stack(0x0000010e63e00000,0x0000010e63f00000)]
  0x000002eef5f9e000 JavaThread "Timer-115545" [_thread_blocked, id=1604032, stack(0x0000010e63d00000,0x0000010e63e00000)]
  0x000002eef5fa1000 JavaThread "Timer-115544" [_thread_blocked, id=1604028, stack(0x0000010e63c00000,0x0000010e63d00000)]
  0x000002eef5f9e800 JavaThread "Timer-115543" [_thread_blocked, id=1604024, stack(0x0000010e63b00000,0x0000010e63c00000)]
  0x000002eef5f99800 JavaThread "Timer-115542" [_thread_blocked, id=1604020, stack(0x0000010e63a00000,0x0000010e63b00000)]
  0x000002eef6d73800 JavaThread "Timer-115541" [_thread_blocked, id=1604016, stack(0x0000010e63900000,0x0000010e63a00000)]
  0x000002eef6d76800 JavaThread "Timer-115540" [_thread_blocked, id=1604012, stack(0x0000010e63800000,0x0000010e63900000)]
  0x000002eef6d6c000 JavaThread "Timer-115539" [_thread_blocked, id=1604008, stack(0x0000010e63700000,0x0000010e63800000)]
  0x000002eef6d6f800 JavaThread "Timer-115538" [_thread_blocked, id=1604004, stack(0x0000010e63600000,0x0000010e63700000)]
  0x000002eef6d72800 JavaThread "Timer-115537" [_thread_blocked, id=1604000, stack(0x0000010e63500000,0x0000010e63600000)]
  0x000002eef6d6b000 JavaThread "Timer-115536" [_thread_blocked, id=1603996, stack(0x0000010e63400000,0x0000010e63500000)]
  0x000002eef6d6d800 JavaThread "Timer-115535" [_thread_blocked, id=1603992, stack(0x0000010e63300000,0x0000010e63400000)]
  0x000002eef6d71000 JavaThread "Timer-115534" [_thread_blocked, id=1603988, stack(0x0000010e63200000,0x0000010e63300000)]
  0x000002eef6d6e000 JavaThread "Timer-115533" [_thread_blocked, id=1603984, stack(0x0000010e63100000,0x0000010e63200000)]
  0x000002eef6d69800 JavaThread "Timer-115532" [_thread_blocked, id=1603980, stack(0x0000010e63000000,0x0000010e63100000)]
  0x000002eef5f98800 JavaThread "Timer-115531" [_thread_blocked, id=1603976, stack(0x0000010e62f00000,0x0000010e63000000)]
  0x000002eef5f95800 JavaThread "Timer-115530" [_thread_blocked, id=1603972, stack(0x0000010e62e00000,0x0000010e62f00000)]
  0x000002eef5f96800 JavaThread "Timer-115529" [_thread_blocked, id=1603968, stack(0x0000010e62d00000,0x0000010e62e00000)]
  0x000002eef5f95000 JavaThread "Timer-115528" [_thread_blocked, id=1603964, stack(0x0000010e62c00000,0x0000010e62d00000)]
  0x000002eef5f94000 JavaThread "Timer-115527" [_thread_blocked, id=1603960, stack(0x0000010e62b00000,0x0000010e62c00000)]
  0x000002eef5f91000 JavaThread "Timer-115526" [_thread_blocked, id=1603956, stack(0x0000010e62a00000,0x0000010e62b00000)]
  0x000002eef5f93800 JavaThread "Timer-115525" [_thread_blocked, id=1603952, stack(0x0000010e62900000,0x0000010e62a00000)]
  0x000002eef5f97000 JavaThread "Timer-115524" [_thread_blocked, id=1603948, stack(0x0000010e62800000,0x0000010e62900000)]
  0x000002eef5f98000 JavaThread "Timer-115523" [_thread_blocked, id=1603944, stack(0x0000010e62700000,0x0000010e62800000)]
  0x000002eef5f8b800 JavaThread "Timer-115522" [_thread_blocked, id=1603940, stack(0x0000010e62600000,0x0000010e62700000)]
  0x000002eef6d6f000 JavaThread "Timer-115521" [_thread_blocked, id=1603936, stack(0x0000010e62500000,0x0000010e62600000)]
  0x000002eef6d6a800 JavaThread "Timer-115520" [_thread_blocked, id=1603932, stack(0x0000010e62400000,0x0000010e62500000)]
  0x000002eef6d0f000 JavaThread "Timer-115519" [_thread_blocked, id=1603928, stack(0x0000010e62300000,0x0000010e62400000)]
  0x000002eef6d0f800 JavaThread "Timer-115518" [_thread_blocked, id=1603924, stack(0x0000010e62200000,0x0000010e62300000)]
  0x000002eef6d0e000 JavaThread "Timer-115517" [_thread_blocked, id=1603920, stack(0x0000010e62100000,0x0000010e62200000)]
  0x000002eef6d12000 JavaThread "Timer-115516" [_thread_blocked, id=1603916, stack(0x0000010e62000000,0x0000010e62100000)]
  0x000002eef6d10800 JavaThread "Timer-115515" [_thread_blocked, id=1603912, stack(0x0000010e61f00000,0x0000010e62000000)]
  0x000002eef6d06800 JavaThread "Timer-115514" [_thread_blocked, id=1603908, stack(0x0000010e61e00000,0x0000010e61f00000)]
  0x000002eef6d0d800 JavaThread "Timer-115513" [_thread_blocked, id=1603904, stack(0x0000010e61d00000,0x0000010e61e00000)]
  0x000002eef6d05800 JavaThread "Timer-115512" [_thread_blocked, id=1603900, stack(0x0000010e61c00000,0x0000010e61d00000)]
  0x000002eef6d08000 JavaThread "Timer-115511" [_thread_blocked, id=1603896, stack(0x0000010e61b00000,0x0000010e61c00000)]
  0x000002eef6d0c800 JavaThread "Timer-115510" [_thread_blocked, id=1603892, stack(0x0000010e61a00000,0x0000010e61b00000)]
  0x000002eef6d08800 JavaThread "Timer-115509" [_thread_blocked, id=1603888, stack(0x0000010e61900000,0x0000010e61a00000)]
  0x000002eef6e47800 JavaThread "Timer-115508" [_thread_blocked, id=1603884, stack(0x0000010e61800000,0x0000010e61900000)]
  0x000002eef5f92800 JavaThread "Timer-115507" [_thread_blocked, id=1603880, stack(0x0000010e61700000,0x0000010e61800000)]
  0x000002eef5f8f000 JavaThread "Timer-115506" [_thread_blocked, id=1603876, stack(0x0000010e61600000,0x0000010e61700000)]
  0x000002eef6e49800 JavaThread "Timer-115505" [_thread_blocked, id=1603872, stack(0x0000010e61500000,0x0000010e61600000)]
  0x000002eef6e81800 JavaThread "Timer-115504" [_thread_blocked, id=1603868, stack(0x0000010e61400000,0x0000010e61500000)]
  0x000002eef6e80800 JavaThread "Timer-115503" [_thread_blocked, id=1603864, stack(0x0000010e61300000,0x0000010e61400000)]
  0x000002eef6e87800 JavaThread "Timer-115502" [_thread_blocked, id=1603860, stack(0x0000010e61200000,0x0000010e61300000)]
  0x000002eef6e80000 JavaThread "Timer-115501" [_thread_blocked, id=1603856, stack(0x0000010e61100000,0x0000010e61200000)]
  0x000002eef6e86800 JavaThread "Timer-115500" [_thread_blocked, id=1603852, stack(0x0000010e61000000,0x0000010e61100000)]
  0x000002eef6b30800 JavaThread "Timer-115499" [_thread_blocked, id=1603848, stack(0x0000010e60f00000,0x0000010e61000000)]
  0x000002eef6b37800 JavaThread "Timer-115498" [_thread_blocked, id=1603844, stack(0x0000010e60e00000,0x0000010e60f00000)]
  0x000002eef6d6c800 JavaThread "Timer-115497" [_thread_blocked, id=1603840, stack(0x0000010e60d00000,0x0000010e60e00000)]
  0x000002eef6d09800 JavaThread "Timer-115496" [_thread_blocked, id=1603836, stack(0x0000010e60c00000,0x0000010e60d00000)]
  0x000002eef6d0b800 JavaThread "Timer-115495" [_thread_blocked, id=1603832, stack(0x0000010e60b00000,0x0000010e60c00000)]
  0x000002eef6d0b000 JavaThread "Timer-115494" [_thread_blocked, id=1603828, stack(0x0000010e60a00000,0x0000010e60b00000)]
  0x000002eef6d05000 JavaThread "Timer-115493" [_thread_blocked, id=1603824, stack(0x0000010e60900000,0x0000010e60a00000)]
  0x000002eef6d07000 JavaThread "Timer-115492" [_thread_blocked, id=1603820, stack(0x0000010e60800000,0x0000010e60900000)]
  0x000002eef6d03800 JavaThread "Timer-115491" [_thread_blocked, id=1603816, stack(0x0000010e60700000,0x0000010e60800000)]
  0x000002eef6d0a000 JavaThread "Timer-115490" [_thread_blocked, id=1603812, stack(0x0000010e60600000,0x0000010e60700000)]
  0x000002eef6d04000 JavaThread "Timer-115489" [_thread_blocked, id=1603808, stack(0x0000010e60500000,0x0000010e60600000)]
  0x000002eef6cfd800 JavaThread "Timer-115488" [_thread_blocked, id=1603804, stack(0x0000010e60400000,0x0000010e60500000)]
  0x000002eef6d02800 JavaThread "Timer-115487" [_thread_blocked, id=1603800, stack(0x0000010e60300000,0x0000010e60400000)]
  0x000002eef6d02000 JavaThread "Timer-115486" [_thread_blocked, id=1603796, stack(0x0000010e60200000,0x0000010e60300000)]
  0x000002eef6cff000 JavaThread "Timer-115485" [_thread_blocked, id=1603792, stack(0x0000010e60100000,0x0000010e60200000)]
  0x000002eef6d00800 JavaThread "Timer-115484" [_thread_blocked, id=1603788, stack(0x0000010e60000000,0x0000010e60100000)]
  0x000002eef6cfc800 JavaThread "Timer-115483" [_thread_blocked, id=1603784, stack(0x0000010e5ff00000,0x0000010e60000000)]
  0x000002eef6cfe000 JavaThread "Timer-115482" [_thread_blocked, id=1603780, stack(0x0000010e5fe00000,0x0000010e5ff00000)]
  0x000002eef6d01000 JavaThread "Timer-115481" [_thread_blocked, id=1603776, stack(0x0000010e5fd00000,0x0000010e5fe00000)]
  0x000002eef6cff800 JavaThread "Timer-115480" [_thread_blocked, id=1603772, stack(0x0000010e5fc00000,0x0000010e5fd00000)]
  0x000002eef6cf6000 JavaThread "Timer-115479" [_thread_blocked, id=1603768, stack(0x0000010e5fb00000,0x0000010e5fc00000)]
  0x000002eef6cf5000 JavaThread "Timer-115478" [_thread_blocked, id=1603764, stack(0x0000010e5fa00000,0x0000010e5fb00000)]
  0x000002eef6cfc000 JavaThread "Timer-115477" [_thread_blocked, id=1603760, stack(0x0000010e5f900000,0x0000010e5fa00000)]
  0x000002eef6cf4800 JavaThread "Timer-115476" [_thread_blocked, id=1603756, stack(0x0000010e5f800000,0x0000010e5f900000)]
  0x000002eef6cfa800 JavaThread "Timer-115475" [_thread_blocked, id=1603752, stack(0x0000010e5f700000,0x0000010e5f800000)]
  0x000002eef6b30000 JavaThread "Timer-115474" [_thread_blocked, id=1603748, stack(0x0000010e5f600000,0x0000010e5f700000)]
  0x000002eef6b36800 JavaThread "Timer-115473" [_thread_blocked, id=1603744, stack(0x0000010e5f500000,0x0000010e5f600000)]
  0x000002eef6b36000 JavaThread "Timer-115472" [_thread_blocked, id=1603740, stack(0x0000010e5f400000,0x0000010e5f500000)]
  0x000002eef6b35000 JavaThread "Timer-115471" [_thread_blocked, id=1603736, stack(0x0000010e5f300000,0x0000010e5f400000)]
  0x000002eef6b34800 JavaThread "Timer-115470" [_thread_blocked, id=1603732, stack(0x0000010e5f200000,0x0000010e5f300000)]
  0x000002eef6cfb000 JavaThread "Timer-115469" [_thread_blocked, id=1603728, stack(0x0000010e5f100000,0x0000010e5f200000)]
  0x000002eef6cf9800 JavaThread "Timer-115468" [_thread_blocked, id=1603724, stack(0x0000010e5f000000,0x0000010e5f100000)]
  0x000002eef6cf9000 JavaThread "Timer-115467" [_thread_blocked, id=1603720, stack(0x0000010e5ef00000,0x0000010e5f000000)]
  0x000002eef6cf6800 JavaThread "Timer-115466" [_thread_blocked, id=1603716, stack(0x0000010e5ee00000,0x0000010e5ef00000)]
  0x000002eef6cf7800 JavaThread "Timer-115465" [_thread_blocked, id=1603712, stack(0x0000010e5ed00000,0x0000010e5ee00000)]
  0x000002eef6cf8000 JavaThread "Timer-115464" [_thread_blocked, id=1603708, stack(0x0000010e5ec00000,0x0000010e5ed00000)]
  0x000002eef6ced000 JavaThread "Timer-115463" [_thread_blocked, id=1603704, stack(0x0000010e5eb00000,0x0000010e5ec00000)]
  0x000002eef6cf3800 JavaThread "Timer-115462" [_thread_blocked, id=1603700, stack(0x0000010e5ea00000,0x0000010e5eb00000)]
  0x000002eef6ced800 JavaThread "Timer-115461" [_thread_blocked, id=1603696, stack(0x0000010e5e900000,0x0000010e5ea00000)]
  0x000002eef6cec000 JavaThread "Timer-115460" [_thread_blocked, id=1603692, stack(0x0000010e5e800000,0x0000010e5e900000)]
  0x000002eef6025800 JavaThread "Timer-115459" [_thread_blocked, id=1603688, stack(0x0000010e5e700000,0x0000010e5e800000)]
  0x000002eef6025000 JavaThread "Timer-115458" [_thread_blocked, id=1603684, stack(0x0000010e5e600000,0x0000010e5e700000)]
  0x000002eef6024000 JavaThread "Timer-115457" [_thread_blocked, id=1603680, stack(0x0000010e5e500000,0x0000010e5e600000)]
  0x000002eef6023800 JavaThread "Timer-115456" [_thread_blocked, id=1603676, stack(0x0000010e5e400000,0x0000010e5e500000)]
  0x000002eef601a800 JavaThread "Timer-115455" [_thread_blocked, id=1603672, stack(0x0000010e5e300000,0x0000010e5e400000)]
  0x000002eef6021000 JavaThread "Timer-115454" [_thread_blocked, id=1603668, stack(0x0000010e5e200000,0x0000010e5e300000)]
  0x000002eef6020800 JavaThread "Timer-115453" [_thread_blocked, id=1603664, stack(0x0000010e5e100000,0x0000010e5e200000)]
  0x000002eef6019000 JavaThread "Timer-115452" [_thread_blocked, id=1603660, stack(0x0000010e5e000000,0x0000010e5e100000)]
  0x000002eef601e000 JavaThread "Timer-115451" [_thread_blocked, id=1603656, stack(0x0000010e5df00000,0x0000010e5e000000)]
  0x000002eef601c800 JavaThread "Timer-115450" [_thread_blocked, id=1603652, stack(0x0000010e5de00000,0x0000010e5df00000)]
  0x000002eef601f800 JavaThread "Timer-115449" [_thread_blocked, id=1603648, stack(0x0000010e5dd00000,0x0000010e5de00000)]
  0x000002eef6e85000 JavaThread "Timer-115448" [_thread_blocked, id=1603644, stack(0x0000010e5dc00000,0x0000010e5dd00000)]
  0x000002eef6e84800 JavaThread "Timer-115447" [_thread_blocked, id=1603640, stack(0x0000010e5d900000,0x0000010e5da00000)]
  0x000002eef6e7f000 JavaThread "Timer-115446" [_thread_blocked, id=1603636, stack(0x0000010e5d800000,0x0000010e5d900000)]
  0x000002eef6e83000 JavaThread "Timer-115445" [_thread_blocked, id=1603632, stack(0x0000010e5d700000,0x0000010e5d800000)]
  0x000002eef6e86000 JavaThread "Timer-115444" [_thread_blocked, id=1603628, stack(0x0000010e5d600000,0x0000010e5d700000)]
  0x000002eef6e83800 JavaThread "Timer-115443" [_thread_blocked, id=1603624, stack(0x0000010e5d500000,0x0000010e5d600000)]
  0x000002eef6e82000 JavaThread "Timer-115442" [_thread_blocked, id=1603620, stack(0x0000010e5d400000,0x0000010e5d500000)]
  0x000002eef6e77800 JavaThread "Timer-115441" [_thread_blocked, id=1603616, stack(0x0000010e5d300000,0x0000010e5d400000)]
  0x000002eef6e7d000 JavaThread "Timer-115440" [_thread_blocked, id=1603612, stack(0x0000010e5d200000,0x0000010e5d300000)]
  0x000002eef6e7c000 JavaThread "Timer-115439" [_thread_blocked, id=1603608, stack(0x0000010e5d100000,0x0000010e5d200000)]
  0x000002eef6e7e800 JavaThread "Timer-115438" [_thread_blocked, id=1603604, stack(0x0000010e5d000000,0x0000010e5d100000)]
  0x000002eef6e78800 JavaThread "Timer-115437" [_thread_blocked, id=1603600, stack(0x0000010e5cf00000,0x0000010e5d000000)]
  0x000002eef6d70800 JavaThread "Timer-115436" [_thread_blocked, id=1603596, stack(0x0000010e5ce00000,0x0000010e5cf00000)]
  0x000002eef6d62000 JavaThread "Timer-115435" [_thread_blocked, id=1603592, stack(0x0000010e5cd00000,0x0000010e5ce00000)]
  0x000002eef6d69000 JavaThread "Timer-115434" [_thread_blocked, id=1603588, stack(0x0000010e5cc00000,0x0000010e5cd00000)]
  0x000002eef6d68000 JavaThread "Timer-115433" [_thread_blocked, id=1603528, stack(0x0000010e5cb00000,0x0000010e5cc00000)]
  0x000002eef6d67800 JavaThread "Timer-115432" [_thread_blocked, id=1603524, stack(0x0000010e5ca00000,0x0000010e5cb00000)]
  0x000002eef6d65000 JavaThread "Timer-115431" [_thread_blocked, id=1598944, stack(0x0000010e5c900000,0x0000010e5ca00000)]
  0x000002eef6d66000 JavaThread "Timer-115430" [_thread_blocked, id=1329224, stack(0x0000010e5c800000,0x0000010e5c900000)]
  0x000002eef6d64800 JavaThread "Timer-115429" [_thread_blocked, id=1329288, stack(0x0000010e5c700000,0x0000010e5c800000)]
  0x000002eef6d63800 JavaThread "Timer-115428" [_thread_blocked, id=1329292, stack(0x0000010e5c600000,0x0000010e5c700000)]
  0x000002eef6d66800 JavaThread "Timer-115427" [_thread_blocked, id=1533220, stack(0x0000010e5c500000,0x0000010e5c600000)]
  0x000002eef6d5c000 JavaThread "Timer-115426" [_thread_blocked, id=22568, stack(0x0000010e5c400000,0x0000010e5c500000)]
  0x000002eef6d63000 JavaThread "Timer-115425" [_thread_blocked, id=1603580, stack(0x0000010e5c300000,0x0000010e5c400000)]
  0x000002eef6d61800 JavaThread "Timer-115424" [_thread_blocked, id=1603576, stack(0x0000010e5c200000,0x0000010e5c300000)]
  0x000002eef6d5e800 JavaThread "Timer-115423" [_thread_blocked, id=1603572, stack(0x0000010e5c100000,0x0000010e5c200000)]
  0x000002eef6e7b800 JavaThread "Timer-115422" [_thread_blocked, id=1603568, stack(0x0000010e5c000000,0x0000010e5c100000)]
  0x000002eef6e7a800 JavaThread "Timer-115421" [_thread_blocked, id=1603564, stack(0x0000010e5bf00000,0x0000010e5c000000)]
  0x000002eef6e7a000 JavaThread "Timer-115420" [_thread_blocked, id=1603560, stack(0x0000010e5be00000,0x0000010e5bf00000)]
  0x000002eef6e7d800 JavaThread "Timer-115419" [_thread_blocked, id=1603556, stack(0x0000010e5bd00000,0x0000010e5be00000)]
  0x000002eef6e79000 JavaThread "Timer-115418" [_thread_blocked, id=1603552, stack(0x0000010e5bc00000,0x0000010e5bd00000)]
  0x000002eef5f1f800 JavaThread "Timer-115417" [_thread_blocked, id=1603548, stack(0x0000010e5bb00000,0x0000010e5bc00000)]
  0x000002eef5f1f000 JavaThread "Timer-115416" [_thread_blocked, id=1603544, stack(0x0000010e5ba00000,0x0000010e5bb00000)]
  0x000002eef5f1e000 JavaThread "Timer-115415" [_thread_blocked, id=1603540, stack(0x0000010e5b900000,0x0000010e5ba00000)]
  0x000002eef5f20800 JavaThread "Timer-115414" [_thread_blocked, id=1603536, stack(0x0000010e5b800000,0x0000010e5b900000)]
  0x000002eef5f1d800 JavaThread "Timer-115413" [_thread_blocked, id=1603532, stack(0x0000010e5b700000,0x0000010e5b800000)]
  0x000002eef5f1c800 JavaThread "Timer-115412" [_thread_blocked, id=1603520, stack(0x0000010e5b600000,0x0000010e5b700000)]
  0x000002eef5f1c000 JavaThread "Timer-115411" [_thread_blocked, id=1603516, stack(0x0000010e5b500000,0x0000010e5b600000)]
  0x000002eef5f1b000 JavaThread "Timer-115410" [_thread_blocked, id=1603512, stack(0x0000010e5b400000,0x0000010e5b500000)]
  0x000002eef5f13800 JavaThread "Timer-115409" [_thread_blocked, id=1603508, stack(0x0000010e5b300000,0x0000010e5b400000)]
  0x000002eef5f1a800 JavaThread "Timer-115408" [_thread_blocked, id=1603504, stack(0x0000010e5b200000,0x0000010e5b300000)]
  0x000002eef5f13000 JavaThread "Timer-115407" [_thread_blocked, id=1603500, stack(0x0000010e5b100000,0x0000010e5b200000)]
  0x000002eef5f19800 JavaThread "Timer-115406" [_thread_blocked, id=1603496, stack(0x0000010e5b000000,0x0000010e5b100000)]
  0x000002eef5f12000 JavaThread "Timer-115405" [_thread_blocked, id=1603492, stack(0x0000010e5af00000,0x0000010e5b000000)]
  0x000002eef5f17800 JavaThread "Timer-115404" [_thread_blocked, id=1603488, stack(0x0000010e5ae00000,0x0000010e5af00000)]
  0x000002eef5f15000 JavaThread "Timer-115403" [_thread_blocked, id=1603484, stack(0x0000010e5ad00000,0x0000010e5ae00000)]
  0x000002eef5f16000 JavaThread "Timer-115402" [_thread_blocked, id=1603480, stack(0x0000010e5ac00000,0x0000010e5ad00000)]
  0x000002eef5f19000 JavaThread "Timer-115401" [_thread_blocked, id=1603476, stack(0x0000010e5ab00000,0x0000010e5ac00000)]
  0x000002eef6d60800 JavaThread "Timer-115400" [_thread_blocked, id=1603468, stack(0x0000010e5aa00000,0x0000010e5ab00000)]
  0x000002eef6d5b800 JavaThread "Timer-115399" [_thread_blocked, id=1603464, stack(0x0000010e5a900000,0x0000010e5aa00000)]
  0x000002eef6d5d000 JavaThread "Timer-115398" [_thread_blocked, id=1603460, stack(0x0000010e5a800000,0x0000010e5a900000)]
  0x000002eef6d5f000 JavaThread "Timer-115397" [_thread_blocked, id=1603456, stack(0x0000010e5a700000,0x0000010e5a800000)]
  0x000002eef6d5d800 JavaThread "Timer-115396" [_thread_blocked, id=1603452, stack(0x0000010e5a600000,0x0000010e5a700000)]
  0x000002eef6d60000 JavaThread "Timer-115395" [_thread_blocked, id=1603448, stack(0x0000010e5a500000,0x0000010e5a600000)]
  0x000002eef6581800 JavaThread "Timer-115394" [_thread_blocked, id=1603444, stack(0x0000010e5a400000,0x0000010e5a500000)]
  0x000002eef6580800 JavaThread "Timer-115393" [_thread_blocked, id=1603440, stack(0x0000010e5a300000,0x0000010e5a400000)]
  0x000002eef6580000 JavaThread "Timer-115392" [_thread_blocked, id=1603436, stack(0x0000010e5a200000,0x0000010e5a300000)]
  0x000002eef657f000 JavaThread "Timer-115391" [_thread_blocked, id=1603432, stack(0x0000010e5a100000,0x0000010e5a200000)]
  0x000002eef5f16800 JavaThread "Timer-115390" [_thread_blocked, id=1603428, stack(0x0000010e5a000000,0x0000010e5a100000)]
  0x000002eef657e800 JavaThread "Timer-115389" [_thread_blocked, id=1603424, stack(0x0000010e59f00000,0x0000010e5a000000)]
  0x000002eef657d800 JavaThread "Timer-115388" [_thread_blocked, id=1603420, stack(0x0000010e59e00000,0x0000010e59f00000)]
  0x000002eef657d000 JavaThread "Timer-115387" [_thread_blocked, id=1603416, stack(0x0000010e59d00000,0x0000010e59e00000)]
  0x000002eef657c000 JavaThread "Timer-115386" [_thread_blocked, id=1603412, stack(0x0000010e59c00000,0x0000010e59d00000)]
  0x000002eef657b800 JavaThread "Timer-115385" [_thread_blocked, id=1603408, stack(0x0000010e59b00000,0x0000010e59c00000)]
  0x000002eef6574000 JavaThread "Timer-115384" [_thread_blocked, id=1603404, stack(0x0000010e59a00000,0x0000010e59b00000)]
  0x000002eef657a800 JavaThread "Timer-115383" [_thread_blocked, id=1603400, stack(0x0000010e59900000,0x0000010e59a00000)]
  0x000002eef6573000 JavaThread "Timer-115382" [_thread_blocked, id=1603396, stack(0x0000010e59800000,0x0000010e59900000)]
  0x000002eef6577000 JavaThread "Timer-115381" [_thread_blocked, id=1603388, stack(0x0000010e59700000,0x0000010e59800000)]
  0x000002eef6575800 JavaThread "Timer-115380" [_thread_blocked, id=1603384, stack(0x0000010e59600000,0x0000010e59700000)]
  0x000002eef6576000 JavaThread "Timer-115379" [_thread_blocked, id=1603380, stack(0x0000010e59500000,0x0000010e59600000)]
  0x000002eef657a000 JavaThread "Timer-115378" [_thread_blocked, id=1603376, stack(0x0000010e59400000,0x0000010e59500000)]
  0x000002eef6579000 JavaThread "Timer-115377" [_thread_blocked, id=1603372, stack(0x0000010e59300000,0x0000010e59400000)]
  0x000002eef6572800 JavaThread "Timer-115376" [_thread_blocked, id=1603368, stack(0x0000010e59200000,0x0000010e59300000)]
  0x000002eef6571800 JavaThread "Timer-115375" [_thread_blocked, id=1603364, stack(0x0000010e59100000,0x0000010e59200000)]
  0x000002eef6cee800 JavaThread "Timer-115374" [_thread_blocked, id=1603360, stack(0x0000010e59000000,0x0000010e59100000)]
  0x000002eef6cf3000 JavaThread "Timer-115373" [_thread_blocked, id=1603356, stack(0x0000010e58f00000,0x0000010e59000000)]
  0x000002eef6cf0000 JavaThread "Timer-115372" [_thread_blocked, id=1603352, stack(0x0000010e58e00000,0x0000010e58f00000)]
  0x000002eef6cf2000 JavaThread "Timer-115371" [_thread_blocked, id=1603348, stack(0x0000010e58d00000,0x0000010e58e00000)]
  0x000002eef6cef000 JavaThread "Timer-115370" [_thread_blocked, id=1603344, stack(0x0000010e58c00000,0x0000010e58d00000)]
  0x000002eef6cea800 JavaThread "Timer-115369" [_thread_blocked, id=1603340, stack(0x0000010e58b00000,0x0000010e58c00000)]
  0x000002eef6cf1800 JavaThread "Timer-115368" [_thread_blocked, id=1603336, stack(0x0000010e58a00000,0x0000010e58b00000)]
  0x000002eef6cf0800 JavaThread "Timer-115367" [_thread_blocked, id=1603328, stack(0x0000010e58900000,0x0000010e58a00000)]
  0x000002eef6ceb800 JavaThread "Timer-115366" [_thread_blocked, id=1603324, stack(0x0000010e58800000,0x0000010e58900000)]
  0x000002eef6ce3000 JavaThread "Timer-115365" [_thread_blocked, id=1603320, stack(0x0000010e58700000,0x0000010e58800000)]
  0x000002eef6cea000 JavaThread "Timer-115364" [_thread_blocked, id=1603316, stack(0x0000010e58600000,0x0000010e58700000)]
  0x000002eef6ce2800 JavaThread "Timer-115363" [_thread_blocked, id=1603312, stack(0x0000010e58500000,0x0000010e58600000)]
  0x000002eef6ce9000 JavaThread "Timer-115362" [_thread_blocked, id=1603308, stack(0x0000010e58400000,0x0000010e58500000)]
  0x000002eef6ce8800 JavaThread "Timer-115361" [_thread_blocked, id=1603304, stack(0x0000010e58300000,0x0000010e58400000)]
  0x000002eef6ce7800 JavaThread "Timer-115360" [_thread_blocked, id=1603300, stack(0x0000010e58200000,0x0000010e58300000)]
  0x000002eef6ce6000 JavaThread "Timer-115359" [_thread_blocked, id=1603296, stack(0x0000010e58100000,0x0000010e58200000)]
  0x000002eef6ce5800 JavaThread "Timer-115358" [_thread_blocked, id=1603288, stack(0x0000010e58000000,0x0000010e58100000)]
  0x000002eef6ce7000 JavaThread "Timer-115357" [_thread_blocked, id=1603284, stack(0x0000010e57f00000,0x0000010e58000000)]
  0x000002eef6ce4000 JavaThread "Timer-115356" [_thread_blocked, id=1603280, stack(0x0000010e57e00000,0x0000010e57f00000)]
  0x000002eef6ce4800 JavaThread "Timer-115355" [_thread_blocked, id=1603276, stack(0x0000010e57d00000,0x0000010e57e00000)]
  0x000002eef69a3800 JavaThread "Timer-115354" [_thread_blocked, id=1603272, stack(0x0000010e57c00000,0x0000010e57d00000)]
  0x000002eef69a2000 JavaThread "Timer-115353" [_thread_blocked, id=1603268, stack(0x0000010e57b00000,0x0000010e57c00000)]
  0x000002eef699f800 JavaThread "Timer-115352" [_thread_blocked, id=1603264, stack(0x0000010e57a00000,0x0000010e57b00000)]
  0x000002eef699e000 JavaThread "Timer-115351" [_thread_blocked, id=1603260, stack(0x0000010e57900000,0x0000010e57a00000)]
  0x000002eef699f000 JavaThread "Timer-115350" [_thread_blocked, id=1603256, stack(0x0000010e57800000,0x0000010e57900000)]
  0x000002eef69a1000 JavaThread "Timer-115349" [_thread_blocked, id=1603252, stack(0x0000010e57700000,0x0000010e57800000)]
  0x000002eef69a2800 JavaThread "Timer-115348" [_thread_blocked, id=1603248, stack(0x0000010e57600000,0x0000010e57700000)]
  0x000002eef699d800 JavaThread "Timer-115347" [_thread_blocked, id=1603240, stack(0x0000010e57500000,0x0000010e57600000)]
  0x000002eef69a0800 JavaThread "Timer-115346" [_thread_blocked, id=1603236, stack(0x0000010e57400000,0x0000010e57500000)]
  0x000002eef6996800 JavaThread "Timer-115345" [_thread_blocked, id=1603232, stack(0x0000010e57300000,0x0000010e57400000)]
  0x000002eef6996000 JavaThread "Timer-115344" [_thread_blocked, id=1603228, stack(0x0000010e57200000,0x0000010e57300000)]
  0x000002eef699c000 JavaThread "Timer-115343" [_thread_blocked, id=1603224, stack(0x0000010e57100000,0x0000010e57200000)]
  0x000002eef699b000 JavaThread "Timer-115342" [_thread_blocked, id=1603220, stack(0x0000010e57000000,0x0000010e57100000)]
  0x000002eef699c800 JavaThread "Timer-115341" [_thread_blocked, id=1603216, stack(0x0000010e56f00000,0x0000010e57000000)]
  0x000002eef699a800 JavaThread "Timer-115340" [_thread_blocked, id=1603212, stack(0x0000010e56e00000,0x0000010e56f00000)]
  0x000002eef6999800 JavaThread "Timer-115339" [_thread_blocked, id=1603208, stack(0x0000010e56d00000,0x0000010e56e00000)]
  0x000002eef6994800 JavaThread "Timer-115338" [_thread_blocked, id=1603204, stack(0x0000010e56c00000,0x0000010e56d00000)]
  0x000002eef6999000 JavaThread "Timer-115337" [_thread_blocked, id=1603200, stack(0x0000010e56b00000,0x0000010e56c00000)]
  0x000002eef6998000 JavaThread "Timer-115336" [_thread_blocked, id=1603196, stack(0x0000010e56a00000,0x0000010e56b00000)]
  0x000002eef6995000 JavaThread "Timer-115335" [_thread_blocked, id=1603192, stack(0x0000010e56900000,0x0000010e56a00000)]
  0x000002eef6997800 JavaThread "Timer-115334" [_thread_blocked, id=1603188, stack(0x0000010e56800000,0x0000010e56900000)]
  0x000002eef6993800 JavaThread "Timer-115333" [_thread_blocked, id=1603184, stack(0x0000010e56700000,0x0000010e56800000)]
  0x000002eef6993000 JavaThread "Timer-115332" [_thread_blocked, id=1603180, stack(0x0000010e56600000,0x0000010e56700000)]
  0x000002eef6992000 JavaThread "Timer-115331" [_thread_blocked, id=1603176, stack(0x0000010e56500000,0x0000010e56600000)]
  0x000002eef6991800 JavaThread "Timer-115330" [_thread_blocked, id=1603172, stack(0x0000010e56400000,0x0000010e56500000)]
  0x000002eef698a000 JavaThread "Timer-115329" [_thread_blocked, id=1603168, stack(0x0000010e56300000,0x0000010e56400000)]
  0x000002eef6990800 JavaThread "Timer-115328" [_thread_blocked, id=1603164, stack(0x0000010e56200000,0x0000010e56300000)]
  0x000002eef6990000 JavaThread "Timer-115327" [_thread_blocked, id=1603160, stack(0x0000010e56100000,0x0000010e56200000)]
  0x000002eef698e800 JavaThread "Timer-115326" [_thread_blocked, id=1603156, stack(0x0000010e56000000,0x0000010e56100000)]
  0x000002eef698f000 JavaThread "Timer-115325" [_thread_blocked, id=1603152, stack(0x0000010e55f00000,0x0000010e56000000)]
  0x000002eef698b800 JavaThread "Timer-115324" [_thread_blocked, id=1603148, stack(0x0000010e55e00000,0x0000010e55f00000)]
  0x000002eef698d800 JavaThread "Timer-115323" [_thread_blocked, id=1603144, stack(0x0000010e55d00000,0x0000010e55e00000)]
  0x000002eef698c000 JavaThread "Timer-115322" [_thread_blocked, id=1603140, stack(0x0000010e55c00000,0x0000010e55d00000)]
  0x000002eef698a800 JavaThread "Timer-115321" [_thread_blocked, id=1603136, stack(0x0000010e55b00000,0x0000010e55c00000)]
  0x000002eef698d000 JavaThread "Timer-115320" [_thread_blocked, id=1603132, stack(0x0000010e55a00000,0x0000010e55b00000)]
  0x000002eef6983000 JavaThread "Timer-115319" [_thread_blocked, id=1603128, stack(0x0000010e55900000,0x0000010e55a00000)]
  0x000002eef6b33800 JavaThread "Timer-115318" [_thread_blocked, id=1603124, stack(0x0000010e55800000,0x0000010e55900000)]
  0x000002eef1b2d800 JavaThread "Timer-115317" [_thread_blocked, id=1603120, stack(0x0000010e55700000,0x0000010e55800000)]
  0x000002eef1b2c000 JavaThread "Timer-115316" [_thread_blocked, id=1603116, stack(0x0000010e55600000,0x0000010e55700000)]
  0x000002eef1b24800 JavaThread "Timer-115315" [_thread_blocked, id=1603112, stack(0x0000010e55500000,0x0000010e55600000)]
  0x000002eef1b21800 JavaThread "Timer-115314" [_thread_blocked, id=1603108, stack(0x0000010e55400000,0x0000010e55500000)]
  0x000002eef1b27800 JavaThread "Timer-115313" [_thread_blocked, id=1603104, stack(0x0000010e55300000,0x0000010e55400000)]
  0x000002eef1b23000 JavaThread "Timer-115312" [_thread_blocked, id=1603100, stack(0x0000010e55200000,0x0000010e55300000)]
  0x000002eef1b27000 JavaThread "Timer-115311" [_thread_blocked, id=1603096, stack(0x0000010e55100000,0x0000010e55200000)]
  0x000002eef1b22800 JavaThread "Timer-115310" [_thread_blocked, id=1603092, stack(0x0000010e55000000,0x0000010e55100000)]
  0x000002eef1b26000 JavaThread "Timer-115309" [_thread_blocked, id=1603088, stack(0x0000010e54f00000,0x0000010e55000000)]
  0x000002eef1b24000 JavaThread "Timer-115308" [_thread_blocked, id=1603084, stack(0x0000010e54e00000,0x0000010e54f00000)]
  0x000002eef1b25800 JavaThread "Timer-115307" [_thread_blocked, id=1603080, stack(0x0000010e54d00000,0x0000010e54e00000)]
  0x000002eef1b28800 JavaThread "Timer-115306" [_thread_blocked, id=1603076, stack(0x0000010e54c00000,0x0000010e54d00000)]
  0x000002eef1b1a000 JavaThread "Timer-115305" [_thread_blocked, id=1603072, stack(0x0000010e54b00000,0x0000010e54c00000)]
  0x000002eef1b20000 JavaThread "Timer-115304" [_thread_blocked, id=1603068, stack(0x0000010e54a00000,0x0000010e54b00000)]
  0x000002eef1b1e800 JavaThread "Timer-115303" [_thread_blocked, id=1603064, stack(0x0000010e54900000,0x0000010e54a00000)]
  0x000002eef1b1f800 JavaThread "Timer-115302" [_thread_blocked, id=1603060, stack(0x0000010e54800000,0x0000010e54900000)]
  0x000002eef1b1b000 JavaThread "Timer-115301" [_thread_blocked, id=1603056, stack(0x0000010e54700000,0x0000010e54800000)]
  0x000002eef1b1d000 JavaThread "Timer-115300" [_thread_blocked, id=1603052, stack(0x0000010e54600000,0x0000010e54700000)]
  0x000002eef1b21000 JavaThread "Timer-115299" [_thread_blocked, id=1603048, stack(0x0000010e54500000,0x0000010e54600000)]
  0x000002eef1b1c800 JavaThread "Timer-115298" [_thread_blocked, id=1603044, stack(0x0000010e54400000,0x0000010e54500000)]
  0x000002eef1b1e000 JavaThread "Timer-115297" [_thread_blocked, id=1603040, stack(0x0000010e54300000,0x0000010e54400000)]
  0x000002eef1b1b800 JavaThread "Timer-115296" [_thread_blocked, id=1603036, stack(0x0000010e54200000,0x0000010e54300000)]
  0x000002eef1b13800 JavaThread "Timer-115295" [_thread_blocked, id=1603032, stack(0x0000010e54100000,0x0000010e54200000)]
  0x000002eef1b12800 JavaThread "Timer-115294" [_thread_blocked, id=1603028, stack(0x0000010e54000000,0x0000010e54100000)]
  0x000002eef6574800 JavaThread "Timer-115293" [_thread_blocked, id=1603024, stack(0x0000010e53f00000,0x0000010e54000000)]
  0x000002eef6578800 JavaThread "Timer-115292" [_thread_blocked, id=1603020, stack(0x0000010e53e00000,0x0000010e53f00000)]
  0x000002eef6b31800 JavaThread "Timer-115291" [_thread_blocked, id=1603016, stack(0x0000010e53d00000,0x0000010e53e00000)]
  0x000002eef6b33000 JavaThread "Timer-115290" [_thread_blocked, id=1603012, stack(0x0000010e53c00000,0x0000010e53d00000)]
  0x000002eef6b2d000 JavaThread "Timer-115289" [_thread_blocked, id=1603008, stack(0x0000010e53b00000,0x0000010e53c00000)]
  0x000002eef6b2c000 JavaThread "Timer-115288" [_thread_blocked, id=1603004, stack(0x0000010e53a00000,0x0000010e53b00000)]
  0x000002eef6b2b800 JavaThread "Timer-115287" [_thread_blocked, id=1603000, stack(0x0000010e53900000,0x0000010e53a00000)]
  0x000002eef6b32000 JavaThread "Timer-115286" [_thread_blocked, id=1602996, stack(0x0000010e53800000,0x0000010e53900000)]
  0x000002eef6b2d800 JavaThread "Timer-115285" [_thread_blocked, id=1602992, stack(0x0000010e53700000,0x0000010e53800000)]
  0x000002eef6b2e800 JavaThread "Timer-115284" [_thread_blocked, id=1602988, stack(0x0000010e53600000,0x0000010e53700000)]
  0x000002eef6b2f000 JavaThread "Timer-115283" [_thread_blocked, id=1602984, stack(0x0000010e53500000,0x0000010e53600000)]
  0x000002eef6b6a800 JavaThread "Timer-115282" [_thread_blocked, id=1602980, stack(0x0000010e53400000,0x0000010e53500000)]
  0x000002eef6b6a000 JavaThread "Timer-115281" [_thread_blocked, id=1602976, stack(0x0000010e53300000,0x0000010e53400000)]
  0x000002eef6b67800 JavaThread "Timer-115280" [_thread_blocked, id=1602972, stack(0x0000010e53200000,0x0000010e53300000)]
  0x000002eef6b69000 JavaThread "Timer-115279" [_thread_blocked, id=1602968, stack(0x0000010e53100000,0x0000010e53200000)]
  0x000002eef6b68800 JavaThread "Timer-115278" [_thread_blocked, id=1602964, stack(0x0000010e53000000,0x0000010e53100000)]
  0x000002eef6b66000 JavaThread "Timer-115277" [_thread_blocked, id=1602960, stack(0x0000010e52f00000,0x0000010e53000000)]
  0x000002eef6b6b800 JavaThread "Timer-115276" [_thread_blocked, id=1602956, stack(0x0000010e52e00000,0x0000010e52f00000)]
  0x000002eef6b67000 JavaThread "Timer-115275" [_thread_blocked, id=1602952, stack(0x0000010e52d00000,0x0000010e52e00000)]
  0x000002eef6b64000 JavaThread "Timer-115274" [_thread_blocked, id=1602948, stack(0x0000010e52c00000,0x0000010e52d00000)]
  0x000002eef6b63000 JavaThread "Timer-115273" [_thread_blocked, id=1602944, stack(0x0000010e52b00000,0x0000010e52c00000)]
  0x000002eef6b65800 JavaThread "Timer-115272" [_thread_blocked, id=1602940, stack(0x0000010e52a00000,0x0000010e52b00000)]
  0x000002eef6b64800 JavaThread "Timer-115271" [_thread_blocked, id=1602936, stack(0x0000010e52900000,0x0000010e52a00000)]
  0x000002eef6b5b800 JavaThread "Timer-115270" [_thread_blocked, id=1602932, stack(0x0000010e52800000,0x0000010e52900000)]
  0x000002eef6b62800 JavaThread "Timer-115269" [_thread_blocked, id=1602928, stack(0x0000010e52700000,0x0000010e52800000)]
  0x000002eef6b61000 JavaThread "Timer-115268" [_thread_blocked, id=1602924, stack(0x0000010e52600000,0x0000010e52700000)]
  0x000002eef6b60000 JavaThread "Timer-115267" [_thread_blocked, id=1602920, stack(0x0000010e52500000,0x0000010e52600000)]
  0x000002eef6b5f800 JavaThread "Timer-115266" [_thread_blocked, id=1602916, stack(0x0000010e52400000,0x0000010e52500000)]
  0x000002eef6b5e800 JavaThread "Timer-115265" [_thread_blocked, id=1602912, stack(0x0000010e52300000,0x0000010e52400000)]
  0x000002eef6b5e000 JavaThread "Timer-115264" [_thread_blocked, id=1602908, stack(0x0000010e52200000,0x0000010e52300000)]
  0x000002eef6b61800 JavaThread "Timer-115263" [_thread_blocked, id=1602904, stack(0x0000010e52100000,0x0000010e52200000)]
  0x000002eef6b5d000 JavaThread "Timer-115262" [_thread_blocked, id=1602900, stack(0x0000010e52000000,0x0000010e52100000)]
  0x000002eef6b5c800 JavaThread "Timer-115261" [_thread_blocked, id=1602896, stack(0x0000010e51f00000,0x0000010e52000000)]
  0x000002eef6251800 JavaThread "Timer-115260" [_thread_blocked, id=1602892, stack(0x0000010e51e00000,0x0000010e51f00000)]
  0x000002eef6252000 JavaThread "Timer-115259" [_thread_blocked, id=1602888, stack(0x0000010e51d00000,0x0000010e51e00000)]
  0x000002eef6253000 JavaThread "Timer-115258" [_thread_blocked, id=1602884, stack(0x0000010e51c00000,0x0000010e51d00000)]
  0x000002eef6250000 JavaThread "Timer-115257" [_thread_blocked, id=1602880, stack(0x0000010e51b00000,0x0000010e51c00000)]
  0x000002eef6254800 JavaThread "Timer-115256" [_thread_blocked, id=1602876, stack(0x0000010e51a00000,0x0000010e51b00000)]
  0x000002eef6253800 JavaThread "Timer-115255" [_thread_blocked, id=1602872, stack(0x0000010e51900000,0x0000010e51a00000)]
  0x000002eef624f000 JavaThread "Timer-115254" [_thread_blocked, id=1602868, stack(0x0000010e51800000,0x0000010e51900000)]
  0x000002eef6250800 JavaThread "Timer-115253" [_thread_blocked, id=1602864, stack(0x0000010e51700000,0x0000010e51800000)]
  0x000002eef6247800 JavaThread "Timer-115252" [_thread_blocked, id=1602860, stack(0x0000010e51600000,0x0000010e51700000)]
  0x000002eef624e800 JavaThread "Timer-115251" [_thread_blocked, id=1602856, stack(0x0000010e51500000,0x0000010e51600000)]
  0x000002eef624c800 JavaThread "Timer-115250" [_thread_blocked, id=1602852, stack(0x0000010e51400000,0x0000010e51500000)]
  0x000002eef624c000 JavaThread "Timer-115249" [_thread_blocked, id=1602848, stack(0x0000010e51300000,0x0000010e51400000)]
  0x000002eef624d800 JavaThread "Timer-115248" [_thread_blocked, id=1602844, stack(0x0000010e51200000,0x0000010e51300000)]
  0x000002eef624a800 JavaThread "Timer-115247" [_thread_blocked, id=1602840, stack(0x0000010e51100000,0x0000010e51200000)]
  0x000002eef6249800 JavaThread "Timer-115246" [_thread_blocked, id=1602836, stack(0x0000010e51000000,0x0000010e51100000)]
  0x000002eef6246000 JavaThread "Timer-115245" [_thread_blocked, id=1602832, stack(0x0000010e50f00000,0x0000010e51000000)]
  0x000002eef6245000 JavaThread "Timer-115244" [_thread_blocked, id=1602828, stack(0x0000010e50e00000,0x0000010e50f00000)]
  0x000002eef6244800 JavaThread "Timer-115243" [_thread_blocked, id=1602824, stack(0x0000010e50d00000,0x0000010e50e00000)]
  0x000002eef624b000 JavaThread "Timer-115242" [_thread_blocked, id=1602820, stack(0x0000010e50c00000,0x0000010e50d00000)]
  0x000002eef6243800 JavaThread "Timer-115241" [_thread_blocked, id=1602816, stack(0x0000010e50b00000,0x0000010e50c00000)]
  0x000002eef6248000 JavaThread "Timer-115240" [_thread_blocked, id=1602812, stack(0x0000010e50a00000,0x0000010e50b00000)]
  0x000002eef6246800 JavaThread "Timer-115239" [_thread_blocked, id=1602808, stack(0x0000010e50900000,0x0000010e50a00000)]
  0x000002eef6249000 JavaThread "Timer-115238" [_thread_blocked, id=1602804, stack(0x0000010e50800000,0x0000010e50900000)]
  0x000002eef623c000 JavaThread "Timer-115237" [_thread_blocked, id=1602800, stack(0x0000010e50700000,0x0000010e50800000)]
  0x000002eef6243000 JavaThread "Timer-115236" [_thread_blocked, id=1602796, stack(0x0000010e50600000,0x0000010e50700000)]
  0x000002eef623b800 JavaThread "Timer-115235" [_thread_blocked, id=1602792, stack(0x0000010e50500000,0x0000010e50600000)]
  0x000002eef6242000 JavaThread "Timer-115234" [_thread_blocked, id=1602788, stack(0x0000010e50400000,0x0000010e50500000)]
  0x000002eef6989000 JavaThread "Timer-115233" [_thread_blocked, id=1602784, stack(0x0000010e50300000,0x0000010e50400000)]
  0x000002eef6987800 JavaThread "Timer-115232" [_thread_blocked, id=1602780, stack(0x0000010e50200000,0x0000010e50300000)]
  0x000002eef6987000 JavaThread "Timer-115231" [_thread_blocked, id=1602776, stack(0x0000010e50100000,0x0000010e50200000)]
  0x000002eef6986000 JavaThread "Timer-115230" [_thread_blocked, id=1602772, stack(0x0000010e50000000,0x0000010e50100000)]
  0x000002eef6985800 JavaThread "Timer-115229" [_thread_blocked, id=1602768, stack(0x0000010e4ff00000,0x0000010e50000000)]
  0x000002eef6984800 JavaThread "Timer-115228" [_thread_blocked, id=1602764, stack(0x0000010e4fe00000,0x0000010e4ff00000)]
  0x000002eef6988800 JavaThread "Timer-115227" [_thread_blocked, id=1602760, stack(0x0000010e4fd00000,0x0000010e4fe00000)]
  0x000002eef6984000 JavaThread "Timer-115226" [_thread_blocked, id=1602756, stack(0x0000010e4fc00000,0x0000010e4fd00000)]
  0x000002eef697b800 JavaThread "Timer-115225" [_thread_blocked, id=1602752, stack(0x0000010e4fb00000,0x0000010e4fc00000)]
  0x000002eef6981800 JavaThread "Timer-115224" [_thread_blocked, id=1602748, stack(0x0000010e4fa00000,0x0000010e4fb00000)]
  0x000002eef6981000 JavaThread "Timer-115223" [_thread_blocked, id=1602744, stack(0x0000010e4f900000,0x0000010e4fa00000)]
  0x000002eef6980000 JavaThread "Timer-115222" [_thread_blocked, id=1602740, stack(0x0000010e4f800000,0x0000010e4f900000)]
  0x000002eef697f800 JavaThread "Timer-115221" [_thread_blocked, id=1602736, stack(0x0000010e4f700000,0x0000010e4f800000)]
  0x000002eef6982800 JavaThread "Timer-115220" [_thread_blocked, id=1602732, stack(0x0000010e4f600000,0x0000010e4f700000)]
  0x000002eef6978000 JavaThread "Timer-115219" [_thread_blocked, id=1602728, stack(0x0000010e4f500000,0x0000010e4f600000)]
  0x000002eef697a000 JavaThread "Timer-115218" [_thread_blocked, id=1602724, stack(0x0000010e4f400000,0x0000010e4f500000)]
  0x000002eef697e000 JavaThread "Timer-115217" [_thread_blocked, id=1602720, stack(0x0000010e4f300000,0x0000010e4f400000)]
  0x000002eef697d000 JavaThread "Timer-115216" [_thread_blocked, id=1602716, stack(0x0000010e4f200000,0x0000010e4f300000)]
  0x000002eef697c800 JavaThread "Timer-115215" [_thread_blocked, id=1602712, stack(0x0000010e4f100000,0x0000010e4f200000)]
  0x000002eef6979800 JavaThread "Timer-115214" [_thread_blocked, id=1602708, stack(0x0000010e4f000000,0x0000010e4f100000)]
  0x000002eef697e800 JavaThread "Timer-115213" [_thread_blocked, id=1602704, stack(0x0000010e4ef00000,0x0000010e4f000000)]
  0x000002eef6978800 JavaThread "Timer-115212" [_thread_blocked, id=1602700, stack(0x0000010e4ee00000,0x0000010e4ef00000)]
  0x000002eef697b000 JavaThread "Timer-115211" [_thread_blocked, id=1602696, stack(0x0000010e4ed00000,0x0000010e4ee00000)]
  0x000002eef6970000 JavaThread "Timer-115210" [_thread_blocked, id=1602692, stack(0x0000010e4ec00000,0x0000010e4ed00000)]
  0x000002eef6976800 JavaThread "Timer-115209" [_thread_blocked, id=1602688, stack(0x0000010e4eb00000,0x0000010e4ec00000)]
  0x000002eef6975800 JavaThread "Timer-115208" [_thread_blocked, id=1602684, stack(0x0000010e4ea00000,0x0000010e4eb00000)]
  0x000002eef6977000 JavaThread "Timer-115207" [_thread_blocked, id=1602680, stack(0x0000010e4e900000,0x0000010e4ea00000)]
  0x000002eef6974800 JavaThread "Timer-115206" [_thread_blocked, id=1602676, stack(0x0000010e4e800000,0x0000010e4e900000)]
  0x000002eef6973000 JavaThread "Timer-115205" [_thread_blocked, id=1602672, stack(0x0000010e4e700000,0x0000010e4e800000)]
  0x000002eef6974000 JavaThread "Timer-115204" [_thread_blocked, id=1602668, stack(0x0000010e4e600000,0x0000010e4e700000)]
  0x000002eef696b800 JavaThread "Timer-115203" [_thread_blocked, id=1602664, stack(0x0000010e4e500000,0x0000010e4e600000)]
  0x000002eef696f800 JavaThread "Timer-115202" [_thread_blocked, id=1602660, stack(0x0000010e4e400000,0x0000010e4e500000)]
  0x000002eef6972800 JavaThread "Timer-115201" [_thread_blocked, id=1602656, stack(0x0000010e4e300000,0x0000010e4e400000)]
  0x000002eef696e000 JavaThread "Timer-115200" [_thread_blocked, id=1602652, stack(0x0000010e4e200000,0x0000010e4e300000)]
  0x000002eef696e800 JavaThread "Timer-115199" [_thread_blocked, id=1602648, stack(0x0000010e4e100000,0x0000010e4e200000)]
  0x000002eef696c800 JavaThread "Timer-115198" [_thread_blocked, id=1602644, stack(0x0000010e4e000000,0x0000010e4e100000)]
  0x000002eef6971000 JavaThread "Timer-115197" [_thread_blocked, id=1602640, stack(0x0000010e4df00000,0x0000010e4e000000)]
  0x000002eef696b000 JavaThread "Timer-115196" [_thread_blocked, id=1602636, stack(0x0000010e4de00000,0x0000010e4df00000)]
  0x000002eef696d000 JavaThread "Timer-115195" [_thread_blocked, id=1602632, stack(0x0000010e4dd00000,0x0000010e4de00000)]
  0x000002eef6971800 JavaThread "Timer-115194" [_thread_blocked, id=1602628, stack(0x0000010e4dc00000,0x0000010e4dd00000)]
  0x000002eef6964000 JavaThread "Timer-115193" [_thread_blocked, id=1602624, stack(0x0000010e4d900000,0x0000010e4da00000)]
  0x000002eef6969800 JavaThread "Timer-115192" [_thread_blocked, id=1602620, stack(0x0000010e4d800000,0x0000010e4d900000)]
  0x000002eef6968800 JavaThread "Timer-115191" [_thread_blocked, id=1602616, stack(0x0000010e4d700000,0x0000010e4d800000)]
  0x000002eef6968000 JavaThread "Timer-115190" [_thread_blocked, id=1602612, stack(0x0000010e4d600000,0x0000010e4d700000)]
  0x000002eef6963800 JavaThread "Timer-115189" [_thread_blocked, id=1602608, stack(0x0000010e4d500000,0x0000010e4d600000)]
  0x000002eef6967000 JavaThread "Timer-115188" [_thread_blocked, id=1602604, stack(0x0000010e4d400000,0x0000010e4d500000)]
  0x000002eef6965000 JavaThread "Timer-115187" [_thread_blocked, id=1602600, stack(0x0000010e4d300000,0x0000010e4d400000)]
  0x000002eef6966800 JavaThread "Timer-115186" [_thread_blocked, id=1602596, stack(0x0000010e4d200000,0x0000010e4d300000)]
  0x000002eef696a000 JavaThread "Timer-115185" [_thread_blocked, id=1602592, stack(0x0000010e4d100000,0x0000010e4d200000)]
  0x000002eef6965800 JavaThread "Timer-115184" [_thread_blocked, id=1602588, stack(0x0000010e4d000000,0x0000010e4d100000)]
  0x000002eef5f14800 JavaThread "Timer-115183" [_thread_blocked, id=1602584, stack(0x0000010e4cf00000,0x0000010e4d000000)]
  0x000002eef5f11800 JavaThread "Timer-115182" [_thread_blocked, id=1602580, stack(0x0000010e4ce00000,0x0000010e4cf00000)]
  0x000002eef6241800 JavaThread "Timer-115181" [_thread_blocked, id=1602576, stack(0x0000010e4cd00000,0x0000010e4ce00000)]
  0x000002eef623a000 JavaThread "Timer-115180" [_thread_blocked, id=1602572, stack(0x0000010e4cc00000,0x0000010e4cd00000)]
  0x000002eef6240800 JavaThread "Timer-115179" [_thread_blocked, id=1602568, stack(0x0000010e4cb00000,0x0000010e4cc00000)]
  0x000002eef6240000 JavaThread "Timer-115178" [_thread_blocked, id=1602564, stack(0x0000010e4ca00000,0x0000010e4cb00000)]
  0x000002eef623a800 JavaThread "Timer-115177" [_thread_blocked, id=1565284, stack(0x0000010e4c900000,0x0000010e4ca00000)]
  0x000002eef623f000 JavaThread "Timer-115176" [_thread_blocked, id=1569136, stack(0x0000010e4c800000,0x0000010e4c900000)]
  0x000002eef623e800 JavaThread "Timer-115175" [_thread_blocked, id=1499660, stack(0x0000010e4c700000,0x0000010e4c800000)]
  0x000002eef623d800 JavaThread "Timer-115174" [_thread_blocked, id=1499892, stack(0x0000010e4c600000,0x0000010e4c700000)]
  0x000002eef623d000 JavaThread "Timer-115173" [_thread_blocked, id=1500528, stack(0x0000010e4c500000,0x0000010e4c600000)]
  0x000002eef6232800 JavaThread "Timer-115172" [_thread_blocked, id=1579688, stack(0x0000010e4c400000,0x0000010e4c500000)]
  0x000002eef6239000 JavaThread "Timer-115171" [_thread_blocked, id=852624, stack(0x0000010e4c300000,0x0000010e4c400000)]
  0x000002eef6238800 JavaThread "Timer-115170" [_thread_blocked, id=1569264, stack(0x0000010e4c200000,0x0000010e4c300000)]
  0x000002eef6237800 JavaThread "Timer-115169" [_thread_blocked, id=1568200, stack(0x0000010e4c100000,0x0000010e4c200000)]
  0x000002eef6234000 JavaThread "Timer-115168" [_thread_blocked, id=1568196, stack(0x0000010e4c000000,0x0000010e4c100000)]
  0x000002eef6237000 JavaThread "Timer-115167" [_thread_blocked, id=1565288, stack(0x0000010e4bf00000,0x0000010e4c000000)]
  0x000002eef6236000 JavaThread "Timer-115166" [_thread_blocked, id=1567808, stack(0x0000010e4be00000,0x0000010e4bf00000)]
  0x000002eef6233000 JavaThread "Timer-115165" [_thread_blocked, id=1601580, stack(0x0000010e4bd00000,0x0000010e4be00000)]
  0x000002eef6231800 JavaThread "Timer-115164" [_thread_blocked, id=1329296, stack(0x0000010e4bc00000,0x0000010e4bd00000)]
  0x000002eef6235800 JavaThread "Timer-115163" [_thread_blocked, id=1602556, stack(0x0000010e4bb00000,0x0000010e4bc00000)]
  0x000002eef6234800 JavaThread "Timer-115162" [_thread_blocked, id=1602552, stack(0x0000010e4ba00000,0x0000010e4bb00000)]
  0x000002eef622a000 JavaThread "Timer-115161" [_thread_blocked, id=1602548, stack(0x0000010e4b900000,0x0000010e4ba00000)]
  0x000002eef6231000 JavaThread "Timer-115160" [_thread_blocked, id=1602544, stack(0x0000010e4b800000,0x0000010e4b900000)]
  0x000002eef5f18000 JavaThread "Timer-115159" [_thread_blocked, id=1602540, stack(0x0000010e4b700000,0x0000010e4b800000)]
  0x000002eef6230000 JavaThread "Timer-115158" [_thread_blocked, id=1602536, stack(0x0000010e4b600000,0x0000010e4b700000)]
  0x000002eef622f800 JavaThread "Timer-115157" [_thread_blocked, id=1602532, stack(0x0000010e4b500000,0x0000010e4b600000)]
  0x000002eef622e800 JavaThread "Timer-115156" [_thread_blocked, id=1602528, stack(0x0000010e4b400000,0x0000010e4b500000)]
  0x000002eef6227000 JavaThread "Timer-115155" [_thread_blocked, id=1602524, stack(0x0000010e4b300000,0x0000010e4b400000)]
  0x000002eef622e000 JavaThread "Timer-115154" [_thread_blocked, id=1602520, stack(0x0000010e4b200000,0x0000010e4b300000)]
  0x000002eef622d000 JavaThread "Timer-115153" [_thread_blocked, id=1602516, stack(0x0000010e4b100000,0x0000010e4b200000)]
  0x000002eef622c800 JavaThread "Timer-115152" [_thread_blocked, id=1602512, stack(0x0000010e4b000000,0x0000010e4b100000)]
  0x000002eef6225000 JavaThread "Timer-115151" [_thread_blocked, id=1602508, stack(0x0000010e4af00000,0x0000010e4b000000)]
  0x000002eef6225800 JavaThread "Timer-115150" [_thread_blocked, id=1602504, stack(0x0000010e4ae00000,0x0000010e4af00000)]
  0x000002eef622b000 JavaThread "Timer-115149" [_thread_blocked, id=1602500, stack(0x0000010e4ad00000,0x0000010e4ae00000)]
  0x000002eef6226800 JavaThread "Timer-115148" [_thread_blocked, id=1602496, stack(0x0000010e4ac00000,0x0000010e4ad00000)]
  0x000002eef6228000 JavaThread "Timer-115147" [_thread_blocked, id=1602492, stack(0x0000010e4ab00000,0x0000010e4ac00000)]
  0x000002eef622b800 JavaThread "Timer-115146" [_thread_blocked, id=1602488, stack(0x0000010e4aa00000,0x0000010e4ab00000)]
  0x000002eef6229800 JavaThread "Timer-115145" [_thread_blocked, id=1602484, stack(0x0000010e4a900000,0x0000010e4aa00000)]
  0x000002eef6228800 JavaThread "Timer-115144" [_thread_blocked, id=1602480, stack(0x0000010e4a800000,0x0000010e4a900000)]
  0x000002eef625e000 JavaThread "Timer-115143" [_thread_blocked, id=1602476, stack(0x0000010e4a700000,0x0000010e4a800000)]
  0x000002eef625d800 JavaThread "Timer-115142" [_thread_blocked, id=1602472, stack(0x0000010e4a600000,0x0000010e4a700000)]
  0x000002eef6263800 JavaThread "Timer-115141" [_thread_blocked, id=1602468, stack(0x0000010e4a500000,0x0000010e4a600000)]
  0x000002eef6264000 JavaThread "Timer-115140" [_thread_blocked, id=1602464, stack(0x0000010e4a400000,0x0000010e4a500000)]
  0x000002eef6262800 JavaThread "Timer-115139" [_thread_blocked, id=1602460, stack(0x0000010e4a300000,0x0000010e4a400000)]
  0x000002eef6260800 JavaThread "Timer-115138" [_thread_blocked, id=1602456, stack(0x0000010e4a200000,0x0000010e4a300000)]
  0x000002eef625f800 JavaThread "Timer-115137" [_thread_blocked, id=1602452, stack(0x0000010e4a100000,0x0000010e4a200000)]
  0x000002eef625f000 JavaThread "Timer-115136" [_thread_blocked, id=1602448, stack(0x0000010e4a000000,0x0000010e4a100000)]
  0x000002eef6262000 JavaThread "Timer-115135" [_thread_blocked, id=1602444, stack(0x0000010e49f00000,0x0000010e4a000000)]
  0x000002eef6261000 JavaThread "Timer-115134" [_thread_blocked, id=1602440, stack(0x0000010e49e00000,0x0000010e49f00000)]
  0x000002eef6256000 JavaThread "Timer-115133" [_thread_blocked, id=1602436, stack(0x0000010e49d00000,0x0000010e49e00000)]
  0x000002eef625c800 JavaThread "Timer-115132" [_thread_blocked, id=1602432, stack(0x0000010e49c00000,0x0000010e49d00000)]
  0x000002eef6255000 JavaThread "Timer-115131" [_thread_blocked, id=1602428, stack(0x0000010e49b00000,0x0000010e49c00000)]
  0x000002eef625b000 JavaThread "Timer-115130" [_thread_blocked, id=1602424, stack(0x0000010e49a00000,0x0000010e49b00000)]
  0x000002eee083b800 JavaThread "Timer-115129" [_thread_blocked, id=1602420, stack(0x0000010e49900000,0x0000010e49a00000)]
  0x000002eee083b000 JavaThread "Timer-115128" [_thread_blocked, id=1602416, stack(0x0000010e49800000,0x0000010e49900000)]
  0x000002eee083a000 JavaThread "Timer-115127" [_thread_blocked, id=1602412, stack(0x0000010e49700000,0x0000010e49800000)]
  0x000002eee0838800 JavaThread "Timer-115126" [_thread_blocked, id=1602408, stack(0x0000010e49600000,0x0000010e49700000)]
  0x000002eee0839800 JavaThread "Timer-115125" [_thread_blocked, id=1602404, stack(0x0000010e49500000,0x0000010e49600000)]
  0x000002eef601c000 JavaThread "Timer-115124" [_thread_blocked, id=1602400, stack(0x0000010e49400000,0x0000010e49500000)]
  0x000002eef6428800 JavaThread "Timer-115123" [_thread_blocked, id=1602396, stack(0x0000010e49300000,0x0000010e49400000)]
  0x000002eef6427800 JavaThread "Timer-115122" [_thread_blocked, id=1602392, stack(0x0000010e49200000,0x0000010e49300000)]
  0x000002eef6427000 JavaThread "Timer-115121" [_thread_blocked, id=1602388, stack(0x0000010e49100000,0x0000010e49200000)]
  0x000002eef6577800 JavaThread "Timer-115120" [_thread_blocked, id=1602384, stack(0x0000010e49000000,0x0000010e49100000)]
  0x000002eef656a000 JavaThread "Timer-115119" [_thread_blocked, id=1602380, stack(0x0000010e48f00000,0x0000010e49000000)]
  0x000002eef6570000 JavaThread "Timer-115118" [_thread_blocked, id=1602376, stack(0x0000010e48e00000,0x0000010e48f00000)]
  0x000002eef6571000 JavaThread "Timer-115117" [_thread_blocked, id=1602372, stack(0x0000010e48d00000,0x0000010e48e00000)]
  0x000002eef656f800 JavaThread "Timer-115116" [_thread_blocked, id=1602368, stack(0x0000010e48c00000,0x0000010e48d00000)]
  0x000002eef656e800 JavaThread "Timer-115115" [_thread_blocked, id=1602364, stack(0x0000010e48b00000,0x0000010e48c00000)]
  0x000002eef656e000 JavaThread "Timer-115114" [_thread_blocked, id=1602360, stack(0x0000010e48a00000,0x0000010e48b00000)]
  0x000002eef625a800 JavaThread "Timer-115113" [_thread_blocked, id=1602352, stack(0x0000010e48900000,0x0000010e48a00000)]
  0x000002eef6259800 JavaThread "Timer-115112" [_thread_blocked, id=1602348, stack(0x0000010e48800000,0x0000010e48900000)]
  0x000002eef6259000 JavaThread "Timer-115111" [_thread_blocked, id=1602344, stack(0x0000010e48700000,0x0000010e48800000)]
  0x000002eef5f8e000 JavaThread "Timer-115110" [_thread_blocked, id=1602340, stack(0x0000010e48600000,0x0000010e48700000)]
  0x000002eef5f92000 JavaThread "Timer-115109" [_thread_blocked, id=1602336, stack(0x0000010e48500000,0x0000010e48600000)]
  0x000002eef5f90800 JavaThread "Timer-115108" [_thread_blocked, id=1602332, stack(0x0000010e48400000,0x0000010e48500000)]
  0x000002eef5f8f800 JavaThread "Timer-115107" [_thread_blocked, id=1602328, stack(0x0000010e48300000,0x0000010e48400000)]
  0x000002eef5f86800 JavaThread "Timer-115106" [_thread_blocked, id=1602324, stack(0x0000010e48200000,0x0000010e48300000)]
  0x000002eef5f88000 JavaThread "Timer-115105" [_thread_blocked, id=1602320, stack(0x0000010e48100000,0x0000010e48200000)]
  0x000002eef5f8b000 JavaThread "Timer-115104" [_thread_blocked, id=1602316, stack(0x0000010e48000000,0x0000010e48100000)]
  0x000002eef5f88800 JavaThread "Timer-115103" [_thread_blocked, id=1602312, stack(0x0000010e47f00000,0x0000010e48000000)]
  0x000002eef5f8a000 JavaThread "Timer-115102" [_thread_blocked, id=1602308, stack(0x0000010e47e00000,0x0000010e47f00000)]
  0x000002eef5f87000 JavaThread "Timer-115101" [_thread_blocked, id=1602304, stack(0x0000010e47d00000,0x0000010e47e00000)]
  0x000002eef5f8c800 JavaThread "Timer-115100" [_thread_blocked, id=1602300, stack(0x0000010e47c00000,0x0000010e47d00000)]
  0x000002eef5f89800 JavaThread "Timer-115099" [_thread_blocked, id=1602296, stack(0x0000010e47b00000,0x0000010e47c00000)]
  0x000002eef5f8d800 JavaThread "Timer-115098" [_thread_blocked, id=1602292, stack(0x0000010e47a00000,0x0000010e47b00000)]
  0x000002eef5f7f000 JavaThread "Timer-115097" [_thread_blocked, id=1602288, stack(0x0000010e47900000,0x0000010e47a00000)]
  0x000002eef5f85800 JavaThread "Timer-115096" [_thread_blocked, id=1602284, stack(0x0000010e47800000,0x0000010e47900000)]
  0x000002eef5f7e000 JavaThread "Timer-115095" [_thread_blocked, id=1602280, stack(0x0000010e47700000,0x0000010e47800000)]
  0x000002eef5f85000 JavaThread "Timer-115094" [_thread_blocked, id=1602276, stack(0x0000010e47600000,0x0000010e47700000)]
  0x000002eef5f84000 JavaThread "Timer-115093" [_thread_blocked, id=1602272, stack(0x0000010e47500000,0x0000010e47600000)]
  0x000002eef5f81000 JavaThread "Timer-115092" [_thread_blocked, id=1602268, stack(0x0000010e47400000,0x0000010e47500000)]
  0x000002eef5f7c800 JavaThread "Timer-115091" [_thread_blocked, id=1602264, stack(0x0000010e47300000,0x0000010e47400000)]
  0x000002eef5f82800 JavaThread "Timer-115090" [_thread_blocked, id=1602260, stack(0x0000010e47200000,0x0000010e47300000)]
  0x000002eef5f7d800 JavaThread "Timer-115089" [_thread_blocked, id=1602256, stack(0x0000010e47100000,0x0000010e47200000)]
  0x000002eef5f80800 JavaThread "Timer-115088" [_thread_blocked, id=1602252, stack(0x0000010e47000000,0x0000010e47100000)]
  0x000002eef5f83800 JavaThread "Timer-115087" [_thread_blocked, id=1602248, stack(0x0000010e46f00000,0x0000010e47000000)]
  0x000002eef601f000 JavaThread "Timer-115086" [_thread_blocked, id=1602244, stack(0x0000010e46e00000,0x0000010e46f00000)]
  0x000002eef601b000 JavaThread "Timer-115085" [_thread_blocked, id=1602240, stack(0x0000010e46d00000,0x0000010e46e00000)]
  0x000002eef601d800 JavaThread "Timer-115084" [_thread_blocked, id=1602236, stack(0x0000010e46c00000,0x0000010e46d00000)]
  0x000002eef6018000 JavaThread "Timer-115083" [_thread_blocked, id=1602232, stack(0x0000010e46b00000,0x0000010e46c00000)]
  0x000002eef6019800 JavaThread "Timer-115082" [_thread_blocked, id=1602228, stack(0x0000010e46a00000,0x0000010e46b00000)]
  0x000002eef6011800 JavaThread "Timer-115081" [_thread_blocked, id=1602224, stack(0x0000010e46900000,0x0000010e46a00000)]
  0x000002eef6010800 JavaThread "Timer-115080" [_thread_blocked, id=1602220, stack(0x0000010e46800000,0x0000010e46900000)]
  0x000002eef6017800 JavaThread "Timer-115079" [_thread_blocked, id=1602216, stack(0x0000010e46700000,0x0000010e46800000)]
  0x000002eef6016800 JavaThread "Timer-115078" [_thread_blocked, id=1602212, stack(0x0000010e46600000,0x0000010e46700000)]
  0x000002eef5f10800 JavaThread "Timer-115077" [_thread_blocked, id=1602208, stack(0x0000010e46500000,0x0000010e46600000)]
  0x000002eef5f0b800 JavaThread "Timer-115076" [_thread_blocked, id=1602204, stack(0x0000010e46400000,0x0000010e46500000)]
  0x000002eef5f10000 JavaThread "Timer-115075" [_thread_blocked, id=1602200, stack(0x0000010e46300000,0x0000010e46400000)]
  0x000002eef5f0a800 JavaThread "Timer-115074" [_thread_blocked, id=1602196, stack(0x0000010e46200000,0x0000010e46300000)]
  0x000002eef5f0f000 JavaThread "Timer-115073" [_thread_blocked, id=1602192, stack(0x0000010e46100000,0x0000010e46200000)]
  0x000002eef5f0d800 JavaThread "Timer-115072" [_thread_blocked, id=1602188, stack(0x0000010e46000000,0x0000010e46100000)]
  0x000002eef5f09800 JavaThread "Timer-115071" [_thread_blocked, id=1602184, stack(0x0000010e45f00000,0x0000010e46000000)]
  0x000002eef5f09000 JavaThread "Timer-115070" [_thread_blocked, id=1602180, stack(0x0000010e45e00000,0x0000010e45f00000)]
  0x000002eef5f0e800 JavaThread "Timer-115069" [_thread_blocked, id=1602176, stack(0x0000010e45d00000,0x0000010e45e00000)]
  0x000002eef5f0c000 JavaThread "Timer-115068" [_thread_blocked, id=1602172, stack(0x0000010e45c00000,0x0000010e45d00000)]
  0x000002eef5f0d000 JavaThread "Timer-115067" [_thread_blocked, id=1602168, stack(0x0000010e45b00000,0x0000010e45c00000)]
  0x000002eef5f01800 JavaThread "Timer-115066" [_thread_blocked, id=1602164, stack(0x0000010e45a00000,0x0000010e45b00000)]
  0x000002eef5f07800 JavaThread "Timer-115065" [_thread_blocked, id=1602160, stack(0x0000010e45900000,0x0000010e45a00000)]
  0x000002eef5f05000 JavaThread "Timer-115064" [_thread_blocked, id=1602156, stack(0x0000010e45800000,0x0000010e45900000)]
  0x000002eef625c000 JavaThread "Timer-115063" [_thread_blocked, id=1602152, stack(0x0000010e45700000,0x0000010e45800000)]
  0x000002eef6257800 JavaThread "Timer-115062" [_thread_blocked, id=1602148, stack(0x0000010e45600000,0x0000010e45700000)]
  0x000002eef656d000 JavaThread "Timer-115061" [_thread_blocked, id=1602144, stack(0x0000010e45500000,0x0000010e45600000)]
  0x000002eef656c800 JavaThread "Timer-115060" [_thread_blocked, id=1602140, stack(0x0000010e45400000,0x0000010e45500000)]
  0x000002eef656b800 JavaThread "Timer-115059" [_thread_blocked, id=1602136, stack(0x0000010e45300000,0x0000010e45400000)]
  0x000002eef656b000 JavaThread "Timer-115058" [_thread_blocked, id=1602132, stack(0x0000010e45200000,0x0000010e45300000)]
  0x000002eef6562800 JavaThread "Timer-115057" [_thread_blocked, id=1602128, stack(0x0000010e45100000,0x0000010e45200000)]
  0x000002eef6569000 JavaThread "Timer-115056" [_thread_blocked, id=1602124, stack(0x0000010e45000000,0x0000010e45100000)]
  0x000002eef6561800 JavaThread "Timer-115055" [_thread_blocked, id=1602120, stack(0x0000010e44f00000,0x0000010e45000000)]
  0x000002eef6568800 JavaThread "Timer-115054" [_thread_blocked, id=1602116, stack(0x0000010e44e00000,0x0000010e44f00000)]
  0x000002eef6567800 JavaThread "Timer-115053" [_thread_blocked, id=1602112, stack(0x0000010e44d00000,0x0000010e44e00000)]
  0x000002eef6560000 JavaThread "Timer-115052" [_thread_blocked, id=1602108, stack(0x0000010e44c00000,0x0000010e44d00000)]
  0x000002eef6567000 JavaThread "Timer-115051" [_thread_blocked, id=1602104, stack(0x0000010e44b00000,0x0000010e44c00000)]
  0x000002eef655f800 JavaThread "Timer-115050" [_thread_blocked, id=1602100, stack(0x0000010e44a00000,0x0000010e44b00000)]
  0x000002eef6566000 JavaThread "Timer-115049" [_thread_blocked, id=1602096, stack(0x0000010e44900000,0x0000010e44a00000)]
  0x000002eef6563000 JavaThread "Timer-115048" [_thread_blocked, id=1602092, stack(0x0000010e44800000,0x0000010e44900000)]
  0x000002eef6564800 JavaThread "Timer-115047" [_thread_blocked, id=1602088, stack(0x0000010e44700000,0x0000010e44800000)]
  0x000002eef6564000 JavaThread "Timer-115046" [_thread_blocked, id=1602084, stack(0x0000010e44600000,0x0000010e44700000)]
  0x000002eef6565800 JavaThread "Timer-115045" [_thread_blocked, id=1602080, stack(0x0000010e44500000,0x0000010e44600000)]
  0x000002eef655e800 JavaThread "Timer-115044" [_thread_blocked, id=1602076, stack(0x0000010e44400000,0x0000010e44500000)]
  0x000002eef655b000 JavaThread "Timer-115043" [_thread_blocked, id=1602072, stack(0x0000010e44300000,0x0000010e44400000)]
  0x000002eef655e000 JavaThread "Timer-115042" [_thread_blocked, id=1602068, stack(0x0000010e44200000,0x0000010e44300000)]
  0x000002eef655d000 JavaThread "Timer-115041" [_thread_blocked, id=1602064, stack(0x0000010e44100000,0x0000010e44200000)]
  0x000002eef6561000 JavaThread "Timer-115040" [_thread_blocked, id=1602060, stack(0x0000010e44000000,0x0000010e44100000)]
  0x000002eef655c800 JavaThread "Timer-115039" [_thread_blocked, id=1602056, stack(0x0000010e43f00000,0x0000010e44000000)]
  0x000002eef6555000 JavaThread "Timer-115038" [_thread_blocked, id=1602052, stack(0x0000010e43e00000,0x0000010e43f00000)]
  0x000002eef655a000 JavaThread "Timer-115037" [_thread_blocked, id=1602048, stack(0x0000010e43d00000,0x0000010e43e00000)]
  0x000002eef6559800 JavaThread "Timer-115036" [_thread_blocked, id=1602044, stack(0x0000010e43c00000,0x0000010e43d00000)]
  0x000002eef6557000 JavaThread "Timer-115035" [_thread_blocked, id=1602040, stack(0x0000010e43b00000,0x0000010e43c00000)]
  0x000002eef655b800 JavaThread "Timer-115034" [_thread_blocked, id=1602036, stack(0x0000010e43a00000,0x0000010e43b00000)]
  0x000002eef6556800 JavaThread "Timer-115033" [_thread_blocked, id=1602032, stack(0x0000010e43900000,0x0000010e43a00000)]
  0x000002eef6552000 JavaThread "Timer-115032" [_thread_blocked, id=1602028, stack(0x0000010e43800000,0x0000010e43900000)]
  0x000002eef6554000 JavaThread "Timer-115031" [_thread_blocked, id=1602024, stack(0x0000010e43700000,0x0000010e43800000)]
  0x000002eef6553800 JavaThread "Timer-115030" [_thread_blocked, id=1602020, stack(0x0000010e43600000,0x0000010e43700000)]
  0x000002eef6558800 JavaThread "Timer-115029" [_thread_blocked, id=1602016, stack(0x0000010e43500000,0x0000010e43600000)]
  0x000002eef6552800 JavaThread "Timer-115028" [_thread_blocked, id=1602012, stack(0x0000010e43400000,0x0000010e43500000)]
  0x000002eef6551000 JavaThread "Timer-115027" [_thread_blocked, id=1602008, stack(0x0000010e43300000,0x0000010e43400000)]
  0x000002eef6558000 JavaThread "Timer-115026" [_thread_blocked, id=1602004, stack(0x0000010e43200000,0x0000010e43300000)]
  0x000002eef6555800 JavaThread "Timer-115025" [_thread_blocked, id=1602000, stack(0x0000010e43100000,0x0000010e43200000)]
  0x000002eef6550800 JavaThread "Timer-115024" [_thread_blocked, id=1601996, stack(0x0000010e43000000,0x0000010e43100000)]
  0x000002eef6549000 JavaThread "Timer-115023" [_thread_blocked, id=1601992, stack(0x0000010e42f00000,0x0000010e43000000)]
  0x000002eef654f800 JavaThread "Timer-115022" [_thread_blocked, id=1601988, stack(0x0000010e42e00000,0x0000010e42f00000)]
  0x000002eef654f000 JavaThread "Timer-115021" [_thread_blocked, id=1601984, stack(0x0000010e42d00000,0x0000010e42e00000)]
  0x000002eef654e000 JavaThread "Timer-115020" [_thread_blocked, id=1601980, stack(0x0000010e42c00000,0x0000010e42d00000)]
  0x000002eef6546800 JavaThread "Timer-115019" [_thread_blocked, id=1601976, stack(0x0000010e42b00000,0x0000010e42c00000)]
  0x000002eef6547800 JavaThread "Timer-115018" [_thread_blocked, id=1601972, stack(0x0000010e42a00000,0x0000010e42b00000)]
  0x000002eef654d800 JavaThread "Timer-115017" [_thread_blocked, id=1601968, stack(0x0000010e42900000,0x0000010e42a00000)]
  0x000002eef654c800 JavaThread "Timer-115016" [_thread_blocked, id=1601964, stack(0x0000010e42800000,0x0000010e42900000)]
  0x000002eef6426000 JavaThread "Timer-115015" [_thread_blocked, id=1601960, stack(0x0000010e42700000,0x0000010e42800000)]
  0x000002eef641e800 JavaThread "Timer-115014" [_thread_blocked, id=1601956, stack(0x0000010e42600000,0x0000010e42700000)]
  0x000002eef6425800 JavaThread "Timer-115013" [_thread_blocked, id=1601952, stack(0x0000010e42500000,0x0000010e42600000)]
  0x000002eef6424800 JavaThread "Timer-115012" [_thread_blocked, id=1601948, stack(0x0000010e42400000,0x0000010e42500000)]
  0x000002eef6421800 JavaThread "Timer-115011" [_thread_blocked, id=1601944, stack(0x0000010e42300000,0x0000010e42400000)]
  0x000002eef6424000 JavaThread "Timer-115010" [_thread_blocked, id=1601940, stack(0x0000010e42200000,0x0000010e42300000)]
  0x000002eef6421000 JavaThread "Timer-115009" [_thread_blocked, id=1601936, stack(0x0000010e42100000,0x0000010e42200000)]
  0x000002eef6423000 JavaThread "Timer-115008" [_thread_blocked, id=1601932, stack(0x0000010e42000000,0x0000010e42100000)]
  0x000002eef6422800 JavaThread "Timer-115007" [_thread_blocked, id=1601928, stack(0x0000010e41f00000,0x0000010e42000000)]
  0x000002eef641f800 JavaThread "Timer-115006" [_thread_blocked, id=1601924, stack(0x0000010e41e00000,0x0000010e41f00000)]
  0x000002eef6419800 JavaThread "Timer-115005" [_thread_blocked, id=1601920, stack(0x0000010e41d00000,0x0000010e41e00000)]
  0x000002eef641d000 JavaThread "Timer-115004" [_thread_blocked, id=1601916, stack(0x0000010e41c00000,0x0000010e41d00000)]
  0x000002eef641b800 JavaThread "Timer-115003" [_thread_blocked, id=1601912, stack(0x0000010e41b00000,0x0000010e41c00000)]
  0x000002eef641e000 JavaThread "Timer-115002" [_thread_blocked, id=1601908, stack(0x0000010e41a00000,0x0000010e41b00000)]
  0x000002eef641c800 JavaThread "Timer-115001" [_thread_blocked, id=1601904, stack(0x0000010e41900000,0x0000010e41a00000)]
  0x000002eef641a000 JavaThread "Timer-115000" [_thread_blocked, id=1601900, stack(0x0000010e41800000,0x0000010e41900000)]
  0x000002eef6420000 JavaThread "Timer-114999" [_thread_blocked, id=1601896, stack(0x0000010e41700000,0x0000010e41800000)]
  0x000002eef6418800 JavaThread "Timer-114998" [_thread_blocked, id=1601892, stack(0x0000010e41600000,0x0000010e41700000)]
  0x000002eef641b000 JavaThread "Timer-114997" [_thread_blocked, id=1601888, stack(0x0000010e41500000,0x0000010e41600000)]
  0x000002eef6417000 JavaThread "Timer-114996" [_thread_blocked, id=1601884, stack(0x0000010e41400000,0x0000010e41500000)]
  0x000002eef6416800 JavaThread "Timer-114995" [_thread_blocked, id=1601880, stack(0x0000010e41300000,0x0000010e41400000)]
  0x000002eef6418000 JavaThread "Timer-114994" [_thread_blocked, id=1601876, stack(0x0000010e41200000,0x0000010e41300000)]
  0x000002eef6415800 JavaThread "Timer-114993" [_thread_blocked, id=1601872, stack(0x0000010e41100000,0x0000010e41200000)]
  0x000002eef640f000 JavaThread "Timer-114992" [_thread_blocked, id=1601868, stack(0x0000010e41000000,0x0000010e41100000)]
  0x000002eef640e000 JavaThread "Timer-114991" [_thread_blocked, id=1601856, stack(0x0000010e40f00000,0x0000010e41000000)]
  0x000002eef6415000 JavaThread "Timer-114990" [_thread_blocked, id=1601852, stack(0x0000010e40e00000,0x0000010e40f00000)]
  0x000002eef6412000 JavaThread "Timer-114989" [_thread_blocked, id=1601848, stack(0x0000010e40d00000,0x0000010e40e00000)]
  0x000002eef6411000 JavaThread "Timer-114988" [_thread_blocked, id=1601844, stack(0x0000010e40c00000,0x0000010e40d00000)]
  0x000002eef640d800 JavaThread "Timer-114987" [_thread_blocked, id=1601840, stack(0x0000010e40b00000,0x0000010e40c00000)]
  0x000002eef6414000 JavaThread "Timer-114986" [_thread_blocked, id=1601836, stack(0x0000010e40a00000,0x0000010e40b00000)]
  0x000002eef6410800 JavaThread "Timer-114985" [_thread_blocked, id=1601832, stack(0x0000010e40900000,0x0000010e40a00000)]
  0x000002eef640c800 JavaThread "Timer-114984" [_thread_blocked, id=1601828, stack(0x0000010e40800000,0x0000010e40900000)]
  0x000002eef6413800 JavaThread "Timer-114983" [_thread_blocked, id=1601824, stack(0x0000010e40700000,0x0000010e40800000)]
  0x000002eef6412800 JavaThread "Timer-114982" [_thread_blocked, id=1601820, stack(0x0000010e40600000,0x0000010e40700000)]
  0x000002eef640f800 JavaThread "Timer-114981" [_thread_blocked, id=1601812, stack(0x0000010e40500000,0x0000010e40600000)]
  0x000002eef640c000 JavaThread "Timer-114980" [_thread_blocked, id=1601808, stack(0x0000010e40400000,0x0000010e40500000)]
  0x000002eef640b000 JavaThread "Timer-114979" [_thread_blocked, id=1601804, stack(0x0000010e40300000,0x0000010e40400000)]
  0x000002eef6403800 JavaThread "Timer-114978" [_thread_blocked, id=1601800, stack(0x0000010e40200000,0x0000010e40300000)]
  0x000002eef6016000 JavaThread "Timer-114977" [_thread_blocked, id=1601796, stack(0x0000010e40100000,0x0000010e40200000)]
  0x000002eef6014800 JavaThread "Timer-114976" [_thread_blocked, id=1601792, stack(0x0000010e40000000,0x0000010e40100000)]
  0x000002eef600f000 JavaThread "Timer-114975" [_thread_blocked, id=1601788, stack(0x0000010e3ff00000,0x0000010e40000000)]
  0x000002eef6015000 JavaThread "Timer-114974" [_thread_blocked, id=1601784, stack(0x0000010e3fe00000,0x0000010e3ff00000)]
  0x000002eef6013800 JavaThread "Timer-114973" [_thread_blocked, id=1601780, stack(0x0000010e3fd00000,0x0000010e3fe00000)]
  0x000002eef600c000 JavaThread "Timer-114972" [_thread_blocked, id=1601776, stack(0x0000010e3fc00000,0x0000010e3fd00000)]
  0x000002eef6013000 JavaThread "Timer-114971" [_thread_blocked, id=1601772, stack(0x0000010e3fb00000,0x0000010e3fc00000)]
  0x000002eef640a800 JavaThread "Timer-114970" [_thread_blocked, id=1601768, stack(0x0000010e3fa00000,0x0000010e3fb00000)]
  0x000002eef6402800 JavaThread "Timer-114969" [_thread_blocked, id=1601764, stack(0x0000010e3f900000,0x0000010e3fa00000)]
  0x000002eef6409800 JavaThread "Timer-114968" [_thread_blocked, id=1601760, stack(0x0000010e3f800000,0x0000010e3f900000)]
  0x000002eef6402000 JavaThread "Timer-114967" [_thread_blocked, id=1601756, stack(0x0000010e3f700000,0x0000010e3f800000)]
  0x000002eef6408800 JavaThread "Timer-114966" [_thread_blocked, id=1601752, stack(0x0000010e3f600000,0x0000010e3f700000)]
  0x000002eef6408000 JavaThread "Timer-114965" [_thread_blocked, id=1601748, stack(0x0000010e3f500000,0x0000010e3f600000)]
  0x000002eef6400800 JavaThread "Timer-114964" [_thread_blocked, id=1601744, stack(0x0000010e3f400000,0x0000010e3f500000)]
  0x000002eef6407000 JavaThread "Timer-114963" [_thread_blocked, id=1601740, stack(0x0000010e3f300000,0x0000010e3f400000)]
  0x000002eef6404000 JavaThread "Timer-114962" [_thread_blocked, id=1601736, stack(0x0000010e3f200000,0x0000010e3f300000)]
  0x000002eef6405800 JavaThread "Timer-114961" [_thread_blocked, id=1601732, stack(0x0000010e3f100000,0x0000010e3f200000)]
  0x000002eef6405000 JavaThread "Timer-114960" [_thread_blocked, id=1601728, stack(0x0000010e3f000000,0x0000010e3f100000)]
  0x000002eef6406800 JavaThread "Timer-114959" [_thread_blocked, id=1601724, stack(0x0000010e3ef00000,0x0000010e3f000000)]
  0x000002eef63fa800 JavaThread "Timer-114958" [_thread_blocked, id=1601720, stack(0x0000010e3ee00000,0x0000010e3ef00000)]
  0x000002eef6401000 JavaThread "Timer-114957" [_thread_blocked, id=1601716, stack(0x0000010e3ed00000,0x0000010e3ee00000)]
  0x000002eef63ff800 JavaThread "Timer-114956" [_thread_blocked, id=1601712, stack(0x0000010e3ec00000,0x0000010e3ed00000)]
  0x000002eef63ff000 JavaThread "Timer-114955" [_thread_blocked, id=1601708, stack(0x0000010e3eb00000,0x0000010e3ec00000)]
  0x000002eef63f7800 JavaThread "Timer-114954" [_thread_blocked, id=1601704, stack(0x0000010e3ea00000,0x0000010e3eb00000)]
  0x000002eef63f9000 JavaThread "Timer-114953" [_thread_blocked, id=1601700, stack(0x0000010e3e900000,0x0000010e3ea00000)]
  0x000002eef63fc000 JavaThread "Timer-114952" [_thread_blocked, id=1601692, stack(0x0000010e3e800000,0x0000010e3e900000)]
  0x000002eef63f9800 JavaThread "Timer-114951" [_thread_blocked, id=1601688, stack(0x0000010e3e700000,0x0000010e3e800000)]
  0x000002eef63fc800 JavaThread "Timer-114950" [_thread_blocked, id=1601684, stack(0x0000010e3e600000,0x0000010e3e700000)]
  0x000002eef63fd800 JavaThread "Timer-114949" [_thread_blocked, id=1601680, stack(0x0000010e3e500000,0x0000010e3e600000)]
  0x000002eef63fb000 JavaThread "Timer-114948" [_thread_blocked, id=1601676, stack(0x0000010e3e400000,0x0000010e3e500000)]
  0x000002eef63f8000 JavaThread "Timer-114947" [_thread_blocked, id=1601672, stack(0x0000010e3e300000,0x0000010e3e400000)]
  0x000002eef63fe000 JavaThread "Timer-114946" [_thread_blocked, id=1601660, stack(0x0000010e3e200000,0x0000010e3e300000)]
  0x000002eef63f0000 JavaThread "Timer-114945" [_thread_blocked, id=1601656, stack(0x0000010e3e100000,0x0000010e3e200000)]
  0x000002eef63f6000 JavaThread "Timer-114944" [_thread_blocked, id=1601652, stack(0x0000010e3e000000,0x0000010e3e100000)]
  0x000002eef63f4800 JavaThread "Timer-114943" [_thread_blocked, id=1601648, stack(0x0000010e3df00000,0x0000010e3e000000)]
  0x000002eef63f3800 JavaThread "Timer-114942" [_thread_blocked, id=1601644, stack(0x0000010e3de00000,0x0000010e3df00000)]
  0x000002eef63f2000 JavaThread "Timer-114941" [_thread_blocked, id=1601640, stack(0x0000010e3dd00000,0x0000010e3de00000)]
  0x000002eef63f6800 JavaThread "Timer-114940" [_thread_blocked, id=1601636, stack(0x0000010e3dc00000,0x0000010e3dd00000)]
  0x000002eef63ee800 JavaThread "Timer-114939" [_thread_blocked, id=1601632, stack(0x0000010e3db00000,0x0000010e3dc00000)]
  0x000002eef63f1800 JavaThread "Timer-114938" [_thread_blocked, id=1601628, stack(0x0000010e3da00000,0x0000010e3db00000)]
  0x000002eef63f5000 JavaThread "Timer-114937" [_thread_blocked, id=1601624, stack(0x0000010e3d700000,0x0000010e3d800000)]
  0x000002eef63ec000 JavaThread "Timer-114936" [_thread_blocked, id=1601620, stack(0x0000010e3d600000,0x0000010e3d700000)]
  0x000002eef63f0800 JavaThread "Timer-114935" [_thread_blocked, id=1601616, stack(0x0000010e3d500000,0x0000010e3d600000)]
  0x000002eef6545000 JavaThread "Timer-114934" [_thread_blocked, id=1601608, stack(0x0000010e3d400000,0x0000010e3d500000)]
  0x000002eef654c000 JavaThread "Timer-114933" [_thread_blocked, id=1601604, stack(0x0000010e3d300000,0x0000010e3d400000)]
  0x000002eef6546000 JavaThread "Timer-114932" [_thread_blocked, id=1601600, stack(0x0000010e3d200000,0x0000010e3d300000)]
  0x000002eef654a800 JavaThread "Timer-114931" [_thread_blocked, id=1601596, stack(0x0000010e3d100000,0x0000010e3d200000)]
  0x000002eef6549800 JavaThread "Timer-114930" [_thread_blocked, id=1601592, stack(0x0000010e3d000000,0x0000010e3d100000)]
  0x000002eef654b000 JavaThread "Timer-114929" [_thread_blocked, id=1601588, stack(0x0000010e3cf00000,0x0000010e3d000000)]
  0x000002eef6543800 JavaThread "Timer-114928" [_thread_blocked, id=1601584, stack(0x0000010e3ce00000,0x0000010e3cf00000)]
  0x000002eef6542000 JavaThread "Timer-114927" [_thread_blocked, id=1601576, stack(0x0000010e3cd00000,0x0000010e3ce00000)]
  0x000002eef6544800 JavaThread "Timer-114926" [_thread_blocked, id=1601572, stack(0x0000010e3cc00000,0x0000010e3cd00000)]
  0x000002eef6543000 JavaThread "Timer-114925" [_thread_blocked, id=1601568, stack(0x0000010e3cb00000,0x0000010e3cc00000)]
  0x000002eef6548000 JavaThread "Timer-114924" [_thread_blocked, id=1601564, stack(0x0000010e3ca00000,0x0000010e3cb00000)]
  0x000002eef6541800 JavaThread "Timer-114923" [_thread_blocked, id=1601556, stack(0x0000010e3c900000,0x0000010e3ca00000)]
  0x000002eef62c1000 JavaThread "Timer-114922" [_thread_blocked, id=1601552, stack(0x0000010e3c800000,0x0000010e3c900000)]
  0x000002eef62c0800 JavaThread "Timer-114921" [_thread_blocked, id=1601548, stack(0x0000010e3c700000,0x0000010e3c800000)]
  0x000002eef62bf800 JavaThread "Timer-114920" [_thread_blocked, id=1601544, stack(0x0000010e3c600000,0x0000010e3c700000)]
  0x000002eef62bf000 JavaThread "Timer-114919" [_thread_blocked, id=1601540, stack(0x0000010e3c500000,0x0000010e3c600000)]
  0x000002eef5f03800 JavaThread "Timer-114918" [_thread_blocked, id=1601236, stack(0x0000010e3c400000,0x0000010e3c500000)]
  0x000002eef5f08000 JavaThread "Timer-114917" [_thread_blocked, id=19528, stack(0x0000010e3c300000,0x0000010e3c400000)]
  0x000002eef5f02000 JavaThread "Timer-114916" [_thread_blocked, id=1594392, stack(0x0000010e3c200000,0x0000010e3c300000)]
  0x000002eef5f06800 JavaThread "Timer-114915" [_thread_blocked, id=320132, stack(0x0000010e3c100000,0x0000010e3c200000)]
  0x000002eef5f06000 JavaThread "Timer-114914" [_thread_blocked, id=457608, stack(0x0000010e3c000000,0x0000010e3c100000)]
  0x000002eef5f04800 JavaThread "Timer-114913" [_thread_blocked, id=1571032, stack(0x0000010e3bf00000,0x0000010e3c000000)]
  0x000002eef5f03000 JavaThread "Timer-114912" [_thread_blocked, id=1601216, stack(0x0000010e3be00000,0x0000010e3bf00000)]
  0x000002eef5f00000 JavaThread "Timer-114911" [_thread_blocked, id=1601228, stack(0x0000010e3bd00000,0x0000010e3be00000)]
  0x000002eef5efa800 JavaThread "Timer-114910" [_thread_blocked, id=1601188, stack(0x0000010e3bc00000,0x0000010e3bd00000)]
  0x000002eef5efe800 JavaThread "Timer-114909" [_thread_blocked, id=1601184, stack(0x0000010e3bb00000,0x0000010e3bc00000)]
  0x000002eef5eff000 JavaThread "Timer-114908" [_thread_blocked, id=1601180, stack(0x0000010e3ba00000,0x0000010e3bb00000)]
  0x000002eef5efb800 JavaThread "Timer-114907" [_thread_blocked, id=1600936, stack(0x0000010e3b900000,0x0000010e3ba00000)]
  0x000002eef5efd800 JavaThread "Timer-114906" [_thread_blocked, id=1600948, stack(0x0000010e3b800000,0x0000010e3b900000)]
  0x000002eef62be000 JavaThread "Timer-114905" [_thread_blocked, id=1601064, stack(0x0000010e3b700000,0x0000010e3b800000)]
  0x000002eef62c2000 JavaThread "Timer-114904" [_thread_blocked, id=1601060, stack(0x0000010e3b600000,0x0000010e3b700000)]
  0x000002eef62bd800 JavaThread "Timer-114903" [_thread_blocked, id=1601056, stack(0x0000010e3b500000,0x0000010e3b600000)]
  0x000002eef62b5800 JavaThread "Timer-114902" [_thread_blocked, id=1600992, stack(0x0000010e3b400000,0x0000010e3b500000)]
  0x000002eef62bc800 JavaThread "Timer-114901" [_thread_blocked, id=1600976, stack(0x0000010e3b300000,0x0000010e3b400000)]
  0x000002eef62bc000 JavaThread "Timer-114900" [_thread_blocked, id=1600968, stack(0x0000010e3b200000,0x0000010e3b300000)]
  0x000002eef62b4000 JavaThread "Timer-114899" [_thread_blocked, id=1600808, stack(0x0000010e3b100000,0x0000010e3b200000)]
  0x000002eef62bb000 JavaThread "Timer-114898" [_thread_blocked, id=1600792, stack(0x0000010e3b000000,0x0000010e3b100000)]
  0x000002eef62ba800 JavaThread "Timer-114897" [_thread_blocked, id=269884, stack(0x0000010e3af00000,0x0000010e3b000000)]
  0x000002eef62b2800 JavaThread "Timer-114896" [_thread_blocked, id=330260, stack(0x0000010e3ae00000,0x0000010e3af00000)]
  0x000002eef62b6800 JavaThread "Timer-114895" [_thread_blocked, id=209440, stack(0x0000010e3ad00000,0x0000010e3ae00000)]
  0x000002eef62b8000 JavaThread "Timer-114894" [_thread_blocked, id=1601532, stack(0x0000010e3ac00000,0x0000010e3ad00000)]
  0x000002eef62b9800 JavaThread "Timer-114893" [_thread_blocked, id=1601528, stack(0x0000010e3ab00000,0x0000010e3ac00000)]
  0x000002eef62b9000 JavaThread "Timer-114892" [_thread_blocked, id=1601524, stack(0x0000010e3aa00000,0x0000010e3ab00000)]
  0x000002eef62b3800 JavaThread "Timer-114891" [_thread_blocked, id=1601520, stack(0x0000010e3a900000,0x0000010e3aa00000)]
  0x000002eef62b7000 JavaThread "Timer-114890" [_thread_blocked, id=1601516, stack(0x0000010e3a800000,0x0000010e3a900000)]
  0x000002eef62b5000 JavaThread "Timer-114889" [_thread_blocked, id=1601512, stack(0x0000010e3a700000,0x0000010e3a800000)]
  0x000002eef62ab000 JavaThread "Timer-114888" [_thread_blocked, id=1601508, stack(0x0000010e3a600000,0x0000010e3a700000)]
  0x000002eef62b2000 JavaThread "Timer-114887" [_thread_blocked, id=1601504, stack(0x0000010e3a500000,0x0000010e3a600000)]
  0x000002eef62b1000 JavaThread "Timer-114886" [_thread_blocked, id=1601500, stack(0x0000010e3a400000,0x0000010e3a500000)]
  0x000002eef62ad800 JavaThread "Timer-114885" [_thread_blocked, id=1601496, stack(0x0000010e3a300000,0x0000010e3a400000)]
  0x000002eef62ac000 JavaThread "Timer-114884" [_thread_blocked, id=1601492, stack(0x0000010e3a200000,0x0000010e3a300000)]
  0x000002eef62b0800 JavaThread "Timer-114883" [_thread_blocked, id=1601488, stack(0x0000010e3a100000,0x0000010e3a200000)]
  0x000002eef62af000 JavaThread "Timer-114882" [_thread_blocked, id=1601484, stack(0x0000010e3a000000,0x0000010e3a100000)]
  0x000002eef62ac800 JavaThread "Timer-114881" [_thread_blocked, id=1601480, stack(0x0000010e39f00000,0x0000010e3a000000)]
  0x000002eef62a9000 JavaThread "Timer-114880" [_thread_blocked, id=1601476, stack(0x0000010e39e00000,0x0000010e39f00000)]
  0x000002eef62aa800 JavaThread "Timer-114879" [_thread_blocked, id=1601472, stack(0x0000010e39d00000,0x0000010e39e00000)]
  0x000002eef62a9800 JavaThread "Timer-114878" [_thread_blocked, id=1601468, stack(0x0000010e39c00000,0x0000010e39d00000)]
  0x000002eef62af800 JavaThread "Timer-114877" [_thread_blocked, id=1601464, stack(0x0000010e39b00000,0x0000010e39c00000)]
  0x000002eef62a8000 JavaThread "Timer-114876" [_thread_blocked, id=1601460, stack(0x0000010e39a00000,0x0000010e39b00000)]
  0x000002eef62a7800 JavaThread "Timer-114875" [_thread_blocked, id=1601456, stack(0x0000010e39900000,0x0000010e39a00000)]
  0x000002eef62ae000 JavaThread "Timer-114874" [_thread_blocked, id=1601448, stack(0x0000010e39800000,0x0000010e39900000)]
  0x000002eef62a0000 JavaThread "Timer-114873" [_thread_blocked, id=1601444, stack(0x0000010e39700000,0x0000010e39800000)]
  0x000002eef62a6800 JavaThread "Timer-114872" [_thread_blocked, id=1601440, stack(0x0000010e39600000,0x0000010e39700000)]
  0x000002eef62a6000 JavaThread "Timer-114871" [_thread_blocked, id=1601436, stack(0x0000010e39500000,0x0000010e39600000)]
  0x000002eef5f00800 JavaThread "Timer-114870" [_thread_blocked, id=1601432, stack(0x0000010e39400000,0x0000010e39500000)]
  0x000002eef5efd000 JavaThread "Timer-114869" [_thread_blocked, id=1601428, stack(0x0000010e39300000,0x0000010e39400000)]
  0x000002eef5efa000 JavaThread "Timer-114868" [_thread_blocked, id=1601424, stack(0x0000010e39200000,0x0000010e39300000)]
  0x000002eef5efc000 JavaThread "Timer-114867" [_thread_blocked, id=1601420, stack(0x0000010e39100000,0x0000010e39200000)]
  0x000002eef5ef2800 JavaThread "Timer-114866" [_thread_blocked, id=1601416, stack(0x0000010e39000000,0x0000010e39100000)]
  0x000002eef5ef9000 JavaThread "Timer-114865" [_thread_blocked, id=1601412, stack(0x0000010e38f00000,0x0000010e39000000)]
  0x000002eef5ef1800 JavaThread "Timer-114864" [_thread_blocked, id=1601408, stack(0x0000010e38e00000,0x0000010e38f00000)]
  0x000002eef5ef8800 JavaThread "Timer-114863" [_thread_blocked, id=1601404, stack(0x0000010e38d00000,0x0000010e38e00000)]
  0x000002eef5ef1000 JavaThread "Timer-114862" [_thread_blocked, id=1601400, stack(0x0000010e38c00000,0x0000010e38d00000)]
  0x000002eef5ef7800 JavaThread "Timer-114861" [_thread_blocked, id=1601396, stack(0x0000010e38b00000,0x0000010e38c00000)]
  0x000002eef5ef7000 JavaThread "Timer-114860" [_thread_blocked, id=1601392, stack(0x0000010e38a00000,0x0000010e38b00000)]
  0x000002eef62a5000 JavaThread "Timer-114859" [_thread_blocked, id=1601388, stack(0x0000010e38900000,0x0000010e38a00000)]
  0x000002eef62a4800 JavaThread "Timer-114858" [_thread_blocked, id=1601384, stack(0x0000010e38800000,0x0000010e38900000)]
  0x000002eef629d000 JavaThread "Timer-114857" [_thread_blocked, id=1601380, stack(0x0000010e38700000,0x0000010e38800000)]
  0x000002eef629f000 JavaThread "Timer-114856" [_thread_blocked, id=1601376, stack(0x0000010e38600000,0x0000010e38700000)]
  0x000002eef62a3800 JavaThread "Timer-114855" [_thread_blocked, id=1601368, stack(0x0000010e38500000,0x0000010e38600000)]
  0x000002eef62a3000 JavaThread "Timer-114854" [_thread_blocked, id=1601364, stack(0x0000010e38400000,0x0000010e38500000)]
  0x000002eef629d800 JavaThread "Timer-114853" [_thread_blocked, id=1601360, stack(0x0000010e38300000,0x0000010e38400000)]
  0x000002eef629c000 JavaThread "Timer-114852" [_thread_blocked, id=1601356, stack(0x0000010e38200000,0x0000010e38300000)]
  0x000002eef62a2000 JavaThread "Timer-114851" [_thread_blocked, id=1601352, stack(0x0000010e38100000,0x0000010e38200000)]
  0x000002eef629e800 JavaThread "Timer-114850" [_thread_blocked, id=1601348, stack(0x0000010e38000000,0x0000010e38100000)]
  0x000002eef6010000 JavaThread "Timer-114849" [_thread_blocked, id=1601344, stack(0x0000010e37f00000,0x0000010e38000000)]
  0x000002eef600b000 JavaThread "Timer-114848" [_thread_blocked, id=1601340, stack(0x0000010e37e00000,0x0000010e37f00000)]
  0x000002eef63ed000 JavaThread "Timer-114847" [_thread_blocked, id=1601336, stack(0x0000010e37d00000,0x0000010e37e00000)]
  0x000002eef63f3000 JavaThread "Timer-114846" [_thread_blocked, id=1601332, stack(0x0000010e37c00000,0x0000010e37d00000)]
  0x000002eef63ed800 JavaThread "Timer-114845" [_thread_blocked, id=1601328, stack(0x0000010e37b00000,0x0000010e37c00000)]
  0x000002eef63e8800 JavaThread "Timer-114844" [_thread_blocked, id=1601324, stack(0x0000010e37a00000,0x0000010e37b00000)]
  0x000002eef63eb800 JavaThread "Timer-114843" [_thread_blocked, id=1601320, stack(0x0000010e37900000,0x0000010e37a00000)]
  0x000002eef63ea800 JavaThread "Timer-114842" [_thread_blocked, id=1601316, stack(0x0000010e37800000,0x0000010e37900000)]
  0x000002eef63ef000 JavaThread "Timer-114841" [_thread_blocked, id=1601312, stack(0x0000010e37700000,0x0000010e37800000)]
  0x000002eef63ea000 JavaThread "Timer-114840" [_thread_blocked, id=1601308, stack(0x0000010e37600000,0x0000010e37700000)]
  0x000002eef63e9000 JavaThread "Timer-114839" [_thread_blocked, id=1601304, stack(0x0000010e37500000,0x0000010e37600000)]
  0x000002eef6151000 JavaThread "Timer-114838" [_thread_blocked, id=1601300, stack(0x0000010e37400000,0x0000010e37500000)]
  0x000002eef6150800 JavaThread "Timer-114837" [_thread_blocked, id=1601296, stack(0x0000010e37300000,0x0000010e37400000)]
  0x000002eef6156800 JavaThread "Timer-114836" [_thread_blocked, id=1601292, stack(0x0000010e37200000,0x0000010e37300000)]
  0x000002eef6153800 JavaThread "Timer-114835" [_thread_blocked, id=1601288, stack(0x0000010e37100000,0x0000010e37200000)]
  0x000002eef6155800 JavaThread "Timer-114834" [_thread_blocked, id=1601284, stack(0x0000010e37000000,0x0000010e37100000)]
  0x000002eef6152800 JavaThread "Timer-114833" [_thread_blocked, id=1601280, stack(0x0000010e36f00000,0x0000010e37000000)]
  0x000002eef6154000 JavaThread "Timer-114832" [_thread_blocked, id=1601276, stack(0x0000010e36e00000,0x0000010e36f00000)]
  0x000002eef6155000 JavaThread "Timer-114831" [_thread_blocked, id=1601272, stack(0x0000010e36d00000,0x0000010e36e00000)]
  0x000002eef6152000 JavaThread "Timer-114830" [_thread_blocked, id=1601268, stack(0x0000010e36c00000,0x0000010e36d00000)]
  0x000002eef6149000 JavaThread "Timer-114829" [_thread_blocked, id=1601264, stack(0x0000010e36b00000,0x0000010e36c00000)]
  0x000002eef614f800 JavaThread "Timer-114828" [_thread_blocked, id=1601260, stack(0x0000010e36a00000,0x0000010e36b00000)]
  0x000002eef6148000 JavaThread "Timer-114827" [_thread_blocked, id=1601256, stack(0x0000010e36900000,0x0000010e36a00000)]
  0x000002eef614c800 JavaThread "Timer-114826" [_thread_blocked, id=1601252, stack(0x0000010e36800000,0x0000010e36900000)]
  0x000002eef6012000 JavaThread "Timer-114825" [_thread_blocked, id=1601248, stack(0x0000010e36700000,0x0000010e36800000)]
  0x000002eef6009000 JavaThread "Timer-114824" [_thread_blocked, id=1601244, stack(0x0000010e36600000,0x0000010e36700000)]
  0x000002eef600a800 JavaThread "Timer-114823" [_thread_blocked, id=1601232, stack(0x0000010e36500000,0x0000010e36600000)]
  0x000002eef6009800 JavaThread "Timer-114822" [_thread_blocked, id=1601224, stack(0x0000010e36400000,0x0000010e36500000)]
  0x000002eef600e800 JavaThread "Timer-114821" [_thread_blocked, id=1601220, stack(0x0000010e36300000,0x0000010e36400000)]
  0x000002eef614c000 JavaThread "Timer-114820" [_thread_blocked, id=1601212, stack(0x0000010e36200000,0x0000010e36300000)]
  0x000002eef614a800 JavaThread "Timer-114819" [_thread_blocked, id=1601204, stack(0x0000010e36100000,0x0000010e36200000)]
  0x000002eef614f000 JavaThread "Timer-114818" [_thread_blocked, id=1601192, stack(0x0000010e36000000,0x0000010e36100000)]
  0x000002eef6147800 JavaThread "Timer-114817" [_thread_blocked, id=1601176, stack(0x0000010e35f00000,0x0000010e36000000)]
  0x000002eef614d800 JavaThread "Timer-114816" [_thread_blocked, id=1601172, stack(0x0000010e35e00000,0x0000010e35f00000)]
  0x000002eef6149800 JavaThread "Timer-114815" [_thread_blocked, id=1601168, stack(0x0000010e35d00000,0x0000010e35e00000)]
  0x000002eef600d800 JavaThread "Timer-114814" [_thread_blocked, id=1601164, stack(0x0000010e35c00000,0x0000010e35d00000)]
  0x000002eef6006000 JavaThread "Timer-114813" [_thread_blocked, id=1601160, stack(0x0000010e35b00000,0x0000010e35c00000)]
  0x000002eef6007800 JavaThread "Timer-114812" [_thread_blocked, id=1601156, stack(0x0000010e35a00000,0x0000010e35b00000)]
  0x000002eef600d000 JavaThread "Timer-114811" [_thread_blocked, id=1601152, stack(0x0000010e35900000,0x0000010e35a00000)]
  0x000002eef6008000 JavaThread "Timer-114810" [_thread_blocked, id=1601148, stack(0x0000010e35800000,0x0000010e35900000)]
  0x000002eef6000800 JavaThread "Timer-114809" [_thread_blocked, id=1601140, stack(0x0000010e35700000,0x0000010e35800000)]
  0x000002eef6005000 JavaThread "Timer-114808" [_thread_blocked, id=1601136, stack(0x0000010e35600000,0x0000010e35700000)]
  0x000002eef6004800 JavaThread "Timer-114807" [_thread_blocked, id=1601132, stack(0x0000010e35500000,0x0000010e35600000)]
  0x000002eef6006800 JavaThread "Timer-114806" [_thread_blocked, id=1601128, stack(0x0000010e35400000,0x0000010e35500000)]
  0x000002eef6001800 JavaThread "Timer-114805" [_thread_blocked, id=1601124, stack(0x0000010e35300000,0x0000010e35400000)]
  0x000002eef5ffd800 JavaThread "Timer-114804" [_thread_blocked, id=1601120, stack(0x0000010e35200000,0x0000010e35300000)]
  0x000002eef6003800 JavaThread "Timer-114803" [_thread_blocked, id=1601116, stack(0x0000010e35100000,0x0000010e35200000)]
  0x000002eef5ef6000 JavaThread "Timer-114802" [_thread_blocked, id=1601112, stack(0x0000010e35000000,0x0000010e35100000)]
  0x000002eef5ef3000 JavaThread "Timer-114801" [_thread_blocked, id=1601108, stack(0x0000010e34f00000,0x0000010e35000000)]
  0x000002eef5ef5800 JavaThread "Timer-114800" [_thread_blocked, id=1601104, stack(0x0000010e34e00000,0x0000010e34f00000)]
  0x000002eef5fff000 JavaThread "Timer-114799" [_thread_blocked, id=1601096, stack(0x0000010e34d00000,0x0000010e34e00000)]
  0x000002eef5ffe800 JavaThread "Timer-114798" [_thread_blocked, id=1601092, stack(0x0000010e34c00000,0x0000010e34d00000)]
  0x000002eef5ffc000 JavaThread "Timer-114797" [_thread_blocked, id=1601088, stack(0x0000010e34b00000,0x0000010e34c00000)]
  0x000002eef6003000 JavaThread "Timer-114796" [_thread_blocked, id=1601084, stack(0x0000010e34a00000,0x0000010e34b00000)]
  0x000002eef6002000 JavaThread "Timer-114795" [_thread_blocked, id=1601080, stack(0x0000010e34900000,0x0000010e34a00000)]
  0x000002eef6000000 JavaThread "Timer-114794" [_thread_blocked, id=1601076, stack(0x0000010e34800000,0x0000010e34900000)]
  0x000002eef5ffd000 JavaThread "Timer-114793" [_thread_blocked, id=1601072, stack(0x0000010e34700000,0x0000010e34800000)]
  0x000002eef5ff4800 JavaThread "Timer-114792" [_thread_blocked, id=1601068, stack(0x0000010e34600000,0x0000010e34700000)]
  0x000002eef5ffb800 JavaThread "Timer-114791" [_thread_blocked, id=1601052, stack(0x0000010e34500000,0x0000010e34600000)]
  0x000002eef5ffa800 JavaThread "Timer-114790" [_thread_blocked, id=1601048, stack(0x0000010e34400000,0x0000010e34500000)]
  0x000002eef614b000 JavaThread "Timer-114789" [_thread_blocked, id=1601040, stack(0x0000010e34300000,0x0000010e34400000)]
  0x000002eef614e000 JavaThread "Timer-114788" [_thread_blocked, id=1601036, stack(0x0000010e34200000,0x0000010e34300000)]
  0x000002eef6146800 JavaThread "Timer-114787" [_thread_blocked, id=1601032, stack(0x0000010e34100000,0x0000010e34200000)]
  0x000002eef6146000 JavaThread "Timer-114786" [_thread_blocked, id=1601028, stack(0x0000010e34000000,0x0000010e34100000)]
  0x000002eef613e000 JavaThread "Timer-114785" [_thread_blocked, id=1601024, stack(0x0000010e33f00000,0x0000010e34000000)]
  0x000002eef6145000 JavaThread "Timer-114784" [_thread_blocked, id=1601020, stack(0x0000010e33e00000,0x0000010e33f00000)]
  0x000002eef613f000 JavaThread "Timer-114783" [_thread_blocked, id=1601016, stack(0x0000010e33d00000,0x0000010e33e00000)]
  0x000002eef6144800 JavaThread "Timer-114782" [_thread_blocked, id=1601012, stack(0x0000010e33c00000,0x0000010e33d00000)]
  0x000002eef6143800 JavaThread "Timer-114781" [_thread_blocked, id=1601008, stack(0x0000010e33b00000,0x0000010e33c00000)]
  0x000002eef6141800 JavaThread "Timer-114780" [_thread_blocked, id=1601004, stack(0x0000010e33a00000,0x0000010e33b00000)]
  0x000002eef613c000 JavaThread "Timer-114779" [_thread_blocked, id=1601000, stack(0x0000010e33900000,0x0000010e33a00000)]
  0x000002eef613d800 JavaThread "Timer-114778" [_thread_blocked, id=1600996, stack(0x0000010e33800000,0x0000010e33900000)]
  0x000002eef6143000 JavaThread "Timer-114777" [_thread_blocked, id=1600988, stack(0x0000010e33700000,0x0000010e33800000)]
  0x000002eef6142000 JavaThread "Timer-114776" [_thread_blocked, id=1600984, stack(0x0000010e33600000,0x0000010e33700000)]
  0x000002eef613f800 JavaThread "Timer-114775" [_thread_blocked, id=1600980, stack(0x0000010e33500000,0x0000010e33600000)]
  0x000002eef6140800 JavaThread "Timer-114774" [_thread_blocked, id=1600972, stack(0x0000010e33400000,0x0000010e33500000)]
  0x000002eef613b000 JavaThread "Timer-114773" [_thread_blocked, id=1600964, stack(0x0000010e33300000,0x0000010e33400000)]
  0x000002eef613c800 JavaThread "Timer-114772" [_thread_blocked, id=1600956, stack(0x0000010e33200000,0x0000010e33300000)]
  0x000002eef613a800 JavaThread "Timer-114771" [_thread_blocked, id=1600952, stack(0x0000010e33100000,0x0000010e33200000)]
  0x000002eef6133000 JavaThread "Timer-114770" [_thread_blocked, id=1600932, stack(0x0000010e33000000,0x0000010e33100000)]
  0x000002eef6139800 JavaThread "Timer-114769" [_thread_blocked, id=1600928, stack(0x0000010e32f00000,0x0000010e33000000)]
  0x000002eef6132000 JavaThread "Timer-114768" [_thread_blocked, id=1600920, stack(0x0000010e32e00000,0x0000010e32f00000)]
  0x000002eef6139000 JavaThread "Timer-114767" [_thread_blocked, id=1600912, stack(0x0000010e32d00000,0x0000010e32e00000)]
  0x000002eef6138000 JavaThread "Timer-114766" [_thread_blocked, id=1600908, stack(0x0000010e32c00000,0x0000010e32d00000)]
  0x000002eef6130800 JavaThread "Timer-114765" [_thread_blocked, id=1600904, stack(0x0000010e32b00000,0x0000010e32c00000)]
  0x000002eef6137800 JavaThread "Timer-114764" [_thread_blocked, id=1600896, stack(0x0000010e32a00000,0x0000010e32b00000)]
  0x000002eef6136800 JavaThread "Timer-114763" [_thread_blocked, id=1600892, stack(0x0000010e32900000,0x0000010e32a00000)]
  0x000002eef6134800 JavaThread "Timer-114762" [_thread_blocked, id=1600888, stack(0x0000010e32800000,0x0000010e32900000)]
  0x000002eef6130000 JavaThread "Timer-114761" [_thread_blocked, id=1600884, stack(0x0000010e32700000,0x0000010e32800000)]
  0x000002eef6131800 JavaThread "Timer-114760" [_thread_blocked, id=1600880, stack(0x0000010e32600000,0x0000010e32700000)]
  0x000002eef612f000 JavaThread "Timer-114759" [_thread_blocked, id=1600876, stack(0x0000010e32500000,0x0000010e32600000)]
  0x000002eef6133800 JavaThread "Timer-114758" [_thread_blocked, id=1600872, stack(0x0000010e32400000,0x0000010e32500000)]
  0x000002eef6135000 JavaThread "Timer-114757" [_thread_blocked, id=1600868, stack(0x0000010e32300000,0x0000010e32400000)]
  0x000002eef6136000 JavaThread "Timer-114756" [_thread_blocked, id=1600864, stack(0x0000010e32200000,0x0000010e32300000)]
  0x000002eef6127800 JavaThread "Timer-114755" [_thread_blocked, id=1600860, stack(0x0000010e32100000,0x0000010e32200000)]
  0x000002eef612d800 JavaThread "Timer-114754" [_thread_blocked, id=1600856, stack(0x0000010e32000000,0x0000010e32100000)]
  0x000002eef612e800 JavaThread "Timer-114753" [_thread_blocked, id=1600852, stack(0x0000010e31f00000,0x0000010e32000000)]
  0x000002eef6126000 JavaThread "Timer-114752" [_thread_blocked, id=1600848, stack(0x0000010e31e00000,0x0000010e31f00000)]
  0x000002eef612c000 JavaThread "Timer-114751" [_thread_blocked, id=1600844, stack(0x0000010e31d00000,0x0000010e31e00000)]
  0x000002eef612b800 JavaThread "Timer-114750" [_thread_blocked, id=1600840, stack(0x0000010e31c00000,0x0000010e31d00000)]
  0x000002eef6128800 JavaThread "Timer-114749" [_thread_blocked, id=1600832, stack(0x0000010e31b00000,0x0000010e31c00000)]
  0x000002eef6127000 JavaThread "Timer-114748" [_thread_blocked, id=1600828, stack(0x0000010e31a00000,0x0000010e31b00000)]
  0x000002eef612a000 JavaThread "Timer-114747" [_thread_blocked, id=1600824, stack(0x0000010e31900000,0x0000010e31a00000)]
  0x000002eef6129000 JavaThread "Timer-114746" [_thread_blocked, id=1600820, stack(0x0000010e31800000,0x0000010e31900000)]
  0x000002eef612d000 JavaThread "Timer-114745" [_thread_blocked, id=1600816, stack(0x0000010e31700000,0x0000010e31800000)]
  0x000002eef612a800 JavaThread "Timer-114744" [_thread_blocked, id=1600812, stack(0x0000010e31600000,0x0000010e31700000)]
  0x000002eef611e800 JavaThread "Timer-114743" [_thread_blocked, id=1600804, stack(0x0000010e31500000,0x0000010e31600000)]
  0x000002eef6125800 JavaThread "Timer-114742" [_thread_blocked, id=1600800, stack(0x0000010e31400000,0x0000010e31500000)]
  0x000002eef6124800 JavaThread "Timer-114741" [_thread_blocked, id=1600796, stack(0x0000010e31300000,0x0000010e31400000)]
  0x000002eef6120000 JavaThread "Timer-114740" [_thread_blocked, id=1600788, stack(0x0000010e31200000,0x0000010e31300000)]
  0x000002eef6122800 JavaThread "Timer-114739" [_thread_blocked, id=1600784, stack(0x0000010e31100000,0x0000010e31200000)]
  0x000002eef62a0800 JavaThread "Timer-114738" [_thread_blocked, id=1600780, stack(0x0000010e31000000,0x0000010e31100000)]
  0x000002eef629a800 JavaThread "Timer-114737" [_thread_blocked, id=1600776, stack(0x0000010e30f00000,0x0000010e31000000)]
  0x000002eef62a1800 JavaThread "Timer-114736" [_thread_blocked, id=1600772, stack(0x0000010e30e00000,0x0000010e30f00000)]
  0x000002eef629b800 JavaThread "Timer-114735" [_thread_blocked, id=1600768, stack(0x0000010e30d00000,0x0000010e30e00000)]
  0x000002eef6293000 JavaThread "Timer-114734" [_thread_blocked, id=1600764, stack(0x0000010e30c00000,0x0000010e30d00000)]
  0x000002eef629a000 JavaThread "Timer-114733" [_thread_blocked, id=1600760, stack(0x0000010e30b00000,0x0000010e30c00000)]
  0x000002eef6297800 JavaThread "Timer-114732" [_thread_blocked, id=1600756, stack(0x0000010e30a00000,0x0000010e30b00000)]
  0x000002eef6297000 JavaThread "Timer-114731" [_thread_blocked, id=1600752, stack(0x0000010e30900000,0x0000010e30a00000)]
  0x000002eef6292800 JavaThread "Timer-114730" [_thread_blocked, id=1600748, stack(0x0000010e30800000,0x0000010e30900000)]
  0x000002eef6295800 JavaThread "Timer-114729" [_thread_blocked, id=1600744, stack(0x0000010e30700000,0x0000010e30800000)]
  0x000002eef6296000 JavaThread "Timer-114728" [_thread_blocked, id=1600740, stack(0x0000010e30600000,0x0000010e30700000)]
  0x000002eef6298800 JavaThread "Timer-114727" [_thread_blocked, id=1600736, stack(0x0000010e30500000,0x0000010e30600000)]
  0x000002eef6294800 JavaThread "Timer-114726" [_thread_blocked, id=1600732, stack(0x0000010e30400000,0x0000010e30500000)]
  0x000002eef6299000 JavaThread "Timer-114725" [_thread_blocked, id=1600728, stack(0x0000010e30300000,0x0000010e30400000)]
  0x000002eef6294000 JavaThread "Timer-114724" [_thread_blocked, id=1600724, stack(0x0000010e30200000,0x0000010e30300000)]
  0x000002eef62d2800 JavaThread "Timer-114723" [_thread_blocked, id=1600720, stack(0x0000010e30100000,0x0000010e30200000)]
  0x000002eef62d1800 JavaThread "Timer-114722" [_thread_blocked, id=1600716, stack(0x0000010e30000000,0x0000010e30100000)]
  0x000002eef62d1000 JavaThread "Timer-114721" [_thread_blocked, id=1600712, stack(0x0000010e2ff00000,0x0000010e30000000)]
  0x000002eef62d0000 JavaThread "Timer-114720" [_thread_blocked, id=1600708, stack(0x0000010e2fe00000,0x0000010e2ff00000)]
  0x000002eef62cf800 JavaThread "Timer-114719" [_thread_blocked, id=1600704, stack(0x0000010e2fd00000,0x0000010e2fe00000)]
  0x000002eef62c8000 JavaThread "Timer-114718" [_thread_blocked, id=1600700, stack(0x0000010e2fc00000,0x0000010e2fd00000)]
  0x000002eef62ce800 JavaThread "Timer-114717" [_thread_blocked, id=1600696, stack(0x0000010e2fb00000,0x0000010e2fc00000)]
  0x000002eef62c7000 JavaThread "Timer-114716" [_thread_blocked, id=1600692, stack(0x0000010e2fa00000,0x0000010e2fb00000)]
  0x000002eef6258000 JavaThread "Timer-114715" [_thread_blocked, id=1600688, stack(0x0000010e2f900000,0x0000010e2fa00000)]
  0x000002eef62ce000 JavaThread "Timer-114714" [_thread_blocked, id=1600684, stack(0x0000010e2f800000,0x0000010e2f900000)]
  0x000002eef62cd000 JavaThread "Timer-114713" [_thread_blocked, id=1600680, stack(0x0000010e2f700000,0x0000010e2f800000)]
  0x000002eef62c5800 JavaThread "Timer-114712" [_thread_blocked, id=1600676, stack(0x0000010e2f600000,0x0000010e2f700000)]
  0x000002eef62cc800 JavaThread "Timer-114711" [_thread_blocked, id=1600672, stack(0x0000010e2f500000,0x0000010e2f600000)]
  0x000002eef62cb800 JavaThread "Timer-114710" [_thread_blocked, id=1600668, stack(0x0000010e2f400000,0x0000010e2f500000)]
  0x000002eef62cb000 JavaThread "Timer-114709" [_thread_blocked, id=1600664, stack(0x0000010e2f300000,0x0000010e2f400000)]
  0x000002eef62c3800 JavaThread "Timer-114708" [_thread_blocked, id=1600660, stack(0x0000010e2f200000,0x0000010e2f300000)]
  0x000002eef62c4000 JavaThread "Timer-114707" [_thread_blocked, id=1600656, stack(0x0000010e2f100000,0x0000010e2f200000)]
  0x000002eef62c6800 JavaThread "Timer-114706" [_thread_blocked, id=1600652, stack(0x0000010e2f000000,0x0000010e2f100000)]
  0x000002eef62c5000 JavaThread "Timer-114705" [_thread_blocked, id=1600648, stack(0x0000010e2ef00000,0x0000010e2f000000)]
  0x000002eef62c8800 JavaThread "Timer-114704" [_thread_blocked, id=1600644, stack(0x0000010e2ee00000,0x0000010e2ef00000)]
  0x000002eef62ca000 JavaThread "Timer-114703" [_thread_blocked, id=1600640, stack(0x0000010e2ed00000,0x0000010e2ee00000)]
  0x000002eef62c2800 JavaThread "Timer-114702" [_thread_blocked, id=1600636, stack(0x0000010e2ec00000,0x0000010e2ed00000)]
  0x000002eef62c9800 JavaThread "Timer-114701" [_thread_blocked, id=1600632, stack(0x0000010e2eb00000,0x0000010e2ec00000)]
  0x000002eef5da4800 JavaThread "Timer-114700" [_thread_blocked, id=1600628, stack(0x0000010e2ea00000,0x0000010e2eb00000)]
  0x000002eef5da5000 JavaThread "Timer-114699" [_thread_blocked, id=1600624, stack(0x0000010e2e900000,0x0000010e2ea00000)]
  0x000002eef5da3800 JavaThread "Timer-114698" [_thread_blocked, id=1600620, stack(0x0000010e2e800000,0x0000010e2e900000)]
  0x000002eef5d9c000 JavaThread "Timer-114697" [_thread_blocked, id=1600616, stack(0x0000010e2e700000,0x0000010e2e800000)]
  0x000002eef5da3000 JavaThread "Timer-114696" [_thread_blocked, id=1600612, stack(0x0000010e2e600000,0x0000010e2e700000)]
  0x000002eef5da2000 JavaThread "Timer-114695" [_thread_blocked, id=1600608, stack(0x0000010e2e500000,0x0000010e2e600000)]
  0x000002eef5da1800 JavaThread "Timer-114694" [_thread_blocked, id=1600604, stack(0x0000010e2e400000,0x0000010e2e500000)]
  0x000002eef5da0800 JavaThread "Timer-114693" [_thread_blocked, id=1600600, stack(0x0000010e2e300000,0x0000010e2e400000)]
  0x000002eef5d99000 JavaThread "Timer-114692" [_thread_blocked, id=1600596, stack(0x0000010e2e200000,0x0000010e2e300000)]
  0x000002eef5d9b800 JavaThread "Timer-114691" [_thread_blocked, id=1600592, stack(0x0000010e2e100000,0x0000010e2e200000)]
  0x000002eef5da0000 JavaThread "Timer-114690" [_thread_blocked, id=1600588, stack(0x0000010e2e000000,0x0000010e2e100000)]
  0x000002eef5d9f000 JavaThread "Timer-114689" [_thread_blocked, id=1600584, stack(0x0000010e2df00000,0x0000010e2e000000)]
  0x000002eef5d9e800 JavaThread "Timer-114688" [_thread_blocked, id=1600580, stack(0x0000010e2de00000,0x0000010e2df00000)]
  0x000002eef5d9d800 JavaThread "Timer-114687" [_thread_blocked, id=1600576, stack(0x0000010e2dd00000,0x0000010e2de00000)]
  0x000002eef5d98800 JavaThread "Timer-114686" [_thread_blocked, id=1600572, stack(0x0000010e2dc00000,0x0000010e2dd00000)]
  0x000002eef5d9a000 JavaThread "Timer-114685" [_thread_blocked, id=1600568, stack(0x0000010e2db00000,0x0000010e2dc00000)]
  0x000002eef5d97000 JavaThread "Timer-114684" [_thread_blocked, id=1600564, stack(0x0000010e2da00000,0x0000010e2db00000)]
  0x000002eef5d97800 JavaThread "Timer-114683" [_thread_blocked, id=1600560, stack(0x0000010e2d900000,0x0000010e2da00000)]
  0x000002eef5d96000 JavaThread "Timer-114682" [_thread_blocked, id=1600556, stack(0x0000010e2d800000,0x0000010e2d900000)]
  0x000002eef5d9a800 JavaThread "Timer-114681" [_thread_blocked, id=1600552, stack(0x0000010e2d500000,0x0000010e2d600000)]
  0x000002eef5d9d000 JavaThread "Timer-114680" [_thread_blocked, id=1600548, stack(0x0000010e2d400000,0x0000010e2d500000)]
  0x000002eef5d95800 JavaThread "Timer-114679" [_thread_blocked, id=1600544, stack(0x0000010e2d300000,0x0000010e2d400000)]
  0x000002eef5d8e000 JavaThread "Timer-114678" [_thread_blocked, id=1600540, stack(0x0000010e2d200000,0x0000010e2d300000)]
  0x000002eef5d94800 JavaThread "Timer-114677" [_thread_blocked, id=1600536, stack(0x0000010e2d100000,0x0000010e2d200000)]
  0x000002eef5d93000 JavaThread "Timer-114676" [_thread_blocked, id=1600532, stack(0x0000010e2d000000,0x0000010e2d100000)]
  0x000002eef5d91800 JavaThread "Timer-114675" [_thread_blocked, id=1600528, stack(0x0000010e2cf00000,0x0000010e2d000000)]
  0x000002eef5d8f800 JavaThread "Timer-114674" [_thread_blocked, id=1600524, stack(0x0000010e2ce00000,0x0000010e2cf00000)]
  0x000002eef5d8e800 JavaThread "Timer-114673" [_thread_blocked, id=1600520, stack(0x0000010e2cd00000,0x0000010e2ce00000)]
  0x000002eef5d94000 JavaThread "Timer-114672" [_thread_blocked, id=1600516, stack(0x0000010e2cc00000,0x0000010e2cd00000)]
  0x000002eef5d8c800 JavaThread "Timer-114671" [_thread_blocked, id=3124, stack(0x0000010e2cb00000,0x0000010e2cc00000)]
  0x000002eef6256800 JavaThread "Timer-114670" [_thread_blocked, id=21964, stack(0x0000010e2ca00000,0x0000010e2cb00000)]
  0x000002eef4963000 JavaThread "Timer-114669" [_thread_blocked, id=7820, stack(0x0000010e2c900000,0x0000010e2ca00000)]
  0x000002eef5ffa000 JavaThread "Timer-114668" [_thread_blocked, id=15396, stack(0x0000010e2c800000,0x0000010e2c900000)]
  0x000002eef5ff9000 JavaThread "Timer-114667" [_thread_blocked, id=6808, stack(0x0000010e2c700000,0x0000010e2c800000)]
  0x000002eef5ff1800 JavaThread "Timer-114666" [_thread_blocked, id=209312, stack(0x0000010e2c600000,0x0000010e2c700000)]
  0x000002eef5ff5800 JavaThread "Timer-114665" [_thread_blocked, id=375888, stack(0x0000010e2c500000,0x0000010e2c600000)]
  0x000002eef5ff8800 JavaThread "Timer-114664" [_thread_blocked, id=1571220, stack(0x0000010e2c400000,0x0000010e2c500000)]
  0x000002eef5ff7000 JavaThread "Timer-114663" [_thread_blocked, id=1571080, stack(0x0000010e2c300000,0x0000010e2c400000)]
  0x000002eef5ff6000 JavaThread "Timer-114662" [_thread_blocked, id=1570972, stack(0x0000010e2c200000,0x0000010e2c300000)]
  0x000002eef5ff1000 JavaThread "Timer-114661" [_thread_blocked, id=1329312, stack(0x0000010e2c100000,0x0000010e2c200000)]
  0x000002eef5ff2800 JavaThread "Timer-114660" [_thread_blocked, id=1119792, stack(0x0000010e2c000000,0x0000010e2c100000)]
  0x000002eef5ff4000 JavaThread "Timer-114659" [_thread_blocked, id=360900, stack(0x0000010e2bf00000,0x0000010e2c000000)]
  0x000002eef5ff3000 JavaThread "Timer-114658" [_thread_blocked, id=1583736, stack(0x0000010e2be00000,0x0000010e2bf00000)]
  0x000002eef5ff7800 JavaThread "Timer-114657" [_thread_blocked, id=7484, stack(0x0000010e2bd00000,0x0000010e2be00000)]
  0x000002eef5fe9800 JavaThread "Timer-114656" [_thread_blocked, id=6076, stack(0x0000010e2bc00000,0x0000010e2bd00000)]
  0x000002eef4962000 JavaThread "Timer-114655" [_thread_blocked, id=1593996, stack(0x0000010e2bb00000,0x0000010e2bc00000)]
  0x000002eef4964800 JavaThread "Timer-114654" [_thread_blocked, id=22464, stack(0x0000010e2ba00000,0x0000010e2bb00000)]
  0x000002eef4961800 JavaThread "Timer-114653" [_thread_blocked, id=1600508, stack(0x0000010e2b900000,0x0000010e2ba00000)]
  0x000002eef5d91000 JavaThread "Timer-114652" [_thread_blocked, id=1600504, stack(0x0000010e2b800000,0x0000010e2b900000)]
  0x000002eef5d90000 JavaThread "Timer-114651" [_thread_blocked, id=1600500, stack(0x0000010e2b700000,0x0000010e2b800000)]
  0x000002eef5d8d000 JavaThread "Timer-114650" [_thread_blocked, id=1600496, stack(0x0000010e2b600000,0x0000010e2b700000)]
  0x000002eef5d92800 JavaThread "Timer-114649" [_thread_blocked, id=1600492, stack(0x0000010e2b500000,0x0000010e2b600000)]
  0x000002eef5d85000 JavaThread "Timer-114648" [_thread_blocked, id=1600488, stack(0x0000010e2b400000,0x0000010e2b500000)]
  0x000002eef5d8b800 JavaThread "Timer-114647" [_thread_blocked, id=1600480, stack(0x0000010e2b300000,0x0000010e2b400000)]
  0x000002eef5d84000 JavaThread "Timer-114646" [_thread_blocked, id=1600468, stack(0x0000010e2b200000,0x0000010e2b300000)]
  0x000002eef5d8b000 JavaThread "Timer-114645" [_thread_blocked, id=1600464, stack(0x0000010e2b100000,0x0000010e2b200000)]
  0x000002eef5d83800 JavaThread "Timer-114644" [_thread_blocked, id=1600460, stack(0x0000010e2b000000,0x0000010e2b100000)]
  0x000002eef6124000 JavaThread "Timer-114643" [_thread_blocked, id=1600456, stack(0x0000010e2af00000,0x0000010e2b000000)]
  0x000002eef6121800 JavaThread "Timer-114642" [_thread_blocked, id=1600452, stack(0x0000010e2ae00000,0x0000010e2af00000)]
  0x000002eef6121000 JavaThread "Timer-114641" [_thread_blocked, id=1600448, stack(0x0000010e2ad00000,0x0000010e2ae00000)]
  0x000002eef611f800 JavaThread "Timer-114640" [_thread_blocked, id=1600444, stack(0x0000010e2ac00000,0x0000010e2ad00000)]
  0x000002eef6123000 JavaThread "Timer-114639" [_thread_blocked, id=1600440, stack(0x0000010e2ab00000,0x0000010e2ac00000)]
  0x000002eef6117000 JavaThread "Timer-114638" [_thread_blocked, id=1600436, stack(0x0000010e2aa00000,0x0000010e2ab00000)]
  0x000002eef611e000 JavaThread "Timer-114637" [_thread_blocked, id=1600432, stack(0x0000010e2a900000,0x0000010e2aa00000)]
  0x000002eef611c800 JavaThread "Timer-114636" [_thread_blocked, id=1600428, stack(0x0000010e2a800000,0x0000010e2a900000)]
  0x000002eef611a000 JavaThread "Timer-114635" [_thread_blocked, id=1600424, stack(0x0000010e2a700000,0x0000010e2a800000)]
  0x000002eef6119800 JavaThread "Timer-114634" [_thread_blocked, id=1600420, stack(0x0000010e2a600000,0x0000010e2a700000)]
  0x000002eef611b800 JavaThread "Timer-114633" [_thread_blocked, id=1600416, stack(0x0000010e2a500000,0x0000010e2a600000)]
  0x000002eef611b000 JavaThread "Timer-114632" [_thread_blocked, id=1600412, stack(0x0000010e2a400000,0x0000010e2a500000)]
  0x000002eef6118800 JavaThread "Timer-114631" [_thread_blocked, id=1600408, stack(0x0000010e2a300000,0x0000010e2a400000)]
  0x000002eef611d000 JavaThread "Timer-114630" [_thread_blocked, id=1600404, stack(0x0000010e2a200000,0x0000010e2a300000)]
  0x000002eef6118000 JavaThread "Timer-114629" [_thread_blocked, id=1600400, stack(0x0000010e2a100000,0x0000010e2a200000)]
  0x000002eef6116800 JavaThread "Timer-114628" [_thread_blocked, id=1600396, stack(0x0000010e2a000000,0x0000010e2a100000)]
  0x000002eef5cde800 JavaThread "Timer-114627" [_thread_blocked, id=1600392, stack(0x0000010e29f00000,0x0000010e2a000000)]
  0x000002eef5ce0800 JavaThread "Timer-114626" [_thread_blocked, id=1600388, stack(0x0000010e29e00000,0x0000010e29f00000)]
  0x000002eef5ce4800 JavaThread "Timer-114625" [_thread_blocked, id=1600384, stack(0x0000010e29d00000,0x0000010e29e00000)]
  0x000002eef5ce0000 JavaThread "Timer-114624" [_thread_blocked, id=1600380, stack(0x0000010e29c00000,0x0000010e29d00000)]
  0x000002eef5ce3000 JavaThread "Timer-114623" [_thread_blocked, id=1600376, stack(0x0000010e29b00000,0x0000010e29c00000)]
  0x000002eef5ce3800 JavaThread "Timer-114622" [_thread_blocked, id=1600372, stack(0x0000010e29a00000,0x0000010e29b00000)]
  0x000002eef5cdf000 JavaThread "Timer-114621" [_thread_blocked, id=1600368, stack(0x0000010e29900000,0x0000010e29a00000)]
  0x000002eef5ce1800 JavaThread "Timer-114620" [_thread_blocked, id=1600364, stack(0x0000010e29800000,0x0000010e29900000)]
  0x000002eef5ce2000 JavaThread "Timer-114619" [_thread_blocked, id=1600360, stack(0x0000010e29700000,0x0000010e29800000)]
  0x000002eef5ce5000 JavaThread "Timer-114618" [_thread_blocked, id=1600356, stack(0x0000010e29600000,0x0000010e29700000)]
  0x000002eef5cd7000 JavaThread "Timer-114617" [_thread_blocked, id=1600352, stack(0x0000010e29500000,0x0000010e29600000)]
  0x000002eef5cdd800 JavaThread "Timer-114616" [_thread_blocked, id=1600348, stack(0x0000010e29400000,0x0000010e29500000)]
  0x000002eef5cdc000 JavaThread "Timer-114615" [_thread_blocked, id=1600344, stack(0x0000010e29300000,0x0000010e29400000)]
  0x000002eef5cd9000 JavaThread "Timer-114614" [_thread_blocked, id=1600340, stack(0x0000010e29200000,0x0000010e29300000)]
  0x000002eef5cd7800 JavaThread "Timer-114613" [_thread_blocked, id=1600336, stack(0x0000010e29100000,0x0000010e29200000)]
  0x000002eef5cdd000 JavaThread "Timer-114612" [_thread_blocked, id=1600332, stack(0x0000010e29000000,0x0000010e29100000)]
  0x000002eef5cda000 JavaThread "Timer-114611" [_thread_blocked, id=1600328, stack(0x0000010e28f00000,0x0000010e29000000)]
  0x000002eef5cd6000 JavaThread "Timer-114610" [_thread_blocked, id=1600324, stack(0x0000010e28e00000,0x0000010e28f00000)]
  0x000002eef5cd8800 JavaThread "Timer-114609" [_thread_blocked, id=1600320, stack(0x0000010e28d00000,0x0000010e28e00000)]
  0x000002eef5cdb800 JavaThread "Timer-114608" [_thread_blocked, id=1600316, stack(0x0000010e28c00000,0x0000010e28d00000)]
  0x000002eef5cda800 JavaThread "Timer-114607" [_thread_blocked, id=1600312, stack(0x0000010e28b00000,0x0000010e28c00000)]
  0x000002eef5cd4000 JavaThread "Timer-114606" [_thread_blocked, id=1600308, stack(0x0000010e28a00000,0x0000010e28b00000)]
  0x000002eef5cd3000 JavaThread "Timer-114605" [_thread_blocked, id=1600304, stack(0x0000010e28900000,0x0000010e28a00000)]
  0x000002eef5cd1800 JavaThread "Timer-114604" [_thread_blocked, id=1600300, stack(0x0000010e28800000,0x0000010e28900000)]
  0x000002eef5cd5800 JavaThread "Timer-114603" [_thread_blocked, id=1600296, stack(0x0000010e28700000,0x0000010e28800000)]
  0x000002eef5cd2800 JavaThread "Timer-114602" [_thread_blocked, id=1600292, stack(0x0000010e28600000,0x0000010e28700000)]
  0x000002eef5cd4800 JavaThread "Timer-114601" [_thread_blocked, id=1600288, stack(0x0000010e28500000,0x0000010e28600000)]
  0x000002eef5cd1000 JavaThread "Timer-114600" [_thread_blocked, id=1600284, stack(0x0000010e28400000,0x0000010e28500000)]
  0x000002eef5cc9000 JavaThread "Timer-114599" [_thread_blocked, id=1600280, stack(0x0000010e28300000,0x0000010e28400000)]
  0x000002eef5cd0000 JavaThread "Timer-114598" [_thread_blocked, id=1600276, stack(0x0000010e28200000,0x0000010e28300000)]
  0x000002eef5cc8800 JavaThread "Timer-114597" [_thread_blocked, id=1600272, stack(0x0000010e28100000,0x0000010e28200000)]
  0x000002eef5ccf800 JavaThread "Timer-114596" [_thread_blocked, id=1600268, stack(0x0000010e28000000,0x0000010e28100000)]
  0x000002eef5cce800 JavaThread "Timer-114595" [_thread_blocked, id=1600264, stack(0x0000010e27f00000,0x0000010e28000000)]
  0x000002eef5cc7000 JavaThread "Timer-114594" [_thread_blocked, id=1600260, stack(0x0000010e27e00000,0x0000010e27f00000)]
  0x000002eef5cce000 JavaThread "Timer-114593" [_thread_blocked, id=1600256, stack(0x0000010e27d00000,0x0000010e27e00000)]
  0x000002eef5ccb800 JavaThread "Timer-114592" [_thread_blocked, id=1600252, stack(0x0000010e27c00000,0x0000010e27d00000)]
  0x000002eef5cca800 JavaThread "Timer-114591" [_thread_blocked, id=1600248, stack(0x0000010e27b00000,0x0000010e27c00000)]
  0x000002eef5cc6000 JavaThread "Timer-114590" [_thread_blocked, id=1600244, stack(0x0000010e27a00000,0x0000010e27b00000)]
  0x000002eef5cc7800 JavaThread "Timer-114589" [_thread_blocked, id=1600240, stack(0x0000010e27900000,0x0000010e27a00000)]
  0x000002eef5ccc800 JavaThread "Timer-114588" [_thread_blocked, id=1600236, stack(0x0000010e27800000,0x0000010e27900000)]
  0x000002eef5ff0000 JavaThread "Timer-114587" [_thread_blocked, id=1600232, stack(0x0000010e27700000,0x0000010e27800000)]
  0x000002eef5fe8800 JavaThread "Timer-114586" [_thread_blocked, id=1600228, stack(0x0000010e27600000,0x0000010e27700000)]
  0x000002eef5fef800 JavaThread "Timer-114585" [_thread_blocked, id=1600224, stack(0x0000010e27500000,0x0000010e27600000)]
  0x000002eef5feb800 JavaThread "Timer-114584" [_thread_blocked, id=1600220, stack(0x0000010e27400000,0x0000010e27500000)]
  0x000002eef5fed000 JavaThread "Timer-114583" [_thread_blocked, id=1600216, stack(0x0000010e27300000,0x0000010e27400000)]
  0x000002eef5fee000 JavaThread "Timer-114582" [_thread_blocked, id=1600212, stack(0x0000010e27200000,0x0000010e27300000)]
  0x000002eef5fec800 JavaThread "Timer-114581" [_thread_blocked, id=1600208, stack(0x0000010e27100000,0x0000010e27200000)]
  0x000002eef5fe8000 JavaThread "Timer-114580" [_thread_blocked, id=1600204, stack(0x0000010e27000000,0x0000010e27100000)]
  0x000002eef5feb000 JavaThread "Timer-114579" [_thread_blocked, id=1600200, stack(0x0000010e26f00000,0x0000010e27000000)]
  0x000002eef5fee800 JavaThread "Timer-114578" [_thread_blocked, id=1600196, stack(0x0000010e26e00000,0x0000010e26f00000)]
  0x000002eef5fea000 JavaThread "Timer-114577" [_thread_blocked, id=1600192, stack(0x0000010e26d00000,0x0000010e26e00000)]
  0x000002eef5a9c000 JavaThread "Timer-114576" [_thread_blocked, id=1600188, stack(0x0000010e26c00000,0x0000010e26d00000)]
  0x000002eef5a9b800 JavaThread "Timer-114575" [_thread_blocked, id=1600184, stack(0x0000010e26b00000,0x0000010e26c00000)]
  0x000002eef5a9a000 JavaThread "Timer-114574" [_thread_blocked, id=1600180, stack(0x0000010e26a00000,0x0000010e26b00000)]
  0x000002eef5a9d800 JavaThread "Timer-114573" [_thread_blocked, id=1600176, stack(0x0000010e26900000,0x0000010e26a00000)]
  0x000002eef5a98800 JavaThread "Timer-114572" [_thread_blocked, id=1600172, stack(0x0000010e26800000,0x0000010e26900000)]
  0x000002eef5a97800 JavaThread "Timer-114571" [_thread_blocked, id=1600168, stack(0x0000010e26700000,0x0000010e26800000)]
  0x000002eef5a9a800 JavaThread "Timer-114570" [_thread_blocked, id=1600164, stack(0x0000010e26600000,0x0000010e26700000)]
  0x000002eef5a99000 JavaThread "Timer-114569" [_thread_blocked, id=1600160, stack(0x0000010e26500000,0x0000010e26600000)]
  0x000002eef5a9d000 JavaThread "Timer-114568" [_thread_blocked, id=1600156, stack(0x0000010e26400000,0x0000010e26500000)]
  0x000002eef5a9e800 JavaThread "Timer-114567" [_thread_blocked, id=1600152, stack(0x0000010e26300000,0x0000010e26400000)]
  0x000002eef5a97000 JavaThread "Timer-114566" [_thread_blocked, id=1600148, stack(0x0000010e26200000,0x0000010e26300000)]
  0x000002eef5a8f800 JavaThread "Timer-114565" [_thread_blocked, id=1600144, stack(0x0000010e26100000,0x0000010e26200000)]
  0x000002eef5a96000 JavaThread "Timer-114564" [_thread_blocked, id=1600140, stack(0x0000010e26000000,0x0000010e26100000)]
  0x000002eef5a8e800 JavaThread "Timer-114563" [_thread_blocked, id=1600136, stack(0x0000010e25f00000,0x0000010e26000000)]
  0x000002eef5d8a000 JavaThread "Timer-114562" [_thread_blocked, id=1600132, stack(0x0000010e25e00000,0x0000010e25f00000)]
  0x000002eef5d89800 JavaThread "Timer-114561" [_thread_blocked, id=1600128, stack(0x0000010e25d00000,0x0000010e25e00000)]
  0x000002eef5f82000 JavaThread "Timer-114560" [_thread_blocked, id=1600124, stack(0x0000010e25c00000,0x0000010e25d00000)]
  0x000002eef5f7f800 JavaThread "Timer-114559" [_thread_blocked, id=1600120, stack(0x0000010e25b00000,0x0000010e25c00000)]
  0x000002eef5f75000 JavaThread "Timer-114558" [_thread_blocked, id=1600116, stack(0x0000010e25a00000,0x0000010e25b00000)]
  0x000002eef5f7c000 JavaThread "Timer-114557" [_thread_blocked, id=1600112, stack(0x0000010e25900000,0x0000010e25a00000)]
  0x000002eef5f74800 JavaThread "Timer-114556" [_thread_blocked, id=1600108, stack(0x0000010e25800000,0x0000010e25900000)]
  0x000002eef5f76000 JavaThread "Timer-114555" [_thread_blocked, id=1600104, stack(0x0000010e25700000,0x0000010e25800000)]
  0x000002eef5f7b000 JavaThread "Timer-114554" [_thread_blocked, id=1600100, stack(0x0000010e25600000,0x0000010e25700000)]
  0x000002eef5f7a800 JavaThread "Timer-114553" [_thread_blocked, id=1600096, stack(0x0000010e25500000,0x0000010e25600000)]
  0x000002eef5f73000 JavaThread "Timer-114552" [_thread_blocked, id=1600092, stack(0x0000010e25400000,0x0000010e25500000)]
  0x000002eef5f73800 JavaThread "Timer-114551" [_thread_blocked, id=1600088, stack(0x0000010e25300000,0x0000010e25400000)]
  0x000002eef5f79000 JavaThread "Timer-114550" [_thread_blocked, id=1600084, stack(0x0000010e25200000,0x0000010e25300000)]
  0x000002eef5f78000 JavaThread "Timer-114549" [_thread_blocked, id=1600080, stack(0x0000010e25100000,0x0000010e25200000)]
  0x000002eef5f77800 JavaThread "Timer-114548" [_thread_blocked, id=1600076, stack(0x0000010e25000000,0x0000010e25100000)]
  0x000002eef5f76800 JavaThread "Timer-114547" [_thread_blocked, id=1600072, stack(0x0000010e24f00000,0x0000010e25000000)]
  0x000002eef5f79800 JavaThread "Timer-114546" [_thread_blocked, id=1600068, stack(0x0000010e24e00000,0x0000010e24f00000)]
  0x000002eef5f6d000 JavaThread "Timer-114545" [_thread_blocked, id=1600064, stack(0x0000010e24d00000,0x0000010e24e00000)]
  0x000002eef5f71800 JavaThread "Timer-114544" [_thread_blocked, id=1600060, stack(0x0000010e24c00000,0x0000010e24d00000)]
  0x000002eef5f70000 JavaThread "Timer-114543" [_thread_blocked, id=1600056, stack(0x0000010e24b00000,0x0000010e24c00000)]
  0x000002eef5f70800 JavaThread "Timer-114542" [_thread_blocked, id=1600052, stack(0x0000010e24a00000,0x0000010e24b00000)]
  0x000002eef5f6f000 JavaThread "Timer-114541" [_thread_blocked, id=1600048, stack(0x0000010e24900000,0x0000010e24a00000)]
  0x000002eef5f6d800 JavaThread "Timer-114540" [_thread_blocked, id=1600044, stack(0x0000010e24800000,0x0000010e24900000)]
  0x000002eef5f6b800 JavaThread "Timer-114539" [_thread_blocked, id=1600040, stack(0x0000010e24700000,0x0000010e24800000)]
  0x000002eef5f6c000 JavaThread "Timer-114538" [_thread_blocked, id=1600036, stack(0x0000010e24600000,0x0000010e24700000)]
  0x000002eef5f6e800 JavaThread "Timer-114537" [_thread_blocked, id=1600032, stack(0x0000010e24500000,0x0000010e24600000)]
  0x000002eef5f72000 JavaThread "Timer-114536" [_thread_blocked, id=1600028, stack(0x0000010e24400000,0x0000010e24500000)]
  0x000002eef5f6a800 JavaThread "Timer-114535" [_thread_blocked, id=1600024, stack(0x0000010e24300000,0x0000010e24400000)]
  0x000002eef5f6a000 JavaThread "Timer-114534" [_thread_blocked, id=1600020, stack(0x0000010e24200000,0x0000010e24300000)]
  0x000002eef5a94800 JavaThread "Timer-114533" [_thread_blocked, id=1600016, stack(0x0000010e24100000,0x0000010e24200000)]
  0x000002eef5a93000 JavaThread "Timer-114532" [_thread_blocked, id=1600012, stack(0x0000010e24000000,0x0000010e24100000)]
  0x000002eef5a92800 JavaThread "Timer-114531" [_thread_blocked, id=1600008, stack(0x0000010e23f00000,0x0000010e24000000)]
  0x000002eef5a94000 JavaThread "Timer-114530" [_thread_blocked, id=1600004, stack(0x0000010e23e00000,0x0000010e23f00000)]
  0x000002eef5a91800 JavaThread "Timer-114529" [_thread_blocked, id=1600000, stack(0x0000010e23d00000,0x0000010e23e00000)]
  0x000002eee0838000 JavaThread "Timer-114528" [_thread_blocked, id=1599996, stack(0x0000010e23c00000,0x0000010e23d00000)]
  0x000002eee0836800 JavaThread "Timer-114527" [_thread_blocked, id=1599992, stack(0x0000010e23b00000,0x0000010e23c00000)]
  0x000002eee083d000 JavaThread "Timer-114526" [_thread_blocked, id=1599988, stack(0x0000010e23a00000,0x0000010e23b00000)]
  0x000002eee0837000 JavaThread "Timer-114525" [_thread_blocked, id=1599984, stack(0x0000010e23900000,0x0000010e23a00000)]
  0x000002eef5ef4800 JavaThread "Timer-114524" [_thread_blocked, id=1599980, stack(0x0000010e23800000,0x0000010e23900000)]
  0x000002eef5ef0000 JavaThread "Timer-114523" [_thread_blocked, id=1599976, stack(0x0000010e23700000,0x0000010e23800000)]
  0x000002eef5a90000 JavaThread "Timer-114522" [_thread_blocked, id=1599972, stack(0x0000010e23600000,0x0000010e23700000)]
  0x000002eef5a91000 JavaThread "Timer-114521" [_thread_blocked, id=1599968, stack(0x0000010e23500000,0x0000010e23600000)]
  0x000002eef5a95800 JavaThread "Timer-114520" [_thread_blocked, id=1599964, stack(0x0000010e23400000,0x0000010e23500000)]
  0x000002eef5a89800 JavaThread "Timer-114519" [_thread_blocked, id=1599960, stack(0x0000010e23300000,0x0000010e23400000)]
  0x000002eef5a88800 JavaThread "Timer-114518" [_thread_blocked, id=1599956, stack(0x0000010e23200000,0x0000010e23300000)]
  0x000002eef5a87000 JavaThread "Timer-114517" [_thread_blocked, id=1599952, stack(0x0000010e23100000,0x0000010e23200000)]
  0x000002eef5a8e000 JavaThread "Timer-114516" [_thread_blocked, id=1599948, stack(0x0000010e23000000,0x0000010e23100000)]
  0x000002eef5a8c800 JavaThread "Timer-114515" [_thread_blocked, id=1599944, stack(0x0000010e22f00000,0x0000010e23000000)]
  0x000002eef5a8b000 JavaThread "Timer-114514" [_thread_blocked, id=1599940, stack(0x0000010e22e00000,0x0000010e22f00000)]
  0x000002eef5a88000 JavaThread "Timer-114513" [_thread_blocked, id=1599936, stack(0x0000010e22d00000,0x0000010e22e00000)]
  0x000002eef5a8d000 JavaThread "Timer-114512" [_thread_blocked, id=1599932, stack(0x0000010e22c00000,0x0000010e22d00000)]
  0x000002eef5a8b800 JavaThread "Timer-114511" [_thread_blocked, id=1599928, stack(0x0000010e22b00000,0x0000010e22c00000)]
  0x000002eef5a8a000 JavaThread "Timer-114510" [_thread_blocked, id=1599924, stack(0x0000010e22a00000,0x0000010e22b00000)]
  0x000002eef5a7f800 JavaThread "Timer-114509" [_thread_blocked, id=1599920, stack(0x0000010e22900000,0x0000010e22a00000)]
  0x000002eef5a86000 JavaThread "Timer-114508" [_thread_blocked, id=1599916, stack(0x0000010e22800000,0x0000010e22900000)]
  0x000002eef5a7e800 JavaThread "Timer-114507" [_thread_blocked, id=1599912, stack(0x0000010e22700000,0x0000010e22800000)]
  0x000002eef5a85800 JavaThread "Timer-114506" [_thread_blocked, id=1599908, stack(0x0000010e22600000,0x0000010e22700000)]
  0x000002eef5a7e000 JavaThread "Timer-114505" [_thread_blocked, id=1599904, stack(0x0000010e22500000,0x0000010e22600000)]
  0x000002eef5a84800 JavaThread "Timer-114504" [_thread_blocked, id=1599900, stack(0x0000010e22400000,0x0000010e22500000)]
  0x000002eef5a84000 JavaThread "Timer-114503" [_thread_blocked, id=1599896, stack(0x0000010e22300000,0x0000010e22400000)]
  0x000002eef5a80000 JavaThread "Timer-114502" [_thread_blocked, id=1599892, stack(0x0000010e22200000,0x0000010e22300000)]
  0x000002eef5a83000 JavaThread "Timer-114501" [_thread_blocked, id=1599888, stack(0x0000010e22100000,0x0000010e22200000)]
  0x000002eef5a81800 JavaThread "Timer-114500" [_thread_blocked, id=1599884, stack(0x0000010e22000000,0x0000010e22100000)]
  0x000002eef5ef4000 JavaThread "Timer-114499" [_thread_blocked, id=1599880, stack(0x0000010e21f00000,0x0000010e22000000)]
  0x000002eef5ee8800 JavaThread "Timer-114498" [_thread_blocked, id=1599876, stack(0x0000010e21e00000,0x0000010e21f00000)]
  0x000002eef5eee800 JavaThread "Timer-114497" [_thread_blocked, id=1599872, stack(0x0000010e21d00000,0x0000010e21e00000)]
  0x000002eef5eef800 JavaThread "Timer-114496" [_thread_blocked, id=1599868, stack(0x0000010e21c00000,0x0000010e21d00000)]
  0x000002eef5eee000 JavaThread "Timer-114495" [_thread_blocked, id=1599864, stack(0x0000010e21b00000,0x0000010e21c00000)]
  0x000002eef5eed000 JavaThread "Timer-114494" [_thread_blocked, id=1599860, stack(0x0000010e21a00000,0x0000010e21b00000)]
  0x000002eef5eec800 JavaThread "Timer-114493" [_thread_blocked, id=1599856, stack(0x0000010e21900000,0x0000010e21a00000)]
  0x000002eef5ee5000 JavaThread "Timer-114492" [_thread_blocked, id=1599852, stack(0x0000010e21800000,0x0000010e21900000)]
  0x000002eef5ee8000 JavaThread "Timer-114491" [_thread_blocked, id=1599848, stack(0x0000010e21700000,0x0000010e21800000)]
  0x000002eef5eeb800 JavaThread "Timer-114490" [_thread_blocked, id=1599844, stack(0x0000010e21600000,0x0000010e21700000)]
  0x000002eef5ee5800 JavaThread "Timer-114489" [_thread_blocked, id=1599840, stack(0x0000010e21500000,0x0000010e21600000)]
  0x000002eef5ee9800 JavaThread "Timer-114488" [_thread_blocked, id=1599836, stack(0x0000010e21400000,0x0000010e21500000)]
  0x000002eef5ee6800 JavaThread "Timer-114487" [_thread_blocked, id=1599832, stack(0x0000010e21300000,0x0000010e21400000)]
  0x000002eef5eeb000 JavaThread "Timer-114486" [_thread_blocked, id=1599828, stack(0x0000010e21200000,0x0000010e21300000)]
  0x000002eef5eea000 JavaThread "Timer-114485" [_thread_blocked, id=1599824, stack(0x0000010e21100000,0x0000010e21200000)]
  0x000002eef5ee1000 JavaThread "Timer-114484" [_thread_blocked, id=1599820, stack(0x0000010e21000000,0x0000010e21100000)]
  0x000002eef5ee2000 JavaThread "Timer-114483" [_thread_blocked, id=1599816, stack(0x0000010e20f00000,0x0000010e21000000)]
  0x000002eef5ee0800 JavaThread "Timer-114482" [_thread_blocked, id=1599812, stack(0x0000010e20e00000,0x0000010e20f00000)]
  0x000002eef5ee7000 JavaThread "Timer-114481" [_thread_blocked, id=1599804, stack(0x0000010e20d00000,0x0000010e20e00000)]
  0x000002eef5ee4000 JavaThread "Timer-114480" [_thread_blocked, id=1599800, stack(0x0000010e20c00000,0x0000010e20d00000)]
  0x000002eef5ee3800 JavaThread "Timer-114479" [_thread_blocked, id=1599796, stack(0x0000010e20b00000,0x0000010e20c00000)]
  0x000002eef5ee2800 JavaThread "Timer-114478" [_thread_blocked, id=1599792, stack(0x0000010e20a00000,0x0000010e20b00000)]
  0x000002eef534d800 JavaThread "Timer-114477" [_thread_blocked, id=1599788, stack(0x0000010e20900000,0x0000010e20a00000)]
  0x000002eef534c000 JavaThread "Timer-114476" [_thread_blocked, id=1599776, stack(0x0000010e20800000,0x0000010e20900000)]
  0x000002eef534c800 JavaThread "Timer-114475" [_thread_blocked, id=1599772, stack(0x0000010e20700000,0x0000010e20800000)]
  0x000002eef534a800 JavaThread "Timer-114474" [_thread_blocked, id=1599768, stack(0x0000010e20600000,0x0000010e20700000)]
  0x000002eef5a82800 JavaThread "Timer-114473" [_thread_blocked, id=1599764, stack(0x0000010e20500000,0x0000010e20600000)]
  0x000002eef5a81000 JavaThread "Timer-114472" [_thread_blocked, id=1599760, stack(0x0000010e20400000,0x0000010e20500000)]
  0x000002eef5a76800 JavaThread "Timer-114471" [_thread_blocked, id=1599756, stack(0x0000010e20300000,0x0000010e20400000)]
  0x000002eef5a7d000 JavaThread "Timer-114470" [_thread_blocked, id=1599752, stack(0x0000010e20200000,0x0000010e20300000)]
  0x000002eef5419800 JavaThread "Timer-114469" [_thread_blocked, id=1599748, stack(0x0000010e20100000,0x0000010e20200000)]
  0x000002eef5412000 JavaThread "Timer-114468" [_thread_blocked, id=1599744, stack(0x0000010e20000000,0x0000010e20100000)]
  0x000002eef5418800 JavaThread "Timer-114467" [_thread_blocked, id=1599740, stack(0x0000010e1ff00000,0x0000010e20000000)]
  0x000002eef5417000 JavaThread "Timer-114466" [_thread_blocked, id=1599736, stack(0x0000010e1fe00000,0x0000010e1ff00000)]
  0x000002eef5a7c800 JavaThread "Timer-114465" [_thread_blocked, id=1599732, stack(0x0000010e1fd00000,0x0000010e1fe00000)]
  0x000002eef5a7b800 JavaThread "Timer-114464" [_thread_blocked, id=1599728, stack(0x0000010e1fc00000,0x0000010e1fd00000)]
  0x000002eef5a74000 JavaThread "Timer-114463" [_thread_blocked, id=1599724, stack(0x0000010e1fb00000,0x0000010e1fc00000)]
  0x000002eef5a7a000 JavaThread "Timer-114462" [_thread_blocked, id=1599720, stack(0x0000010e1fa00000,0x0000010e1fb00000)]
  0x000002eef5a75800 JavaThread "Timer-114461" [_thread_blocked, id=1599716, stack(0x0000010e1f900000,0x0000010e1fa00000)]
  0x000002eef5a78800 JavaThread "Timer-114460" [_thread_blocked, id=1599712, stack(0x0000010e1f800000,0x0000010e1f900000)]
  0x000002eef5a79800 JavaThread "Timer-114459" [_thread_blocked, id=1599708, stack(0x0000010e1f700000,0x0000010e1f800000)]
  0x000002eef5a75000 JavaThread "Timer-114458" [_thread_blocked, id=1599704, stack(0x0000010e1f600000,0x0000010e1f700000)]
  0x000002eef5a78000 JavaThread "Timer-114457" [_thread_blocked, id=1599700, stack(0x0000010e1f500000,0x0000010e1f600000)]
  0x000002eef5a77000 JavaThread "Timer-114456" [_thread_blocked, id=1599696, stack(0x0000010e1f400000,0x0000010e1f500000)]
  0x000002eef5a7b000 JavaThread "Timer-114455" [_thread_blocked, id=1599692, stack(0x0000010e1f300000,0x0000010e1f400000)]
  0x000002eef5a6c800 JavaThread "Timer-114454" [_thread_blocked, id=1599688, stack(0x0000010e1f200000,0x0000010e1f300000)]
  0x000002eef534b000 JavaThread "Timer-114453" [_thread_blocked, id=1599684, stack(0x0000010e1f100000,0x0000010e1f200000)]
  0x000002eef5349800 JavaThread "Timer-114452" [_thread_blocked, id=1599680, stack(0x0000010e1f000000,0x0000010e1f100000)]
  0x000002eef5342000 JavaThread "Timer-114451" [_thread_blocked, id=1599676, stack(0x0000010e1ef00000,0x0000010e1f000000)]
  0x000002eef5349000 JavaThread "Timer-114450" [_thread_blocked, id=1599672, stack(0x0000010e1ee00000,0x0000010e1ef00000)]
  0x000002eef5348000 JavaThread "Timer-114449" [_thread_blocked, id=1599668, stack(0x0000010e1ed00000,0x0000010e1ee00000)]
  0x000002eef5340800 JavaThread "Timer-114448" [_thread_blocked, id=1599664, stack(0x0000010e1ec00000,0x0000010e1ed00000)]
  0x000002eef5347800 JavaThread "Timer-114447" [_thread_blocked, id=1599660, stack(0x0000010e1eb00000,0x0000010e1ec00000)]
  0x000002eef5346800 JavaThread "Timer-114446" [_thread_blocked, id=1599656, stack(0x0000010e1ea00000,0x0000010e1eb00000)]
  0x000002eef5343800 JavaThread "Timer-114445" [_thread_blocked, id=1599652, stack(0x0000010e1e900000,0x0000010e1ea00000)]
  0x000002eef5342800 JavaThread "Timer-114444" [_thread_blocked, id=1599648, stack(0x0000010e1e800000,0x0000010e1e900000)]
  0x000002eef5344800 JavaThread "Timer-114443" [_thread_blocked, id=1599644, stack(0x0000010e1e700000,0x0000010e1e800000)]
  0x000002eef5346000 JavaThread "Timer-114442" [_thread_blocked, id=1599640, stack(0x0000010e1e600000,0x0000010e1e700000)]
  0x000002eef5416800 JavaThread "Timer-114441" [_thread_blocked, id=1599636, stack(0x0000010e1e500000,0x0000010e1e600000)]
  0x000002eef5a72800 JavaThread "Timer-114440" [_thread_blocked, id=1599632, stack(0x0000010e1e400000,0x0000010e1e500000)]
  0x000002eef5a72000 JavaThread "Timer-114439" [_thread_blocked, id=1599628, stack(0x0000010e1e300000,0x0000010e1e400000)]
  0x000002eef5a6f000 JavaThread "Timer-114438" [_thread_blocked, id=1599624, stack(0x0000010e1e200000,0x0000010e1e300000)]
  0x000002eef5a73800 JavaThread "Timer-114437" [_thread_blocked, id=1599620, stack(0x0000010e1e100000,0x0000010e1e200000)]
  0x000002eef5a6a800 JavaThread "Timer-114436" [_thread_blocked, id=1599616, stack(0x0000010e1e000000,0x0000010e1e100000)]
  0x000002eef5a70800 JavaThread "Timer-114435" [_thread_blocked, id=1599612, stack(0x0000010e1df00000,0x0000010e1e000000)]
  0x000002eef5a6c000 JavaThread "Timer-114434" [_thread_blocked, id=1599608, stack(0x0000010e1de00000,0x0000010e1df00000)]
  0x000002eef5a71000 JavaThread "Timer-114433" [_thread_blocked, id=1599604, stack(0x0000010e1dd00000,0x0000010e1de00000)]
  0x000002eef5a6f800 JavaThread "Timer-114432" [_thread_blocked, id=1599600, stack(0x0000010e1dc00000,0x0000010e1dd00000)]
  0x000002eef5a69000 JavaThread "Timer-114431" [_thread_blocked, id=1599596, stack(0x0000010e1db00000,0x0000010e1dc00000)]
  0x000002eef5a6b000 JavaThread "Timer-114430" [_thread_blocked, id=1599592, stack(0x0000010e1da00000,0x0000010e1db00000)]
  0x000002eef5a6e000 JavaThread "Timer-114429" [_thread_blocked, id=1599588, stack(0x0000010e1d900000,0x0000010e1da00000)]
  0x000002eef5a6d800 JavaThread "Timer-114428" [_thread_blocked, id=1599584, stack(0x0000010e1d800000,0x0000010e1d900000)]
  0x000002eef5a63000 JavaThread "Timer-114427" [_thread_blocked, id=1599580, stack(0x0000010e1d700000,0x0000010e1d800000)]
  0x000002eef5d88800 JavaThread "Timer-114426" [_thread_blocked, id=1599576, stack(0x0000010e1d600000,0x0000010e1d700000)]
  0x000002eef5d86800 JavaThread "Timer-114425" [_thread_blocked, id=1599572, stack(0x0000010e1d300000,0x0000010e1d400000)]
  0x000002eef5d85800 JavaThread "Timer-114424" [_thread_blocked, id=1599568, stack(0x0000010e1d200000,0x0000010e1d300000)]
  0x000002eef5d87000 JavaThread "Timer-114423" [_thread_blocked, id=1599564, stack(0x0000010e1d100000,0x0000010e1d200000)]
  0x000002eef5d88000 JavaThread "Timer-114422" [_thread_blocked, id=1599560, stack(0x0000010e1d000000,0x0000010e1d100000)]
  0x000002eef5d7b800 JavaThread "Timer-114421" [_thread_blocked, id=1599556, stack(0x0000010e1cf00000,0x0000010e1d000000)]
  0x000002eef5d82800 JavaThread "Timer-114420" [_thread_blocked, id=1599552, stack(0x0000010e1ce00000,0x0000010e1cf00000)]
  0x000002eef5d7b000 JavaThread "Timer-114419" [_thread_blocked, id=1599548, stack(0x0000010e1cd00000,0x0000010e1ce00000)]
  0x000002eef5d81000 JavaThread "Timer-114418" [_thread_blocked, id=1599544, stack(0x0000010e1cc00000,0x0000010e1cd00000)]
  0x000002eef5a67800 JavaThread "Timer-114417" [_thread_blocked, id=1599540, stack(0x0000010e1cb00000,0x0000010e1cc00000)]
  0x000002eef5a69800 JavaThread "Timer-114416" [_thread_blocked, id=1599536, stack(0x0000010e1ca00000,0x0000010e1cb00000)]
  0x000002eef5d82000 JavaThread "Timer-114415" [_thread_blocked, id=1599528, stack(0x0000010e1c900000,0x0000010e1ca00000)]
  0x000002eef5d80000 JavaThread "Timer-114414" [_thread_blocked, id=1599524, stack(0x0000010e1c800000,0x0000010e1c900000)]
  0x000002eef5d7c800 JavaThread "Timer-114413" [_thread_blocked, id=1599520, stack(0x0000010e1c700000,0x0000010e1c800000)]
  0x000002eef5d7e000 JavaThread "Timer-114412" [_thread_blocked, id=1599516, stack(0x0000010e1c600000,0x0000010e1c700000)]
  0x000002eef5d7d000 JavaThread "Timer-114411" [_thread_blocked, id=1599512, stack(0x0000010e1c500000,0x0000010e1c600000)]
  0x000002eef5d7e800 JavaThread "Timer-114410" [_thread_blocked, id=1599508, stack(0x0000010e1c400000,0x0000010e1c500000)]
  0x000002eef5d7f800 JavaThread "Timer-114409" [_thread_blocked, id=1599504, stack(0x0000010e1c300000,0x0000010e1c400000)]
  0x000002eef5d73800 JavaThread "Timer-114408" [_thread_blocked, id=1599500, stack(0x0000010e1c200000,0x0000010e1c300000)]
  0x000002eef5d79800 JavaThread "Timer-114407" [_thread_blocked, id=1599496, stack(0x0000010e1c100000,0x0000010e1c200000)]
  0x000002eef5d78800 JavaThread "Timer-114406" [_thread_blocked, id=1599492, stack(0x0000010e1c000000,0x0000010e1c100000)]
  0x000002eef5d78000 JavaThread "Timer-114405" [_thread_blocked, id=10092, stack(0x0000010e1bf00000,0x0000010e1c000000)]
  0x000002eef5d77000 JavaThread "Timer-114404" [_thread_blocked, id=5732, stack(0x0000010e1be00000,0x0000010e1bf00000)]
  0x000002eef5d7a000 JavaThread "Timer-114403" [_thread_blocked, id=21956, stack(0x0000010e1bd00000,0x0000010e1be00000)]
  0x000002eef5d6f800 JavaThread "Timer-114402" [_thread_blocked, id=7600, stack(0x0000010e1bc00000,0x0000010e1bd00000)]
  0x000002eef5d75800 JavaThread "Timer-114401" [_thread_blocked, id=21520, stack(0x0000010e1bb00000,0x0000010e1bc00000)]
  0x000002eef5d71000 JavaThread "Timer-114400" [_thread_blocked, id=1598336, stack(0x0000010e1ba00000,0x0000010e1bb00000)]
  0x000002eef5d76800 JavaThread "Timer-114399" [_thread_blocked, id=15612, stack(0x0000010e1b900000,0x0000010e1ba00000)]
  0x000002eef5d72800 JavaThread "Timer-114398" [_thread_blocked, id=8196, stack(0x0000010e1b800000,0x0000010e1b900000)]
  0x000002eef5d75000 JavaThread "Timer-114397" [_thread_blocked, id=1180, stack(0x0000010e1b700000,0x0000010e1b800000)]
  0x000002eef5d6f000 JavaThread "Timer-114396" [_thread_blocked, id=7544, stack(0x0000010e1b600000,0x0000010e1b700000)]
  0x000002eef5d72000 JavaThread "Timer-114395" [_thread_blocked, id=1598440, stack(0x0000010e1b500000,0x0000010e1b600000)]
  0x000002eef5d74000 JavaThread "Timer-114394" [_thread_blocked, id=317600, stack(0x0000010e1b400000,0x0000010e1b500000)]
  0x000002eef5d6b000 JavaThread "Timer-114393" [_thread_blocked, id=1326896, stack(0x0000010e1b300000,0x0000010e1b400000)]
  0x000002eef5d6c000 JavaThread "Timer-114392" [_thread_blocked, id=1329164, stack(0x0000010e1b200000,0x0000010e1b300000)]
  0x000002eef5d6a800 JavaThread "Timer-114391" [_thread_blocked, id=316836, stack(0x0000010e1b100000,0x0000010e1b200000)]
  0x000002eef5d6e000 JavaThread "Timer-114390" [_thread_blocked, id=320164, stack(0x0000010e1b000000,0x0000010e1b100000)]
  0x000002eef5d70800 JavaThread "Timer-114389" [_thread_blocked, id=1497252, stack(0x0000010e1af00000,0x0000010e1b000000)]
  0x000002eef5d6d800 JavaThread "Timer-114388" [_thread_blocked, id=981372, stack(0x0000010e1ae00000,0x0000010e1af00000)]
  0x000002eef5d66000 JavaThread "Timer-114387" [_thread_blocked, id=315460, stack(0x0000010e1ad00000,0x0000010e1ae00000)]
  0x000002eef5d68000 JavaThread "Timer-114386" [_thread_blocked, id=8416, stack(0x0000010e1ac00000,0x0000010e1ad00000)]
  0x000002eef5d66800 JavaThread "Timer-114385" [_thread_blocked, id=1510636, stack(0x0000010e1ab00000,0x0000010e1ac00000)]
  0x000002eef5d6c800 JavaThread "Timer-114384" [_thread_blocked, id=317316, stack(0x0000010e1aa00000,0x0000010e1ab00000)]
  0x000002eef5d69800 JavaThread "Timer-114383" [_thread_blocked, id=316780, stack(0x0000010e1a900000,0x0000010e1aa00000)]
  0x000002eef5d69000 JavaThread "Timer-114382" [_thread_blocked, id=661316, stack(0x0000010e1a800000,0x0000010e1a900000)]
  0x000002eef5d67800 JavaThread "Timer-114381" [_thread_blocked, id=1562268, stack(0x0000010e1a700000,0x0000010e1a800000)]
  0x000002eef53c1000 JavaThread "Timer-114380" [_thread_blocked, id=1271456, stack(0x0000010e1a600000,0x0000010e1a700000)]
  0x000002eef53c0800 JavaThread "Timer-114379" [_thread_blocked, id=1564508, stack(0x0000010e1a500000,0x0000010e1a600000)]
  0x000002eef53bf800 JavaThread "Timer-114378" [_thread_blocked, id=1597600, stack(0x0000010e1a400000,0x0000010e1a500000)]
  0x000002eef53bf000 JavaThread "Timer-114377" [_thread_blocked, id=1350632, stack(0x0000010e1a300000,0x0000010e1a400000)]
  0x000002eef53be000 JavaThread "Timer-114376" [_thread_blocked, id=1577388, stack(0x0000010e1a200000,0x0000010e1a300000)]
  0x000002eef53bd800 JavaThread "Timer-114375" [_thread_blocked, id=1489948, stack(0x0000010e1a100000,0x0000010e1a200000)]
  0x000002eef53b6000 JavaThread "Timer-114374" [_thread_blocked, id=1441040, stack(0x0000010e1a000000,0x0000010e1a100000)]
  0x000002eef53bc800 JavaThread "Timer-114373" [_thread_blocked, id=1599004, stack(0x0000010e19f00000,0x0000010e1a000000)]
  0x000002eef53bc000 JavaThread "Timer-114372" [_thread_blocked, id=1592216, stack(0x0000010e19e00000,0x0000010e19f00000)]
  0x000002eef53bb000 JavaThread "Timer-114371" [_thread_blocked, id=1598724, stack(0x0000010e19d00000,0x0000010e19e00000)]
  0x000002eef53b3800 JavaThread "Timer-114370" [_thread_blocked, id=316824, stack(0x0000010e19c00000,0x0000010e19d00000)]
  0x000002eef53b8000 JavaThread "Timer-114369" [_thread_blocked, id=320236, stack(0x0000010e19b00000,0x0000010e19c00000)]
  0x000002eef4963800 JavaThread "Timer-114368" [_thread_blocked, id=1453480, stack(0x0000010e19a00000,0x0000010e19b00000)]
  0x000002eef495f000 JavaThread "Timer-114367" [_thread_blocked, id=1495556, stack(0x0000010e19900000,0x0000010e19a00000)]
  0x000002eef5415800 JavaThread "Timer-114366" [_thread_blocked, id=1402336, stack(0x0000010e19800000,0x0000010e19900000)]
  0x000002eef5414000 JavaThread "Timer-114365" [_thread_blocked, id=1343376, stack(0x0000010e19700000,0x0000010e19800000)]
  0x000002eef5411000 JavaThread "Timer-114364" [_thread_blocked, id=1558280, stack(0x0000010e19600000,0x0000010e19700000)]
  0x000002eef5412800 JavaThread "Timer-114363" [_thread_blocked, id=10312, stack(0x0000010e19500000,0x0000010e19600000)]
  0x000002eef5413800 JavaThread "Timer-114362" [_thread_blocked, id=944328, stack(0x0000010e19400000,0x0000010e19500000)]
  0x000002eef5415000 JavaThread "Timer-114361" [_thread_blocked, id=1540300, stack(0x0000010e19300000,0x0000010e19400000)]
  0x000002eef5ccd000 JavaThread "Timer-114360" [_thread_blocked, id=1491592, stack(0x0000010e19200000,0x0000010e19300000)]
  0x000002eef5cc3000 JavaThread "Timer-114359" [_thread_blocked, id=1451124, stack(0x0000010e19100000,0x0000010e19200000)]
  0x000002eef5cc5800 JavaThread "Timer-114358" [_thread_blocked, id=1495112, stack(0x0000010e19000000,0x0000010e19100000)]
  0x000002eef5cca000 JavaThread "Timer-114357" [_thread_blocked, id=1495376, stack(0x0000010e18f00000,0x0000010e19000000)]
  0x000002eef5cc4800 JavaThread "Timer-114356" [_thread_blocked, id=1495432, stack(0x0000010e18e00000,0x0000010e18f00000)]
  0x000002eef5cc4000 JavaThread "Timer-114355" [_thread_blocked, id=1593948, stack(0x0000010e18d00000,0x0000010e18e00000)]
  0x000002eef5cbb800 JavaThread "Timer-114354" [_thread_blocked, id=1594096, stack(0x0000010e18c00000,0x0000010e18d00000)]
  0x000002eef5cc2800 JavaThread "Timer-114353" [_thread_blocked, id=1532236, stack(0x0000010e18b00000,0x0000010e18c00000)]
  0x000002eef5cc1000 JavaThread "Timer-114352" [_thread_blocked, id=1599484, stack(0x0000010e18a00000,0x0000010e18b00000)]
  0x000002eef5cc1800 JavaThread "Timer-114351" [_thread_blocked, id=1599480, stack(0x0000010e18900000,0x0000010e18a00000)]
  0x000002eef5cbb000 JavaThread "Timer-114350" [_thread_blocked, id=1599476, stack(0x0000010e18800000,0x0000010e18900000)]
  0x000002eef5cb9800 JavaThread "Timer-114349" [_thread_blocked, id=1599472, stack(0x0000010e18700000,0x0000010e18800000)]
  0x000002eef5cbe800 JavaThread "Timer-114348" [_thread_blocked, id=1599468, stack(0x0000010e18600000,0x0000010e18700000)]
  0x000002eef5cbe000 JavaThread "Timer-114347" [_thread_blocked, id=1599464, stack(0x0000010e18500000,0x0000010e18600000)]
  0x000002eef5cc0000 JavaThread "Timer-114346" [_thread_blocked, id=1599460, stack(0x0000010e18400000,0x0000010e18500000)]
  0x000002eef5cb8800 JavaThread "Timer-114345" [_thread_blocked, id=1599456, stack(0x0000010e18300000,0x0000010e18400000)]
  0x000002eef5cbf800 JavaThread "Timer-114344" [_thread_blocked, id=1599452, stack(0x0000010e18200000,0x0000010e18300000)]
  0x000002eef4960000 JavaThread "Timer-114343" [_thread_blocked, id=1599444, stack(0x0000010e18100000,0x0000010e18200000)]
  0x000002eef495d800 JavaThread "Timer-114342" [_thread_blocked, id=1599440, stack(0x0000010e18000000,0x0000010e18100000)]
  0x000002eef4960800 JavaThread "Timer-114341" [_thread_blocked, id=1599436, stack(0x0000010e17f00000,0x0000010e18000000)]
  0x000002eef495e800 JavaThread "Timer-114340" [_thread_blocked, id=1599432, stack(0x0000010e17e00000,0x0000010e17f00000)]
  0x000002eef4956000 JavaThread "Timer-114339" [_thread_blocked, id=1599428, stack(0x0000010e17d00000,0x0000010e17e00000)]
  0x000002eef495d000 JavaThread "Timer-114338" [_thread_blocked, id=1599424, stack(0x0000010e17c00000,0x0000010e17d00000)]
  0x000002eef4955800 JavaThread "Timer-114337" [_thread_blocked, id=1599420, stack(0x0000010e17b00000,0x0000010e17c00000)]
  0x000002eef5cb7000 JavaThread "Timer-114336" [_thread_blocked, id=1599416, stack(0x0000010e17a00000,0x0000010e17b00000)]
  0x000002eef5cbc800 JavaThread "Timer-114335" [_thread_blocked, id=1599412, stack(0x0000010e17900000,0x0000010e17a00000)]
  0x000002eef5cb6800 JavaThread "Timer-114334" [_thread_blocked, id=1599408, stack(0x0000010e17800000,0x0000010e17900000)]
  0x000002eef5cbd000 JavaThread "Timer-114333" [_thread_blocked, id=1599404, stack(0x0000010e17700000,0x0000010e17800000)]
  0x000002eef5cb8000 JavaThread "Timer-114332" [_thread_blocked, id=1599396, stack(0x0000010e17600000,0x0000010e17700000)]
  0x000002eef5cba000 JavaThread "Timer-114331" [_thread_blocked, id=1599392, stack(0x0000010e17500000,0x0000010e17600000)]
  0x000002eef5caf000 JavaThread "Timer-114330" [_thread_blocked, id=1599384, stack(0x0000010e17400000,0x0000010e17500000)]
  0x000002eef5cb5000 JavaThread "Timer-114329" [_thread_blocked, id=1599380, stack(0x0000010e17300000,0x0000010e17400000)]
  0x000002eef5cb3800 JavaThread "Timer-114328" [_thread_blocked, id=1599376, stack(0x0000010e17200000,0x0000010e17300000)]
  0x000002eef5cb2800 JavaThread "Timer-114327" [_thread_blocked, id=1599372, stack(0x0000010e17100000,0x0000010e17200000)]
  0x000002eef5cb5800 JavaThread "Timer-114326" [_thread_blocked, id=1599368, stack(0x0000010e17000000,0x0000010e17100000)]
  0x000002eef5cb2000 JavaThread "Timer-114325" [_thread_blocked, id=1599364, stack(0x0000010e16f00000,0x0000010e17000000)]
  0x000002eef5cae000 JavaThread "Timer-114324" [_thread_blocked, id=1599360, stack(0x0000010e16e00000,0x0000010e16f00000)]
  0x000002eef5cb1000 JavaThread "Timer-114323" [_thread_blocked, id=1599348, stack(0x0000010e16d00000,0x0000010e16e00000)]
  0x000002eef5cb4000 JavaThread "Timer-114322" [_thread_blocked, id=1599344, stack(0x0000010e16c00000,0x0000010e16d00000)]
  0x000002eef5cb0800 JavaThread "Timer-114321" [_thread_blocked, id=1599340, stack(0x0000010e16b00000,0x0000010e16c00000)]
  0x000002eef5cad800 JavaThread "Timer-114320" [_thread_blocked, id=1599336, stack(0x0000010e16a00000,0x0000010e16b00000)]
  0x000002eef5caf800 JavaThread "Timer-114319" [_thread_blocked, id=1599332, stack(0x0000010e16900000,0x0000010e16a00000)]
  0x000002eef5ca6000 JavaThread "Timer-114318" [_thread_blocked, id=1599328, stack(0x0000010e16800000,0x0000010e16900000)]
  0x000002eef5cac800 JavaThread "Timer-114317" [_thread_blocked, id=1599324, stack(0x0000010e16700000,0x0000010e16800000)]
  0x000002eef5ca7800 JavaThread "Timer-114316" [_thread_blocked, id=1599316, stack(0x0000010e16600000,0x0000010e16700000)]
  0x000002eef5caa800 JavaThread "Timer-114315" [_thread_blocked, id=1599312, stack(0x0000010e16500000,0x0000010e16600000)]
  0x000002eef5ca6800 JavaThread "Timer-114314" [_thread_blocked, id=1599308, stack(0x0000010e16400000,0x0000010e16500000)]
  0x000002eef5ca9800 JavaThread "Timer-114313" [_thread_blocked, id=1599304, stack(0x0000010e16300000,0x0000010e16400000)]
  0x000002eef5cac000 JavaThread "Timer-114312" [_thread_blocked, id=1599300, stack(0x0000010e16200000,0x0000010e16300000)]
  0x000002eef5ca9000 JavaThread "Timer-114311" [_thread_blocked, id=1599296, stack(0x0000010e16100000,0x0000010e16200000)]
  0x000002eef5ca8000 JavaThread "Timer-114310" [_thread_blocked, id=1599292, stack(0x0000010e16000000,0x0000010e16100000)]
  0x000002eef5cab000 JavaThread "Timer-114309" [_thread_blocked, id=1599288, stack(0x0000010e15f00000,0x0000010e16000000)]
  0x000002eef5817000 JavaThread "Timer-114308" [_thread_blocked, id=1599284, stack(0x0000010e15e00000,0x0000010e15f00000)]
  0x000002eef5816800 JavaThread "Timer-114307" [_thread_blocked, id=1599280, stack(0x0000010e15d00000,0x0000010e15e00000)]
  0x000002eef581c800 JavaThread "Timer-114306" [_thread_blocked, id=1599276, stack(0x0000010e15c00000,0x0000010e15d00000)]
  0x000002eef581b800 JavaThread "Timer-114305" [_thread_blocked, id=1599272, stack(0x0000010e15b00000,0x0000010e15c00000)]
  0x000002eef5819800 JavaThread "Timer-114304" [_thread_blocked, id=1599268, stack(0x0000010e15a00000,0x0000010e15b00000)]
  0x000002eef5818800 JavaThread "Timer-114303" [_thread_blocked, id=1599264, stack(0x0000010e15900000,0x0000010e15a00000)]
  0x000002eef581a000 JavaThread "Timer-114302" [_thread_blocked, id=1599260, stack(0x0000010e15800000,0x0000010e15900000)]
  0x000002eef581b000 JavaThread "Timer-114301" [_thread_blocked, id=1599256, stack(0x0000010e15700000,0x0000010e15800000)]
  0x000002eef5818000 JavaThread "Timer-114300" [_thread_blocked, id=1599252, stack(0x0000010e15600000,0x0000010e15700000)]
  0x000002eef580f000 JavaThread "Timer-114299" [_thread_blocked, id=1599248, stack(0x0000010e15500000,0x0000010e15600000)]
  0x000002eef580f800 JavaThread "Timer-114298" [_thread_blocked, id=1599244, stack(0x0000010e15400000,0x0000010e15500000)]
  0x000002eef5815000 JavaThread "Timer-114297" [_thread_blocked, id=1599240, stack(0x0000010e15300000,0x0000010e15400000)]
  0x000002eef5812800 JavaThread "Timer-114296" [_thread_blocked, id=1599236, stack(0x0000010e15200000,0x0000010e15300000)]
  0x000002eef5815800 JavaThread "Timer-114295" [_thread_blocked, id=1599232, stack(0x0000010e15100000,0x0000010e15200000)]
  0x000002eef5813800 JavaThread "Timer-114294" [_thread_blocked, id=1599228, stack(0x0000010e15000000,0x0000010e15100000)]
  0x000002eef580e000 JavaThread "Timer-114293" [_thread_blocked, id=1599224, stack(0x0000010e14f00000,0x0000010e15000000)]
  0x000002eef5814000 JavaThread "Timer-114292" [_thread_blocked, id=1599220, stack(0x0000010e14e00000,0x0000010e14f00000)]
  0x000002eef580c800 JavaThread "Timer-114291" [_thread_blocked, id=1599216, stack(0x0000010e14d00000,0x0000010e14e00000)]
  0x000002eef5810800 JavaThread "Timer-114290" [_thread_blocked, id=1599212, stack(0x0000010e14c00000,0x0000010e14d00000)]
  0x000002eef580d800 JavaThread "Timer-114289" [_thread_blocked, id=1599208, stack(0x0000010e14b00000,0x0000010e14c00000)]
  0x000002eef5811000 JavaThread "Timer-114288" [_thread_blocked, id=1599204, stack(0x0000010e14a00000,0x0000010e14b00000)]
  0x000002eef5812000 JavaThread "Timer-114287" [_thread_blocked, id=1599200, stack(0x0000010e14900000,0x0000010e14a00000)]
  0x000002eef580b000 JavaThread "Timer-114286" [_thread_blocked, id=1599196, stack(0x0000010e14800000,0x0000010e14900000)]
  0x000002eef5809800 JavaThread "Timer-114285" [_thread_blocked, id=1599192, stack(0x0000010e14700000,0x0000010e14800000)]
  0x000002eef5808000 JavaThread "Timer-114284" [_thread_blocked, id=1599188, stack(0x0000010e14600000,0x0000010e14700000)]
  0x000002eef5341000 JavaThread "Timer-114283" [_thread_blocked, id=1599184, stack(0x0000010e14500000,0x0000010e14600000)]
  0x000002eef5345000 JavaThread "Timer-114282" [_thread_blocked, id=1599180, stack(0x0000010e14400000,0x0000010e14500000)]
  0x000002eef5339000 JavaThread "Timer-114281" [_thread_blocked, id=1599176, stack(0x0000010e14300000,0x0000010e14400000)]
  0x000002eef533f000 JavaThread "Timer-114280" [_thread_blocked, id=1599172, stack(0x0000010e14200000,0x0000010e14300000)]
  0x000002eef533e000 JavaThread "Timer-114279" [_thread_blocked, id=1599168, stack(0x0000010e14100000,0x0000010e14200000)]
  0x000002eef533c000 JavaThread "Timer-114278" [_thread_blocked, id=1599164, stack(0x0000010e14000000,0x0000010e14100000)]
  0x000002eef533f800 JavaThread "Timer-114277" [_thread_blocked, id=1599160, stack(0x0000010e13f00000,0x0000010e14000000)]
  0x000002eef533a800 JavaThread "Timer-114276" [_thread_blocked, id=1599156, stack(0x0000010e13e00000,0x0000010e13f00000)]
  0x000002eef533b000 JavaThread "Timer-114275" [_thread_blocked, id=1599152, stack(0x0000010e13d00000,0x0000010e13e00000)]
  0x000002eef533c800 JavaThread "Timer-114274" [_thread_blocked, id=1599148, stack(0x0000010e13c00000,0x0000010e13d00000)]
  0x000002eef5418000 JavaThread "Timer-114273" [_thread_blocked, id=1599144, stack(0x0000010e13b00000,0x0000010e13c00000)]
  0x000002eef540c800 JavaThread "Timer-114272" [_thread_blocked, id=1599140, stack(0x0000010e13a00000,0x0000010e13b00000)]
  0x000002eef540f000 JavaThread "Timer-114271" [_thread_blocked, id=1599136, stack(0x0000010e13900000,0x0000010e13a00000)]
  0x000002eef5409800 JavaThread "Timer-114270" [_thread_blocked, id=1599132, stack(0x0000010e13800000,0x0000010e13900000)]
  0x000002eef5410800 JavaThread "Timer-114269" [_thread_blocked, id=1599128, stack(0x0000010e13700000,0x0000010e13800000)]
  0x000002eef540b000 JavaThread "Timer-114268" [_thread_blocked, id=1599124, stack(0x0000010e13600000,0x0000010e13700000)]
  0x000002eef540d800 JavaThread "Timer-114267" [_thread_blocked, id=1599120, stack(0x0000010e13500000,0x0000010e13600000)]
  0x000002eef540f800 JavaThread "Timer-114266" [_thread_blocked, id=1599116, stack(0x0000010e13400000,0x0000010e13500000)]
  0x000002eef540a800 JavaThread "Timer-114265" [_thread_blocked, id=1599112, stack(0x0000010e13300000,0x0000010e13400000)]
  0x000002eef540e000 JavaThread "Timer-114264" [_thread_blocked, id=1599108, stack(0x0000010e13200000,0x0000010e13300000)]
  0x000002eef540c000 JavaThread "Timer-114263" [_thread_blocked, id=1599104, stack(0x0000010e13100000,0x0000010e13200000)]
  0x000002eef5408000 JavaThread "Timer-114262" [_thread_blocked, id=1599100, stack(0x0000010e13000000,0x0000010e13100000)]
  0x000002eef5405000 